DSP_project,Soil,Site_Field_ID,PedonID,trt,Label_full,Label,Internal,Internal label,internal Plot,DSP_Pedon,Pedon_Num,DSP_Plot_ID,DSP_Pedon_ID,layer_no,hzdesg,hrzdep_t,hrzdep_b,LayerID,DSP_sample_ID,Sand%,Silt%,Clay%,Texture,Bulk_Density,alt_BD,Water_Content,SOC_pct,TN_pct,KSSL_WSA,ARS_AggStab_MWD,ARS_AggStab_TotalWS,ARS_WS_2-8,ARS_WS_.5-2,ARS_WS_250-250,ARS_WS_53-250,EC,pH,Soil_Respiration,Bglucosidase,Bglucosaminidase,Alkaline Phosphatase,Acid Phosphatase,Phosphodiesterase,Arylsulfatase,POX_C,ACE,WEOC (mg/kg),WEON (mg/kg), KSSL_LabSampleNo,PLFA_ID
KansasState,Keith,S2018KS_Ke - 1,KS-153-SW-101-1-0_5-2018,No-till - diverse rotation,SHM - no-till,SHM,KeCF3 - 101,X,X,S2018KS153101,1,KeCF3,KeCF3 - 1,1,Ap1,0,5,KeCF3 - 101-1,KeCF3 - 1-1,,,,,1.298786803,1.298786803,0.23,1.89,,4,0.339342687,,,,,,,,0.995113817,183.1410914,83.86781345,94.37098511,361.5211518,36.72089609,,530.4245249,5098.742295,,,196935,KS-153-SW-101-1-0_5-2018
KansasState,Keith,S2018KS_Ke - 1,KS-153-SW-101-1-0_5-2018,No-till - diverse rotation,SHM - no-till,SHM,KeCF3 - 101,X,X,S2018KS153101,1,KeCF3,KeCF3 - 1,2,Ap1,5,10,KeCF3 - 101-2,KeCF3 - 1-2,,,,,1.347896905,1.347896905,0.18,1.05,,1.833333333,0.271863927,,,,,,,,0.835345497,42.45556901,24.95279199,27.90919701,190.5578139,18.32827575,,260.5444967,3306.533768,,,196936,KS-153-SW-101-2-5_10-2018
KansasState,Keith,S2018KS_Ke - 1,KS-153-SW-101-1-0_5-2018,No-till - diverse rotation,SHM - no-till,SHM,KeCF3 - 101,X,X,S2018KS153101,1,KeCF3,KeCF3 - 1,3,Ap2,10,23,KeCF3 - 101-3,KeCF3 - 1-3,,,,,1.394038814,1.394038814,0.197619048,0.89,,3.166666667,0.3864885,,,,,,,,0.772198916,36.53035196,26.24792322,84.9517055,163.6690978,51.48724809,,155.7397509,1857.299906,,,196937,KS-153-SW-101-3-10_23-2018
KansasState,Keith,S2018KS_Ke - 1,KS-153-SW-101-1-0_5-2018,No-till - diverse rotation,SHM - no-till,SHM,KeCF3 - 101,X,X,S2018KS153101,1,KeCF3,KeCF3 - 1,4,Bt1,23,40,KeCF3 - 101-4,KeCF3 - 1-4,,,,,1.358523671,1.358523671,0.186761229,0.72,,9,0.357126952,,,,,,,,0.798660064,19.96335953,26.39477037,148.0259716,77.07302779,130.4705425,,121.0734411,1066.632078,,,196938,KS-153-SW-101-4-23_40-2018
KansasState,Keith,S2018KS_Ke - 1,KS-153-SW-101-1-0_5-2018,No-till - diverse rotation,SHM - no-till,SHM,KeCF3 - 101,X,X,S2018KS153101,1,KeCF3,KeCF3 - 1,5,Bt2,40,57,KeCF3 - 101-5,KeCF3 - 1-5,,,,,1.30281053,1.30281053,0.174825175,0.58,,17.16666667,0.442720629,,,,,,,,0.845929059,17.96953464,14.37690971,126.4799054,53.32120638,92.19875987,,85.34827197,985.3843784,,,196939,KS-153-SW-101-5-40_57-2018
KansasState,Keith,S2018KS_Ke - 1,KS-153-SW-101-1-0_5-2018,No-till - diverse rotation,SHM - no-till,SHM,KeCF3 - 101,X,X,S2018KS153101,1,KeCF3,KeCF3 - 1,6,Btk1,57,74,KeCF3 - 101-6,KeCF3 - 1-6,,,,,1.370904369,1.370904369,0.185273159,0.48,,7.5,0.339082894,,,,,,,,0.944392481,12.28485092,4.82685662,74.08759553,38.53914887,64.67837948,,47.60002778,970.3164266,,,196940,KS-153-SW-101-6-57_74-2018
KansasState,Keith,S2018KS_Ke - 1,KS-153-SW-101-1-0_5-2018,No-till - diverse rotation,SHM - no-till,SHM,KeCF3 - 101,X,X,S2018KS153101,1,KeCF3,KeCF3 - 1,7,Btk2,74,100,KeCF3 - 101-7,KeCF3 - 1-7,,,,,1.017617978,1.017617978,0.145785877,0.44,,2.333333333,0.268639594,,,,,,,,1.004166536,10.24552076,3.365504235,67.64759085,33.03933695,57.15805188,,39.40372321,630.6179301,,,196941,KS-153-SW-101-7-74_100-2018
KansasState,Keith,S2018KS_Ke - 1,KS-153-SW-102-1-0_5-2018,No-till - diverse rotation,SHM - no-till,SHM,KeCF3 - 102,X,X,S2018KS153102,2,KeCF3,KeCF3 - 2,1,Ap1,0,5,KeCF3 - 102-1,KeCF3 - 2-1,,,,,0.859426784,0.859426784,0.22,1.65,,7.5,0.289718643,,,,,,,,1.018056112,160.5537485,79.3393106,58.14359576,343.9442947,26.39045584,.,437.8208059,4941.806525,,,196942,KS-153-SW-102-1-0_5-2018
KansasState,Keith,S2018KS_Ke - 1,KS-153-SW-102-1-0_5-2018,No-till - diverse rotation,SHM - no-till,SHM,KeCF3 - 102,X,X,S2018KS153102,2,KeCF3,KeCF3 - 2,2,Ap1,5,10,KeCF3 - 102-2,KeCF3 - 2-2,,,,,1.422439024,1.422439024,0.22,1.01,,3,0.256502747,,,,,,,,0.97639459,55.62581285,30.54198416,33.86268898,211.5965788,6.418323232,.,258.9569196,3096.102026,,,196943,KS-153-SW-102-2-5_10-2018
KansasState,Keith,S2018KS_Ke - 1,KS-153-SW-102-1-0_5-2018,No-till - diverse rotation,SHM - no-till,SHM,KeCF3 - 102,X,X,S2018KS153102,2,KeCF3,KeCF3 - 2,3,Ap2,10,21,KeCF3 - 102-3,KeCF3 - 2-3,,,,,1.393180246,1.393180246,0.186761229,1.07,,1,0.262511744,,,,,,,,0.863097757,20.59136725,22.56671628,124.5536258,182.2372286,41.01680988,.,239.9933215,1723.183396,,,196944,KS-153-SW-102-3-10_21-2018
KansasState,Keith,S2018KS_Ke - 1,KS-153-SW-102-1-0_5-2018,No-till - diverse rotation,SHM - no-till,SHM,KeCF3 - 102,X,X,S2018KS153102,2,KeCF3,KeCF3 - 2,4,Bt1,21,36,KeCF3 - 102-4,KeCF3 - 2-4,,,,,1.199981955,1.199981955,0.182033097,0.67,,3.666666667,0.391226315,,,,,,,,0.829297746,14.88197802,18.46215057,140.1006918,106.6448883,122.8167869,.,129.7804167,1112.942342,,,196945,KS-153-SW-102-4-21_36-2018
KansasState,Keith,S2018KS_Ke - 1,KS-153-SW-102-1-0_5-2018,No-till - diverse rotation,SHM - no-till,SHM,KeCF3 - 102,X,X,S2018KS153102,2,KeCF3,KeCF3 - 2,5,Bt2,36,52,KeCF3 - 102-5,KeCF3 - 2-5,,,,,1.353542374,1.353542374,0.180522565,0.56,,18.83333333,0.666713585,,,,,,,,1.102202474,19.78434638,13.79510044,134.0015371,69.79800665,90.6124456,.,79.55862375,909.6279222,,,196946,KS-153-SW-102-5-36_52-2018
KansasState,Keith,S2018KS_Ke - 1,KS-153-SW-102-1-0_5-2018,No-till - diverse rotation,SHM - no-till,SHM,KeCF3 - 102,X,X,S2018KS153102,2,KeCF3,KeCF3 - 2,6,Btk1,52,75,KeCF3 - 102-6,KeCF3 - 2-6,,,,,1.244338646,1.244338646,0.183098592,0.57,,5.833333333,0.357842296,,,,,,,,0.946945907,13.1861962,6.593615031,60.74595826,49.79993386,35.92323533,.,69.26770179,746.8992991,,,196947,KS-153-SW-102-6-52_75-2018
KansasState,Keith,S2018KS_Ke - 1,KS-153-SW-102-1-0_5-2018,No-till - diverse rotation,SHM - no-till,SHM,KeCF3 - 102,X,X,S2018KS153102,2,KeCF3,KeCF3 - 2,7,Btk2,75,100,KeCF3 - 102-7,KeCF3 - 2-7,,,,,1.237749962,1.237749962,0.132118451,0.78,,4,0.366805418,,,,,,,,0.863636757,9.518221808,6.412173484,37.99063276,38.97908736,38.52728942,.,54.41209103,612.7242275,,,196948,KS-153-SW-102-7-75_100-2018
KansasState,Keith,S2018KS_Ke - 1,KS-153-SW-103-1-0_5-2018,No-till - diverse rotation,SHM - no-till,SHM,KeCF3 - 103,X,X,S2018KS153103,3,KeCF3,KeCF3 - 3,1,Ap1,0,5,KeCF3 - 103-1,KeCF3 - 3-1,,,,,1.114623921,1.114623921,0.2,1.63,,8,0.418407478,,,,,,,,0.960487463,128.7078761,71.27198985,46.88768364,356.2771414,35.98428385,.,463.4168682,5259.397507,,,196949,KS-153-SW-103-1-0_5-2018
KansasState,Keith,S2018KS_Ke - 1,KS-153-SW-103-1-0_5-2018,No-till - diverse rotation,SHM - no-till,SHM,KeCF3 - 103,X,X,S2018KS153103,3,KeCF3,KeCF3 - 3,2,Ap1,5,10,KeCF3 - 103-2,KeCF3 - 3-2,,,,,1.454009804,1.454009804,0.2,1.01,,2.666666667,0.290493306,,,,,,,,0.793370925,32.15250195,24.34761276,29.21837165,157.5894802,14.40662426,.,254.9408974,3229.097281,,,196950,KS-153-SW-103-2-5_10-2018
KansasState,Keith,S2018KS_Ke - 1,KS-153-SW-103-1-0_5-2018,No-till - diverse rotation,SHM - no-till,SHM,KeCF3 - 103,X,X,S2018KS153103,3,KeCF3,KeCF3 - 3,3,Ap2,10,21,KeCF3 - 103-3,KeCF3 - 3-3,,,,,0.788611771,0.788611771,0.126126126,0.8,,2.833333333,0.301783943,,,,,,,,0.857923462,19.62347878,24.38382891,84.45427769,109.8422912,42.43565538,.,127.1010896,1467.811982,,,196951,KS-153-SW-103-3-10_21-2018
KansasState,Keith,S2018KS_Ke - 1,KS-153-SW-103-1-0_5-2018,No-till - diverse rotation,SHM - no-till,SHM,KeCF3 - 103,X,X,S2018KS153103,3,KeCF3,KeCF3 - 3,4,Bt1,21,37,KeCF3 - 103-4,KeCF3 - 3-4,,,,,1.274615425,1.274615425,0.186761229,0.59,,19.33333333,0.466552693,,,,,,,,0.955544532,18.7356544,19.8454073,141.0852786,80.7396573,92.10845268,.,103.7889725,1126.234542,,,196952,KS-153-SW-103-4-21_37-2018
KansasState,Keith,S2018KS_Ke - 1,KS-153-SW-103-1-0_5-2018,No-till - diverse rotation,SHM - no-till,SHM,KeCF3 - 103,X,X,S2018KS153103,3,KeCF3,KeCF3 - 3,5,Bt2,37,50,KeCF3 - 103-5,KeCF3 - 3-5,,,,,1.268902496,1.268902496,0.169767442,0.54,,14.83333333,0.581816648,,,,,,,,0.947136223,15.63314413,10.48429377,133.3242375,49.82913173,82.30734974,.,94.21517525,1096.242164,,,196953,KS-153-SW-103-5-37_50-2018
KansasState,Keith,S2018KS_Ke - 1,KS-153-SW-103-1-0_5-2018,No-till - diverse rotation,SHM - no-till,SHM,KeCF3 - 103,X,X,S2018KS153103,3,KeCF3,KeCF3 - 3,6,Btk1,50,83,KeCF3 - 103-6,KeCF3 - 3-6,,,,,1.281685964,1.281685964,0.194774347,0.72,,6.333333333,0.376424955,,,,,,,,0.915478187,7.189494895,6.242991537,74.19698038,42.35456771,56.14438802,.,62.68097397,847.6921326,,,196954,KS-153-SW-103-6-50_83-20118
KansasState,Keith,S2018KS_Ke - 1,KS-153-SW-103-1-0_5-2018,No-till - diverse rotation,SHM - no-till,SHM,KeCF3 - 103,X,X,S2018KS153103,3,KeCF3,KeCF3 - 3,7,Btk2,83,100,KeCF3 - 103-7,KeCF3 - 3-7,,,,,NA,NA,0.13258427,0.61,,4.333333333,0.277990621,,,,,,,,0.926355004,5.876711338,4.612546601,65.99247157,24.53035292,34.87008755,.,47.38218418,568.7883796,,,196955,KS-153-SW-103-7-83_100-2018
KansasState,Keith,S2018KS_Ke - 1,KS-153-SW-104-1-0_5-2018,Till converting to no-till,BAU,BAU,KeC3 - 104,X,X,S2018KS153104,1,KeC3,KeC3 - 1,1,Ap1,0,5,KeC3 - 104-1,KeC3 - 1-1,,,,,1.3557896,1.3557896,0.2,3.79,,4.833333333,0.307503796,,,,,,,,1.471433049,157.6381994,92.93264955,483.968254,1087.450651,26.38337845,.,828.1734547,6518.869454,,,196956,KS-153-SW-104-1-0_5-2018
KansasState,Keith,S2018KS_Ke - 1,KS-153-SW-104-1-0_5-2018,Till converting to no-till,BAU,BAU,KeC3 - 104,X,X,S2018KS153104,1,KeC3,KeC3 - 1,2,Ap1,5,10,KeC3 - 104-2,KeC3 - 1-2,,,,,1.3557896,1.3557896,0.21,3.73,,3.833333333,0.305644865,,,,,,,,0.909115008,86.58806373,41.49892835,61.68391701,222.0269757,30.81331612,.,254.00174,2072.477653,,,196957,KS-153-SW-104-2-5_10-2018
KansasState,Keith,S2018KS_Ke - 1,KS-153-SW-104-1-0_5-2018,Till converting to no-till,BAU,BAU,KeC3 - 104,X,X,S2018KS153104,1,KeC3,KeC3 - 1,3,Ap2,10,23,KeC3 - 104-3,KeC3 - 1-3,,,,,1.319496695,1.319496695,0.27735369,0.96,,15.33333333,0.598306127,,,,,,,,0.872604737,32.84279485,29.794258,147.3500882,103.9973897,67.37462855,.,185.1148128,1398.252466,,,196958,KS-153-SW-104-3-10_23-2018
KansasState,Keith,S2018KS_Ke - 1,KS-153-SW-104-1-0_5-2018,Till converting to no-till,BAU,BAU,KeC3 - 104,X,X,S2018KS153104,1,KeC3,KeC3 - 1,4,Bt,23,39,KeC3 - 104-4,KeC3 - 1-4,,,,,1.267764127,1.267764127,0.182464455,0.72,,8.166666667,0.494713451,,,,,,,,1.052500315,14.15172677,12.19653278,85.85430753,51.10644258,93.22666896,.,135.4659818,916.9411692,,,196959,KS-153-SW-104-4-23_39-2018
KansasState,Keith,S2018KS_Ke - 1,KS-153-SW-104-1-0_5-2018,Till converting to no-till,BAU,BAU,KeC3 - 104,X,X,S2018KS153104,1,KeC3,KeC3 - 1,5,Btk,39,57,KeC3 - 104-5,KeC3 - 1-5,,,,,1.21216204,1.21216204,0.108888889,0.52,,6.833333333,0.458498439,,,,,,,,1.020264799,15.81395693,4.739755342,48.89122845,24.39809104,34.78505169,.,90.96712665,863.1358592,,,196960,KS-153-SW-104-5-39_57-2018
KansasState,Keith,S2018KS_Ke - 1,KS-153-SW-104-1-0_5-2018,Till converting to no-till,BAU,BAU,KeC3 - 104,X,X,S2018KS153104,1,KeC3,KeC3 - 1,6,Bk1,57,77,KeC3 - 104-6,KeC3 - 1-6,,,,,1.325972752,1.325972752,0.079913607,0.62,,7.333333333,0.728521362,,,,,,,,1.005676056,4.659157641,2.866996872,28.54662698,37.57979641,34.49657159,.,80.35707786,661.3559047,,,196961,KS-153-SW-104-6-57_77-2018
KansasState,Keith,S2018KS_Ke - 1,KS-153-SW-104-1-0_5-2018,Till converting to no-till,BAU,BAU,KeC3 - 104,X,X,S2018KS153104,1,KeC3,KeC3 - 1,7,Bk2,77,100,KeC3 - 104-7,KeC3 - 1-7,,,,,1.268741182,1.268741182,0.074946467,0.49,,11.16666667,0.422605123,,,,,,,,0.951573543,7.037148782,1.703223254,43.18165132,29.76582513,6.027956492,.,79.510069,542.0483622,,,196962,KS-153-SW-104-7-77_100-2018R
KansasState,Keith,S2018KS_Ke - 1,KS-153-SW-105-1-0_5-2018,Till converting to no-till,BAU,BAU,KeC3 - 105,X,X,S2018KS153105,2,KeC3,KeC3 - 2,1,Ap1,0,5,KeC3 - 105-1,KeC3 - 2-1,,,,,1.316326125,1.316326125,0.18,1.22,,4.166666667,0.2926964,,,,,,,,1.050406868,146.3145789,94.78466704,64.33891189,267.0293886,26.72368382,.,277.5474589,2788.854055,,,196963,KS-153-SW-105-1-0_5-2018
KansasState,Keith,S2018KS_Ke - 1,KS-153-SW-105-1-0_5-2018,Till converting to no-till,BAU,BAU,KeC3 - 105,X,X,S2018KS153105,2,KeC3,KeC3 - 2,2,Ap1,5,10,KeC3 - 105-2,KeC3 - 2-2,,,,,1.332111515,1.332111515,0.18,0.96,,3.333333333,0.297998662,,,,,,,,1.009037661,82.87903168,49.2379457,89.05932031,282.662037,19.40846008,.,276.3173384,2232.66495,,,196964,KS-153-SW-105-2-5_10-2018
KansasState,Keith,S2018KS_Ke - 1,KS-153-SW-105-1-0_5-2018,Till converting to no-till,BAU,BAU,KeC3 - 105,X,X,S2018KS153105,2,KeC3,KeC3 - 2,3,Ap2,10,15,KeC3 - 105-3,KeC3 - 2-3,,,,,1.282124447,1.282124447,0.180522565,0.78,,2.333333333,0.278104081,,,,,,,,0.863514908,34.54868336,30.06022412,137.0242764,177.6715225,63.07809991,.,188.8867155,1304.265997,,,196965,KS-153-SW-105-3-10_15-2018
KansasState,Keith,S2018KS_Ke - 1,KS-153-SW-105-1-0_5-2018,Till converting to no-till,BAU,BAU,KeC3 - 105,X,X,S2018KS153105,2,KeC3,KeC3 - 2,4,Bt1,15,26,KeC3 - 105-4,KeC3 - 2-4,,,,,1.477289268,1.477289268,0.204379562,0.68,,3.333333333,0.353624707,,,,,,,,0.854245523,29.55690448,17.84450183,124.0173014,94.62837333,117.9349088,.,136.5855923,1033.831436,,,196966,KS-153-SW-105-4-15_26-2018
KansasState,Keith,S2018KS_Ke - 1,KS-153-SW-105-1-0_5-2018,Till converting to no-till,BAU,BAU,KeC3 - 105,X,X,S2018KS153105,2,KeC3,KeC3 - 2,5,Bt2,26,35,KeC3 - 105-5,KeC3 - 2-5,,,,,1.372451956,1.372451956,0.169767442,0.87,,15.16666667,0.514089968,,,,,,,,1.065662376,25.62578404,12.02704778,125.6835009,77.5241148,108.4158444,.,158.895788,874.6806081,,,196967,KS-153-SW-105-5-26_35-2018
KansasState,Keith,S2018KS_Ke - 1,KS-153-SW-105-1-0_5-2018,Till converting to no-till,BAU,BAU,KeC3 - 105,X,X,S2018KS153105,2,KeC3,KeC3 - 2,6,Btk1,35,55,KeC3 - 105-6,KeC3 - 2-6,,,,,1.27401251,1.27401251,0.084415584,0.8,,8.166666667,0.386215574,,,,,,,,1.030262758,14.12402587,5.580381832,66.29173208,63.32894942,53.72054053,.,140.353864,918.8265868,,,196968,KS-153-SW-105-6-35_55-2018
KansasState,Keith,S2018KS_Ke - 1,KS-153-SW-105-1-0_5-2018,Till converting to no-till,BAU,BAU,KeC3 - 105,X,X,S2018KS153105,2,KeC3,KeC3 - 2,7,Btk2,55,86,KeC3 - 105-7,KeC3 - 2-7,,,,,1.313044574,1.313044574,0.070212766,0.45,,3.5,0.261490644,,,,,,,,0.978541091,6.400410245,4.664214567,28.27289353,93.21170635,28.98246009,.,94.8319799,703.8871149,,,196969,KS-153-SW-105-7-55_86-2018
KansasState,Keith,S2018KS_Ke - 1,KS-153-SW-105-1-0_5-2018,Till converting to no-till,BAU,BAU,KeC3 - 105,X,X,S2018KS153105,2,KeC3,KeC3 - 2,8,Bk,86,100,KeC3 - 105-8,KeC3 - 2-8,,,,,1.334554492,1.334554492,0.068376068,0.4,,8.166666667,0.383381731,,,,,,,,0.953996933,5.725139307,2.772838603,2.681270799,43.36105713,11.69189237,.,50.75555898,597.3974625,,,196970,KS-153-SW-105-8-86_100-2018
KansasState,Keith,S2018KS_Ke - 1,KS-153-SW-106-1-0_5-2018,Till converting to no-till,BAU,BAU,KeC3 - 106,X,X,S2018KS153106,3,KeC3,KeC3 - 3,1,Ap1,0,5,KeC3 - 106-1,KeC3 - 3-1,,,,,1.252307599,1.252307599,0.21,1.23,,5.833333333,0.269389469,,,,,,,,1.001461731,151.2082572,94.88018071,73.00508462,251.2685607,43.28463582,.,355.7771108,3167.781283,,,196971,KS-153-SW-106-1-0_5-2018
KansasState,Keith,S2018KS_Ke - 1,KS-153-SW-106-1-0_5-2018,Till converting to no-till,BAU,BAU,KeC3 - 106,X,X,S2018KS153106,3,KeC3,KeC3 - 3,2,Ap1,5,10,KeC3 - 106-2,KeC3 - 3-2,,,,,1.210213226,1.210213226,0.21,1.03,,3.333333333,0.263955939,,,,,,,,0.905567696,93.84788239,51.15994573,69.70855232,240.6402193,28.36683248,.,296.5281648,2692.065224,,,196972,KS-153-SW-106-2-5_10-2018
KansasState,Keith,S2018KS_Ke - 1,KS-153-SW-106-1-0_5-2018,Till converting to no-till,BAU,BAU,KeC3 - 106,X,X,S2018KS153106,3,KeC3,KeC3 - 3,3,Ap2,10,18,KeC3 - 106-3,KeC3 - 3-3,,,,,1.258446362,1.258446362,0.193317422,0.88,,4.666666667,0.36472446,,,,,,,,0.855035132,47.09492543,33.793788,129.4205982,204.9618902,69.83446317,.,222.802963,1613.607597,,,196973,KS-153-SW-106-3-10_18-2018
KansasState,Keith,S2018KS_Ke - 1,KS-153-SW-106-1-0_5-2018,Till converting to no-till,BAU,BAU,KeC3 - 106,X,X,S2018KS153106,3,KeC3,KeC3 - 3,4,Bt1,18,29,KeC3 - 106-4,KeC3 - 3-4,,,,,1.427461648,1.427461648,0.196642686,1.01,,10.33333333,0.408587541,,,,,,,,0.867759697,24.88454487,21.64937215,163.9718818,83.13507027,138.8037421,.,189.6074628,980.5890522,,,196974,KS-153-SW-106-4-18_29-2018
KansasState,Keith,S2018KS_Ke - 1,KS-153-SW-106-1-0_5-2018,Till converting to no-till,BAU,BAU,KeC3 - 106,X,X,S2018KS153106,3,KeC3,KeC3 - 3,5,Bt2,29,41,KeC3 - 106-5,KeC3 - 3-5,,,,,1.348335388,1.348335388,0.140229885,0.89,,13.83333333,0.443213805,,,,,,,,1.072766636,23.81139227,12.46478968,71.13172313,55.09726536,108.606457,.,185.4862454,897.6032635,,,196975,KS-153-SW-106-5-29_41-2018
KansasState,Keith,S2018KS_Ke - 1,KS-153-SW-106-1-0_5-2018,Till converting to no-till,BAU,BAU,KeC3 - 106,X,X,S2018KS153106,3,KeC3,KeC3 - 3,6,Btk1,41,57,KeC3 - 106-6,KeC3 - 3-6,,,,,1.303390875,1.303390875,0.089519651,0.59,,9.166666667,0.431500267,,,,,,,,1.028056277,12.91823779,6.539921505,56.53358041,44.9608911,35.43945445,.,108.2541898,780.0120151,,,196976,KS-153-SW-106-6-41_57-2018
KansasState,Keith,S2018KS_Ke - 1,KS-153-SW-106-1-0_5-2018,Till converting to no-till,BAU,BAU,KeC3 - 106,X,X,S2018KS153106,3,KeC3,KeC3 - 3,7,Btk2,57,76,KeC3 - 106-7,KeC3 - 3-7,,,,,1.313141353,1.313141353,0.093275488,0.36,,6.666666667,0.519450678,,,,,,,,0.983808949,9.707956896,1.815322189,33.55386546,15.04941599,23.70512595,.,82.96796981,679.277582,,,196977,KS-153-SW-106-7-57_76-2018
KansasState,Keith,S2018KS_Ke - 1,KS-153-SW-106-1-0_5-2018,Till converting to no-till,BAU,BAU,KeC3 - 106,X,X,S2018KS153106,3,KeC3,KeC3 - 3,8,Bk,76,100,KeC3-106-8,KeC3 - 3-8,,,,,1.225194731,1.225194731,0.079229122,0.41,,7.833333333,0.461198435,,,,,,,,0.967523982,4.888814921,0.616614149,21.75218355,31.96133502,15.3180731,.,64.8566615,645.395721,,,196978,KS-153-SW-106-8-76_100-2018-REDO
KansasState,Keith,S2018KS_Ke - 1,KS-153-SW-107-1-0_5-2018,Native Rangeland (>80years),Ref - Native,Ref,KeN3 - 107,X,X,S2018KS153107,1,KeN3,KeN3 - 1,1,A1,0,5,KeN3 - 107-2,KeN3 - 1-2,,,,,1.056744158,1.056744158,0.26,1.35,,68,1.612341658,,,,,,,,1.116454645,372.7618853,198.9023364,407.4875823,217.2604016,136.3001675,.,340.7884063,6423.777877,,,196979,KS-153-SW-107-1-0_5-2018
KansasState,Keith,S2018KS_Ke - 1,KS-153-SW-107-1-0_5-2018,Native Rangeland (>80years),Ref - Native,Ref,KeN3 - 107,X,X,S2018KS153107,1,KeN3,KeN3 - 1,2,A1,5,10,KeN3 - 107-2,KeN3 - 1-2,,,,,1.420685092,1.420685092,0.18,3.01,,70.5,2.028060669,,,,,,,,1.483208904,96.06855166,111.348686,430.9240607,318.0944672,84.07039145,.,755.3441247,6595.633501,,,196980,KS-153-SW-107-2-5_10-2018
KansasState,Keith,S2018KS_Ke - 1,KS-153-SW-107-1-0_5-2018,Native Rangeland (>80years),Ref - Native,Ref,KeN3 - 107,X,X,S2018KS153107,1,KeN3,KeN3 - 1,3,A2,10,25,KeN3 - 107-3,KeN3 - 1-3,,,,,1.254736121,1.254736121,0.17370892,1.04,,41.16666667,1.060001223,,,,,,,,0.920163325,42.29639845,50.20038177,151.8109041,207.4382716,101.3801917,.,203.5890834,1527.494018,,,196981,KS-153-SW-107-3-10_23-2018
KansasState,Keith,S2018KS_Ke - 1,KS-153-SW-107-1-0_5-2018,Native Rangeland (>80years),Ref - Native,Ref,KeN3 - 107,X,X,S2018KS153107,1,KeN3,KeN3 - 1,4,Bt1,25,43,KeN3 - 107-4,KeN3 - 1-4,,,,,1.301668263,1.301668263,0.117777778,0.74,,21.16666667,0.599019225,,,,,,,,0.847463569,18.9967116,22.91582687,156.2497221,121.9378776,134.1659201,.,153.9534734,1162.936815,,,196982,KS-153-SW-107-4-23_44-2018
KansasState,Keith,S2018KS_Ke - 1,KS-153-SW-107-1-0_5-2018,Native Rangeland (>80years),Ref - Native,Ref,KeN3 - 107,X,X,S2018KS153107,1,KeN3,KeN3 - 1,5,Bt2,43,57,KeN3 - 107-5,KeN3 - 1-5,,,,,1.35582614,1.35582614,0.075593952,0.59,,15.66666667,0.498302171,,,,,,,,0.847929625,17.88363358,12.39310188,89.35164835,45.59611024,75.62746296,.,114.4786293,978.5156264,,,196983,KS-153-SW-107-5-44_68-2018
KansasState,Keith,S2018KS_Ke - 1,KS-153-SW-107-1-0_5-2018,Native Rangeland (>80years),Ref - Native,Ref,KeN3 - 107,X,X,S2018KS153107,1,KeN3,KeN3 - 1,6,Bk1,57,83,KeN3 - 107-6,KeN3 - 1-6,,,,,1.164903311,1.164903311,0.075107296,0.73,,9.833333333,0.378015459,,,,,,,,1.008516033,10.4326747,6.321350261,33.03511576,46.20846729,34.79834578,.,108.6906986,939.6905534,,,196984,KS-153-SW-107-6-68_80-2018
KansasState,Keith,S2018KS_Ke - 1,KS-153-SW-107-1-0_5-2018,Native Rangeland (>80years),Ref - Native,Ref,KeN3 - 107,X,X,S2018KS153107,1,KeN3,KeN3 - 1,7,Bk2,83,100,KeN3 - 107-7,KeN3 - 1-7,,,,,1.348993112,1.348993112,0.086956522,0.82,,6,0.369714909,,,,,,,,0.99094587,10.67635757,3.899329094,31.36507937,47.08592508,33.48804462,.,114.8989293,920.0610306,,,196985,KS-153-SW-107-7-80_100-2018
KansasState,Keith,S2018KS_Ke - 1,KS-153-SW-107-1-0_5-2018,Native Rangeland (>80years),Ref - Native,Ref,KeN3 - 107,X,X,S2018KS153108,2,KeN3,KeN3 - 2,1,A1,0,5,KeN3 - 108-1,KeN3 - 2-1,,,,,0.686664461,0.686664461,0.26,2.91,,75.83333333,2.124210026,,,,,,,,1.638794126,366.3830187,241.6724775,426.2003686,314.6632496,164.0245554,.,646.5499446,6214.649214,,,196986,KS-153-SW-108-1-0_5-2018
KansasState,Keith,S2018KS_Ke - 1,KS-153-SW-108-1-0_5-2018,Native Rangeland (>80years),Ref - Native,Ref,KeN3 - 108,X,X,S2018KS153108,2,KeN3,KeN3 - 2,2,A1,5,10,KeN3 - 108-2,KeN3 - 2-2,,,,,1.275985684,1.275985684,0.21,1.29,,70.5,2.47653541,,,,,,,,1.497324314,97.52335949,99.76033877,139.6402868,264.8286475,56.9957571,.,353.096475,2228.380139,,,196987,KS-153-SW-108-2-5_10-2018
KansasState,Keith,S2018KS_Ke - 1,KS-153-SW-108-1-0_5-2018,Native Rangeland (>80years),Ref - Native,Ref,KeN3 - 108,X,X,S2018KS153108,2,KeN3,KeN3 - 2,3,A2,10,25,KeN3 - 108-3,KeN3 - 2-3,,,,,1.297909837,1.297909837,0.185273159,1.06,,36,1.05970176,,,,,,,,0.962275441,49.7716698,60.97654074,161.9880556,259.389234,101.2704285,.,232.1893612,1396.868939,,,196988,KS-153-SW-108-3-10_28-2018
KansasState,Keith,S2018KS_Ke - 1,KS-153-SW-108-1-0_5-2018,Native Rangeland (>80years),Ref - Native,Ref,KeN3 - 108,X,X,S2018KS153108,2,KeN3,KeN3 - 2,4,Bt1,25,45,KeN3 - 108-4,KeN3 - 2-4,,,,,1.330169661,1.330169661,0.125279642,0.67,,29.5,0.76597905,,,,,,,,0.825477805,23.1997772,23.3774639,145.3962749,108.9936067,111.5380911,.,176.5478985,980.748882,,,196989,KS-153-SW-108-4-28_42-2018
KansasState,Keith,S2018KS_Ke - 1,KS-153-SW-108-1-0_5-2018,Native Rangeland (>80years),Ref - Native,Ref,KeN3 - 108,X,X,S2018KS153108,2,KeN3,KeN3 - 2,5,Bt2,45,71,KeN3 - 108-5,KeN3 - 2-5,,,,,1.348136077,1.348136077,0.08172043,0.58,,12.5,0.647858075,,,,,,,,1.051660755,18.56152928,14.21059661,101.0118723,69.36636537,68.22908708,.,100.7556373,974.3877582,,,196990,KS-153-SW-108-5-42_64-2018
KansasState,Keith,S2018KS_Ke - 1,KS-153-SW-108-1-0_5-2018,Native Rangeland (>80years),Ref - Native,Ref,KeN3 - 108,X,X,S2018KS153108,2,KeN3,KeN3 - 2,6,Btk,71,85,KeN3 - 108-6,KeN3 - 2-6,,,,,1.431647168,1.431647168,0.082608696,0.66,,6.833333333,0.541630069,,,,,,,,0.994569125,11.05512846,4.807711108,54.07732197,61.44197073,47.02986593,.,108.8579971,801.3248632,,,196991,KS-153-SW-108-6-64_86-2018
KansasState,Keith,S2018KS_Ke - 1,KS-153-SW-108-1-0_5-2018,Native Rangeland (>80years),Ref - Native,Ref,KeN3 - 108,X,X,S2018KS153108,2,KeN3,KeN3 - 2,7,Bk,85,100,KeN3 - 108-7,KeN3 - 2-7,,,,,1.33862612,1.33862612,0.092307692,0.91,,3.166666667,0.361732854,,,,,,,,0.972849441,10.35357909,3.626501841,63.16718427,50.93659488,22.60248992,.,128.4758849,786.8073297,,,196992,KS-153-SW-108-7-86_100-2018-REDO
KansasState,Keith,S2018KS_Ke - 1,KS-153-SW-108-1-0_5-2018,Native Rangeland (>80years),Ref - Native,Ref,KeN3 - 108,X,X,S2018KS153109,3,KeN3,KeN3 - 3,1,A1,0,5,KeN3 - 109-1,KeN3 - 3-1,,,,,0.734897597,0.734897597,0.26,2.79,,55.83333333,1.921802554,,,,,,,,1.613865915,343.1200241,231.8743357,368.4981685,429.4177195,130.6056525,.,691.4635615,5130.717316,,,196993,KS-153-SW-109-1-0_5-2018
KansasState,Keith,S2018KS_Ke - 1,KS-153-SW-109-1-0_5-2018,Native Rangeland (>80years),Ref - Native,Ref,KeN3 - 109,X,X,S2018KS153109,3,KeN3,KeN3 - 3,2,A1,5,10,KeN3 - 109-2,KeN3 - 3-2,,,,,1.158472226,1.158472226,0.22,1.35,,70.66666667,1.90477477,,,,,,,,1.219982968,90.67066393,119.006076,140.4093466,247.3350999,38.12295223,.,362.9474192,2338.539093,,,196994,KS-153-SW-109-2-2-5_10-2018
KansasState,Keith,S2018KS_Ke - 1,KS-153-SW-109-1-0_5-2018,Native Rangeland (>80years),Ref - Native,Ref,KeN3 - 109,X,X,S2018KS153109,3,KeN3,KeN3 - 3,3,A2,10,26,KeN3 - 109-3,KeN3 - 3-3,,,,,1.290236383,1.290236383,0.170960187,0.96,,35.66666667,1.034055492,,,,,,,,0.929159725,29.53778771,39.66641461,152.1505774,178.5233439,47.47172217,.,209.1200042,1365.692195,,,196995,KS-153-SW-109-3-10_26-2018
KansasState,Keith,S2018KS_Ke - 1,KS-153-SW-109-1-0_5-2018,Native Rangeland (>80years),Ref - Native,Ref,KeN3 - 109,X,X,S2018KS153109,3,KeN3,KeN3 - 3,4,Bt,26,44,KeN3 - 109-4,KeN3 - 3-4,,,,,1.237691498,1.237691498,0.137299771,0.71,,18.66666667,0.616172735,,,,,,,,0.845594411,25.31145167,26.34555018,138.7761425,56.79095538,97.45457404,.,121.6948418,962.5317987,,,196996,KS-153-SW-109-4-26_41-2018
KansasState,Keith,S2018KS_Ke - 1,KS-153-SW-109-1-0_5-2018,Native Rangeland (>80years),Ref - Native,Ref,KeN3 - 109,X,X,S2018KS153109,3,KeN3,KeN3 - 3,5,Btk,44,65,KeN3 - 109-5,KeN3 - 3-5,,,,,1.301807464,1.301807464,0.089715536,0.74,,22.66666667,0.630179246,,,,,,,,0.907836517,19.81168938,14.55961764,87.13107154,44.50161707,55.78605603,.,136.6379125,1050.942989,,,196997,KS-153-SW-109-5-41_59-2018
KansasState,Keith,S2018KS_Ke - 1,KS-153-SW-109-1-0_5-2018,Native Rangeland (>80years),Ref - Native,Ref,KeN3 - 109,X,X,S2018KS153109,3,KeN3,KeN3 - 3,6,Bk1,65,79,KeN3 - 109-6,KeN3 - 3-6,,,,,1.30271227,1.30271227,0.101545254,0.89,,8.166666667,0.603206484,,,,,,,,1.001470596,15.39529336,4.921386946,53.55928086,36.88719586,40.73346965,.,149.2055318,890.9087509,,,196998,KS-153-SW-109-6-59_80-2018
KansasState,Keith,S2018KS_Ke - 1,KS-153-SW-109-1-0_5-2018,Native Rangeland (>80years),Ref - Native,Ref,KeN3 - 109,X,X,S2018KS153109,3,KeN3,KeN3 - 3,7,Bk2,79,100,KeN3 - 109-7,KeN3 - 3-7,,,,,1.189385281,1.189385281,0.103982301,0.66,,3,0.415009086,,,,,,,,1.032734482,8.999728306,6.15367453,63.82207832,40.02470612,17.00977566,.,97.29762354,663.3102347,,,196999,KS-153-SW-109-7-80_100-2018
KansasState,Keith,S2018KS_Ke - 2,KS-179-SW-104-1-0_5-2018,"No-Till  with cover crop -  corn, oats, or wheat.",SHM - no-till,SHM,KeCF1 - 104,X,X,S2018KS179104,1,KeCF1,KeCF1 - 1,1,Ap,0,5,KeCF1 - 104-1,KeCF1 - 1-1,,,,,1.495227211,1.495227211,0.28,1.92,,10,0.98958544,,,,,,,,1.008940895,93.35614948,85.73990423,23.15384886,350.5526555,39.00611143,9.567300061,502.5348065,8372.095404,,,196826,KS-179-SW-104-1-0_5-2018
KansasState,Keith,S2018KS_Ke - 2,KS-179-SW-104-1-0_5-2018,"No-Till  with cover crop -  corn, oats, or wheat.",SHM - no-till,SHM,KeCF1 - 104,X,X,S2018KS179104,1,KeCF1,KeCF1 - 1,2,Ap,5,10,KeCF1 - 104-2,KeCF1 - 1-2,,,,,1.26107726,1.26107726,0.23,1.09,,1.7,0.464253502,,,,,,,,0.753273745,40.14048144,14.53586301,20.88436862,185.0042255,19.30754624,10.3804472,263.3781049,3952.456051,,,196827,KS-179-SW-104-2-5_10-2018
KansasState,Keith,S2018KS_Ke - 2,KS-179-SW-104-1-0_5-2018,"No-Till  with cover crop -  corn, oats, or wheat.",SHM - no-till,SHM,KeCF1 - 104,X,X,S2018KS179104,1,KeCF1,KeCF1 - 1,3,A,10,18,KeCF1 - 104-3,KeCF1 - 1-3,,,,,1.396568524,1.396568524,0.24,0.93,,1.7,0.472319839,,,,,,,,0.72901167,25.04634709,28.59037108,59.72309711,143.0551565,28.5885574,14.90608272,253.8796731,2429.992258,,,196828,KS-179-SW-104-3-10_18-2018
KansasState,Keith,S2018KS_Ke - 2,KS-179-SW-104-1-0_5-2018,"No-Till  with cover crop -  corn, oats, or wheat.",SHM - no-till,SHM,KeCF1 - 104,X,X,S2018KS179104,1,KeCF1,KeCF1 - 1,4,Bt1,18,27,KeCF1 - 104-4,KeCF1 - 1-4,,,,,1.426531532,1.426531532,0.24,0.62,,1.7,0.45629983,,,,,,,,0.702286869,11.34518232,18.12278661,75.7057296,73.00655602,52.76436769,21.77125473,197.2828859,1362.168808,,,196829,KS-179-SW-104-4-18_27-2018
KansasState,Keith,S2018KS_Ke - 2,KS-179-SW-104-1-0_5-2018,"No-Till  with cover crop -  corn, oats, or wheat.",SHM - no-till,SHM,KeCF1 - 104,X,X,S2018KS179104,1,KeCF1,KeCF1 - 1,5,Bt2,27,37,KeCF1 - 104-5,KeCF1 - 1-5,,,,,1.518466812,1.518466812,0.21,0.58,,10,0.543493733,,,,,,,,0.836509114,21.50412112,14.52952526,98.69782684,48.04699658,72.46644219,28.5447746,162.9854135,1309.640536,,,196830,KS-179-SW-104-5-27_37-2018
KansasState,Keith,S2018KS_Ke - 2,KS-179-SW-104-1-0_5-2018,"No-Till  with cover crop -  corn, oats, or wheat.",SHM - no-till,SHM,KeCF1 - 104,X,X,S2018KS179104,1,KeCF1,KeCF1 - 1,6,Btk,37,59,KeCF1 - 104-6,KeCF1 - 1-6,,,,,1.168358026,1.168358026,0.22,0.72,,8.3,0.614603213,,,,,,,,0.896189297,15.71217175,6.542631243,64.94505282,14.29381276,44.05190231,31.50497256,98.61654084,1042.25876,,,196831,KS-179-SW-104-6-37_59-2018
KansasState,Keith,S2018KS_Ke - 2,KS-179-SW-104-1-0_5-2018,"No-Till  with cover crop -  corn, oats, or wheat.",SHM - no-till,SHM,KeCF1 - 104,X,X,S2018KS179104,1,KeCF1,KeCF1 - 1,7,Bk,59,100,KeCF1 - 104-7,KeCF1 - 1-7,,,,,1.149574228,1.149574228,0.2,0.51,,15,0.592114089,,,,,,,,0.824464808,8.11489379,3.016430382,29.55508221,6.951733074,14.78538757,15.98943112,60.83809338,900.7460461,,,196832,KS-179-SW-104-7-59_100-2018
KansasState,Keith,S2018KS_Ke - 2,KS-179-SW-105-1-0_10-2018,"No-Till  with cover crop -  corn, oats, or wheat.",SHM - no-till,SHM,KeCF1 - 105,X,X,S2018KS179105,2,KeCF1,KeCF1 - 2,1,Ap1,0,5,KeCF1 - 105-1,KeCF1 - 2-1,,,,,1.275108718,1.275108718,0.29,1.79,,15,0.866007042,,,,,,,,1.035179493,46.27142361,43.09834953,33.58508758,230.5231616,28.32211126,6.212161661,352.1231229,7197.889825,,,196833,KS-179-SW-105-1-0_10-2018
KansasState,Keith,S2018KS_Ke - 2,KS-179-SW-105-1-0_10-2018,"No-Till  with cover crop -  corn, oats, or wheat.",SHM - no-till,SHM,KeCF1 - 105,X,X,S2018KS179105,2,KeCF1,KeCF1 - 2,2,Ap1,5,10,KeCF1 - 105-2,KeCF1 - 2-2,,,,,1.3557896,1.3557896,0.23,1.11,,3.333333333,0.502313539,,,,,,,,0.782104124,19.75093537,11.24557888,26.31099684,155.6067291,6.352180026,8.774440441,270.4674985,4337.73624,,,196834,KS-179-SW-105-2-5_10-2018
KansasState,Keith,S2018KS_Ke - 2,KS-179-SW-105-1-0_10-2018,"No-Till  with cover crop -  corn, oats, or wheat.",SHM - no-till,SHM,KeCF1 - 105,X,X,S2018KS179105,2,KeCF1,KeCF1 - 2,3,Ap2,10,18,KeCF1 - 105-3,KeCF1 - 2-3,,,,,1.470562539,1.470562539,0.21,0.9,,8.333333333,0.517679849,,,,,,,,0.695039503,20.16807242,16.11567134,46.28769871,111.0959084,23.98174681,16.23993541,200.982216,2264.688747,,,196835,KS-179-SW-105-3-10_18-2018
KansasState,Keith,S2018KS_Ke - 2,KS-179-SW-105-1-0_10-2018,"No-Till  with cover crop -  corn, oats, or wheat.",SHM - no-till,SHM,KeCF1 - 105,X,X,S2018KS179105,2,KeCF1,KeCF1 - 2,4,Bt1,18,32,KeCF1 - 105-4,KeCF1 - 2-4,,,,,1.24811069,1.24811069,0.24,0.62,,6.666666667,0.465956551,,,,,,,,1.24383393,14.20349351,12.90284452,104.3012481,51.00616084,74.79323521,19.51292154,142.9667675,1361.880775,,,196836,KS-179-SW-105-4-18_32-2018
KansasState,Keith,S2018KS_Ke - 2,KS-179-SW-105-1-0_10-2018,"No-Till  with cover crop -  corn, oats, or wheat.",SHM - no-till,SHM,KeCF1 - 105,X,X,S2018KS179105,2,KeCF1,KeCF1 - 2,5,Bt2,32,45,KeCF1 - 105-5,KeCF1 - 2-5,,,,,1.282731577,1.282731577,0.22,0.55,,20,0.823634896,,,,,,,,0.69972669,25.15057723,14.51749746,178.8526434,23.36028751,91.45963275,22.30826133,148.9040255,1308.684554,,,196837,KS-179-SW-105-5-32_45-2018
KansasState,Keith,S2018KS_Ke - 2,KS-179-SW-105-1-0_10-2018,"No-Till  with cover crop -  corn, oats, or wheat.",SHM - no-till,SHM,KeCF1 - 105,X,X,S2018KS179105,2,KeCF1,KeCF1 - 2,6,Btk,45,66,KeCF1 - 105-6,KeCF1 - 2-6,,,,,1.019368697,1.019368697,0.22,0.53,,0,0.841648773,,,,,,,,0.809195645,17.52981006,5.950381584,44.88188976,4.590466223,31.39477557,21.36494249,94.44478235,1084.821325,,,196838,KS-179-SW-105-6-45_66-2018
KansasState,Keith,S2018KS_Ke - 2,KS-179-SW-105-1-0_10-2018,"No-Till  with cover crop -  corn, oats, or wheat.",SHM - no-till,SHM,KeCF1 - 105,X,X,S2018KS179105,2,KeCF1,KeCF1 - 2,7,Bk,66,100,KeCF1 - 105-7,KeCF1 - 2-7,,,,,1.077352861,1.077352861,0.22,0.5,,6.666666667,0.411343352,,,,,,,,0.787286592,11.58842206,3.116944943,19.48695092,11.04134736,12.20148193,15.94588956,90.18018911,914.3680743,,,196839,KS-179-SW-105-7-66_100-2018
KansasState,Keith,S2018KS_Ke - 2,KS-179-SW-106-1-0_5-2018,"No-Till  with cover crop -  corn, oats, or wheat.",SHM - no-till,SHM,KeCF1 - 106,X,X,S2018KS179106,3,KeCF1,KeCF1 - 3,1,Ap1,0,5,KeCF1 - 106-1,KeCF1 - 3-1,,,,,1.06288292,1.06288292,0.26,1.89,,6.666666667,1.147497196,,,,,,,,1.02319359,91.31217073,118.1970039,37.86653365,321.4691947,38.50278757,26.58085602,426.9901673,6573.001771,,,196840,KS-179-SW-106-1-0_5-2018
KansasState,Keith,S2018KS_Ke - 2,KS-179-SW-106-1-0_5-2018,"No-Till  with cover crop -  corn, oats, or wheat.",SHM - no-till,SHM,KeCF1 - 106,X,X,S2018KS179106,3,KeCF1,KeCF1 - 3,2,Ap1,5,10,KeCF1 - 106-2,KeCF1 - 3-2,,,,,1.259323328,1.259323328,0.23,1.19,,0,0.442895864,,,,,,,,0.760719432,42.53377836,17.78599242,28.27123586,182.0782056,14.91695793,12.33073771,275.9614522,4076.962933,,,196841,KS-179-SW-106-2-5_10-2018
KansasState,Keith,S2018KS_Ke - 2,KS-179-SW-106-1-0_5-2018,"No-Till  with cover crop -  corn, oats, or wheat.",SHM - no-till,SHM,KeCF1 - 106,X,X,S2018KS179106,3,KeCF1,KeCF1 - 3,3,Ap2,10,18,KeCF1 - 106-3,KeCF1 - 3-3,,,,,1.093467113,1.093467113,0.23,1.23,,11.66666667,0.53401432,,,,,,,,0.760531778,59.3133297,26.8509824,89.20421406,250.5818284,60.32359665,15.39706987,271.637624,2663.114414,,,196842,KS-179-SW-106-3-10_18-2018
KansasState,Keith,S2018KS_Ke - 2,KS-179-SW-106-1-0_5-2018,"No-Till  with cover crop -  corn, oats, or wheat.",SHM - no-till,SHM,KeCF1 - 106,X,X,S2018KS179106,3,KeCF1,KeCF1 - 3,4,Bt1,18,46,KeCF1 - 106-4,KeCF1 - 3-4,,,,,NA,NA,0.21,0.8,,15,0.695010048,,,,,,,,0.727841065,20.08368476,18.79233198,98.13524912,117.3315465,79.19769968,26.54995096,199.8106352,1506.026985,,,196843,KS-179-SW-106-4-18_46-2018
KansasState,Keith,S2018KS_Ke - 2,KS-179-SW-106-1-0_5-2018,"No-Till  with cover crop -  corn, oats, or wheat.",SHM - no-till,SHM,KeCF1 - 106,X,X,S2018KS179106,3,KeCF1,KeCF1 - 3,5,Bt2,46,77,KeCF1 - 106-5,KeCF1 - 3-5,,,,,1.265377223,1.265377223,0.2,0.57,,8.333333333,0.5097153,,,,,,,,0.835430078,13.81156875,14.27305279,97.34156668,31.68182078,45.6949943,26.0084242,126.3199604,989.2280578,,,196844,KS-179-SW-106-5-46_77-2018
KansasState,Keith,S2018KS_Ke - 2,KS-179-SW-106-1-0_5-2018,"No-Till  with cover crop -  corn, oats, or wheat.",SHM - no-till,SHM,KeCF1 - 106,X,X,S2018KS179106,3,KeCF1,KeCF1 - 3,6,Btk,77,95,KeCF1 - 106-6,KeCF1 - 3-6,,,,,1.411671829,1.411671829,0.2,0.48,,5,0.390622713,,,,,,,,0.870189368,11.91576229,5.827829153,58.20280798,4.999964228,21.74629105,23.10888736,697.1140586,877.2882223,,,196845,KS-179-SW-106-6-77_95-2018
KansasState,Keith,S2018KS_Ke - 2,KS-179-SW-106-1-0_5-2018,"No-Till  with cover crop -  corn, oats, or wheat.",SHM - no-till,SHM,KeCF1 - 106,X,X,S2018KS179106,3,KeCF1,KeCF1 - 3,7,Bk,95,100,KeCF1 - 106-7,KeCF1 - 3-7,,,,,1.571523262,1.571523262,0.18,0.45,,6.666666667,0.335697103,,,,,,,,0.829077436,6.727937025,4.147383735,35.66317128,9.549107589,15.46848792,25.28455524,68.82552726,739.9859428,,,196846,KS-179-SW-106-7-95_100-2018
KansasState,Keith,S2018KS_Ke - 2,KS-179-SW-107-1-0_5-2018,Native Rangeland (>40 years),Ref - Native,Ref,KeN1 - 107,X,X,S2018KS179107,1,KeN1,KeN1 - 1,1,A1,0,5,KeN1 - 107-1,KeN1 - 1-1,,,,,1.153210429,1.153210429,0.29,3.19,,50,1.311981046,,,,,,,,1.512575622,261.0787549,219.9274248,175.3465823,1002.843167,144.1282629,61.97531085,747.5916346,7119.717944,,,196847,KS-179-SW-107-1-0_5-2018
KansasState,Keith,S2018KS_Ke - 2,KS-179-SW-107-1-0_5-2018,Native Rangeland (>40 years),Ref - Native,Ref,KeN1 - 107,X,X,S2018KS179107,1,KeN1,KeN1 - 1,2,A1,5,10,KeN1 - 107-2,KeN1 - 1-2,,,,,1.247045803,1.247045803,0.27,2.01,,43.33333333,1.727600415,,,,,,,,1.243858376,107.4900379,70.12128506,137.196627,772.9020677,92.24472797,59.9045082,516.1209555,4335.920929,,,196848,KS-179-SW-107-2-5_10-2018
KansasState,Keith,S2018KS_Ke - 2,KS-179-SW-107-1-0_5-2018,Native Rangeland (>40 years),Ref - Native,Ref,KeN1 - 107,X,X,S2018KS179107,1,KeN1,KeN1 - 1,3,A2,10,23,KeN1 - 107-3,KeN1 - 1-3,,,,,0.795992902,0.795992902,0.22,1.68,,36.66666667,1.126155537,,,,,,,,1.242294689,93.5301156,70.24860534,151.7987521,628.7747004,76.52722675,38.95224967,424.9224399,3756.617109,,,196849,KS-179-SW-107-3-10_25-2018
KansasState,Keith,S2018KS_Ke - 2,KS-179-SW-107-1-0_5-2018,Native Rangeland (>40 years),Ref - Native,Ref,KeN1 - 107,X,X,S2018KS179107,1,KeN1,KeN1 - 1,4,Bt1,23,44,KeN1 - 107-4,KeN1 - 1-4,,,,,1.210944031,1.210944031,0.23,1.04,,36.66666667,1.419109076,,,,,,,,0.964205064,34.87184885,41.95496254,132.7080497,292.6887004,155.7572525,36.07401059,331.1311172,2171.893607,,,196850,KS-179-SW-107-4-25_43-2018
KansasState,Keith,S2018KS_Ke - 2,KS-179-SW-107-1-0_5-2018,Native Rangeland (>40 years),Ref - Native,Ref,KeN1 - 107,X,X,S2018KS179107,1,KeN1,KeN1 - 1,5,Bt2,44,68,KeN1 - 107-5,KeN1 - 1-5,,,,,1.239654231,1.239654231,0.1,0.68,,43.33333333,1.90712715,,,,,,,,1.029954103,16.92758988,29.3034341,181.2741017,80.95431583,102.2649793,43.5672538,181.7329974,1305.876934,,,196851,KS-179-SW-107-5-43_57-2018
KansasState,Keith,S2018KS_Ke - 2,KS-179-SW-107-1-0_5-2018,Native Rangeland (>40 years),Ref - Native,Ref,KeN1 - 107,X,X,S2018KS179107,1,KeN1,KeN1 - 1,6,Bk1,68,80,KeN1 - 107-6,KeN1 - 1-6,,,,,0.988779284,0.988779284,0.08,0.79,,28.33333333,2.00197392,,,,,,,,0.993564633,17.31785567,9.842765721,63.1565172,16.57877742,43.72103175,22.58058963,182.1208369,972.6680341,,,196852,KS-179-SW-107-6-57_83-2018
KansasState,Keith,S2018KS_Ke - 2,KS-179-SW-107-1-0_5-2018,Native Rangeland (>40 years),Ref - Native,Ref,KeN1 - 107,X,X,S2018KS179107,1,KeN1,KeN1 - 1,7,Bk2,80,100,KeN1 - 107-7,KeN1 - 1-7,,,,,1.109362124,1.109362124,0.06,0.53,,11.66666667,0.56386217,,,,,,,,0.958523032,7.338262428,6.481291144,42.79554341,3.962683558,5.516818902,12.7590005,139.1311396,758.7069386,,,196853,KS-179-SW-107-7-83_100-2018
KansasState,Keith,S2018KS_Ke - 2,KS-179-SW-108-1-0_5-2018,Native Rangeland (>40 years),Ref - Native,Ref,KeN1 - 108,X,X,S2018KS179108,2,KeN1,KeN1 - 2,1,A1,0,5,KeN1 - 108-1,KeN1 - 2-1,,,,,0.885735767,0.885735767,0.33,3.37,,73.33333333,3.960029424,,,,,,,,1.563061784,295.2529472,198.2024995,252.2991116,1233.332415,178.3725214,82.28527785,786.8414849,8543.854045,,,196854,KS-179-SW-108-1-0_5-2018
KansasState,Keith,S2018KS_Ke - 2,KS-179-SW-108-1-0_5-2018,Native Rangeland (>40 years),Ref - Native,Ref,KeN1 - 108,X,X,S2018KS179108,2,KeN1,KeN1 - 2,2,A1,5,10,KeN1 - 108-2,KeN1 - 2-2,,,,,1.083053141,1.083053141,0.28,1.9,,56.66666667,4.253820372,,,,,,,,1.267514967,88.26337233,55.0906857,137.5248901,872.9538521,61.94309849,47.19853247,489.8033607,4376.120059,,,196855,KS-179-SW-108-2-5_10-2018
KansasState,Keith,S2018KS_Ke - 2,KS-179-SW-108-1-0_5-2018,Native Rangeland (>40 years),Ref - Native,Ref,KeN1 - 108,X,X,S2018KS179108,2,KeN1,KeN1 - 2,3,A2,10,28,KeN1 - 108-3,KeN1 - 2-3,,,,,1.180688701,1.180688701,0.23,1.59,,61.66666667,2.196524712,,,,,,,,1.120137218,80.69647669,85.69592286,175.7631167,579.1913494,70.52497675,36.24018354,358.3011485,3144.332487,,,196856,KS-179-SW-108-3-10_25-2018
KansasState,Keith,S2018KS_Ke - 2,KS-179-SW-108-1-0_5-2018,Native Rangeland (>40 years),Ref - Native,Ref,KeN1 - 108,X,X,S2018KS179108,2,KeN1,KeN1 - 2,4,Bt1,28,42,KeN1 - 108-4,KeN1 - 2-4,,,,,1.234768277,1.234768277,0.19,0.88,,33.33333333,1.55572117,,,,,,,,0.956891616,27.01852068,55.13017091,168.8964264,153.9049525,103.3500862,50.01063407,220.2755846,1451.2139,,,196857,KS-179-SW-108-4-25_45-2018
KansasState,Keith,S2018KS_Ke - 2,KS-179-SW-108-1-0_5-2018,Native Rangeland (>40 years),Ref - Native,Ref,KeN1 - 108,X,X,S2018KS179108,2,KeN1,KeN1 - 2,5,Bt2,42,64,KeN1 - 108-5,KeN1 - 2-5,,,,,1.099749226,1.099749226,0.08,0.6,,26.66666667,1.187257695,,,,,,,,0.985519187,16.37466137,15.41482615,102.3423371,35.4797673,45.82016186,30.51002607,191.8462114,1148.850841,,,196858,KS-179-SW-108-5-45_71-2018
KansasState,Keith,S2018KS_Ke - 2,KS-179-SW-108-1-0_5-2018,Native Rangeland (>40 years),Ref - Native,Ref,KeN1 - 108,X,X,S2018KS179108,2,KeN1,KeN1 - 2,6,Btk,64,86,KeN1 - 108-6,KeN1 - 2-6,,,,,1.16479891,1.16479891,0.09,0.53,,18.33333333,0.893901949,,,,,,,,0.965547077,10.22902977,6.99144728,17.63072885,7.772379222,20.97235862,22.71026437,142.598296,836.9274037,,,196859,KS-179-SW-108-6-71_85-2018
KansasState,Keith,S2018KS_Ke - 2,KS-179-SW-108-1-0_5-2018,Native Rangeland (>40 years),Ref - Native,Ref,KeN1 - 108,X,X,S2018KS179108,2,KeN1,KeN1 - 2,7,Bk,86,100,KeN1 - 108-7,KeN1 - 2-7,,,,,1.148240955,1.148240955,0.09,0.56,,0,0.24493196,,,,,,,,1.040015323,7.24152887,6.377244913,29.67303026,5.009219621,9.728372297,20.11949928,114.6345574,719.7024191,,,196860,KS-179-SW-108-7-85_100-2018
KansasState,Keith,S2018KS_Ke - 2,KS-179-SW-109-1-0_5-2018,Native Rangeland (>40 years),Ref - Native,Ref,KeN1 - 109,X,X,S2018KS179109,3,KeN1,KeN1 - 3,1,A1,0,5,KeN1 - 109-1,KeN1 - 3-1,,,,,0.848903191,0.848903191,0.31,3.53,,51.66666667,1.364906078,,,,,,,,1.558116141,300.1675475,232.2420865,187.5867225,1213.105306,139.5705467,35.8266219,804.88751,9426.343241,,,196861,KS-179-SW-109-1-0_5-2018
KansasState,Keith,S2018KS_Ke - 2,KS-179-SW-109-1-0_5-2018,Native Rangeland (>40 years),Ref - Native,Ref,KeN1 - 109,X,X,S2018KS179109,3,KeN1,KeN1 - 3,2,A1,5,10,KeN1 - 109-2,KeN1 - 3-2,,,,,1.210213226,1.210213226,0.25,1.82,,53.33333333,1.822757522,,,,,,,,1.18343547,116.7597607,63.01246734,128.6839345,706.2322124,40.03447686,48.9068403,485.644181,4229.080263,,,196862,KS-179-SW-109-2-5_10-2018
KansasState,Keith,S2018KS_Ke - 2,KS-179-SW-109-1-0_5-2018,Native Rangeland (>40 years),Ref - Native,Ref,KeN1 - 109,X,X,S2018KS179109,3,KeN1,KeN1 - 3,3,A2,10,26,KeN1 - 109-3,KeN1 - 3-3,,,,,1.181437776,1.181437776,0.21,1.31,,51.66666667,1.972067027,,,,,,,,1.063336678,80.68170507,73.9870211,166.9720427,315.8525336,93.68035609,25.35470105,344.9368563,2461.449876,,,196863,KS-179-SW-109-3-10_26-2018
KansasState,Keith,S2018KS_Ke - 2,KS-179-SW-109-1-0_5-2018,Native Rangeland (>40 years),Ref - Native,Ref,KeN1 - 109,X,X,S2018KS179109,3,KeN1,KeN1 - 3,4,Bt,26,41,KeN1 - 109-4,KeN1 - 3-4,,,,,1.201199963,1.201199963,0.19,0.74,,31.66666667,0.959404841,,,,,,,,1.222914596,22.32946261,32.14883814,169.1140274,109.9931416,152.6433336,40.06679539,211.6379047,1247.47992,,,196864,KS-179-SW-109-4-26_44-2018
KansasState,Keith,S2018KS_Ke - 2,KS-179-SW-109-1-0_5-2018,Native Rangeland (>40 years),Ref - Native,Ref,KeN1 - 109,X,X,S2018KS179109,3,KeN1,KeN1 - 3,5,Btk,41,59,KeN1 - 109-5,KeN1 - 3-5,,,,,0.991180501,0.991180501,0.1,0.59,,33.33333333,1.2483813,,,,,,,,0.992332997,12.4982018,10.83977531,90.78582439,18.51972148,39.97438041,25.59347063,134.245917,1005.107081,,,196865,KS-179-SW-109-5-44_65-2018
KansasState,Keith,S2018KS_Ke - 2,KS-179-SW-109-1-0_5-2018,Native Rangeland (>40 years),Ref - Native,Ref,KeN1 - 109,X,X,S2018KS179109,3,KeN1,KeN1 - 3,6,Bk1,59,80,KeN1 - 109-6,KeN1 - 3-6,,,,,1.177640199,1.177640199,0.09,0.56,,20,0.825563439,,,,,,,,1.033170904,12.4936808,11.00243535,77.69557498,17.03875375,38.37391263,24.2864124,127.002079,902.5804776,,,196866,KS-179-SW-109-6-65_79-2018
KansasState,Keith,S2018KS_Ke - 2,KS-179-SW-109-1-0_5-2018,Native Rangeland (>40 years),Ref - Native,Ref,KeN1 - 109,X,X,S2018KS179109,3,KeN1,KeN1 - 3,7,Bk2,80,100,KeN1 - 109-7,KeN1 - 3-7,,,,,1.096207632,1.096207632,0.08,0.46,,8.333333333,0.77103382,,,,,,,,0.950209789,9.710692727,7.066219125,40.98688045,10.66396711,22.21342959,16.58642002,99.08920949,749.6632327,,,196867,KS-179-SW-109-7-79_100-2018
KansasState,Keith,S2018KS_Ke - 2,KS-179-SW-110-1-0_5-2018,Till with rotation (eco-fallow),BAU,BAU,KeC1 - 110,X,X,S2018KS179110,1,KeC1,KeC1 - 1,1,Ap1,0,5,KeC1 - 110-1,KeC1 - 1-1,,,,,1.11023909,1.11023909,0.27,2.17,,10,0.507324803,,,,,,,,1.064809976,77.5806569,104.407741,32.47043952,275.5157323,28.48571991,6.567889988,496.1191361,7997.775606,,,196868,KS-179-SW-110-1-0_5-2018
KansasState,Keith,S2018KS_Ke - 2,KS-179-SW-110-1-0_5-2018,Till with rotation (eco-fallow),BAU,BAU,KeC1 - 110,X,X,S2018KS179110,1,KeC1,KeC1 - 1,2,Ap1,5,10,KeC1 - 110-2,KeC1 - 1-2,,,,,1.420685092,1.420685092,0.2,1.9,,13.33333333,0.313069575,,,,,,,,1.003563314,54.69240416,47.25891735,40.35378441,268.2230102,31.0761933,8.60070093,459.1304348,6834.202952,,,196869,KS-179-SW-110-2-5_10-2018
KansasState,Keith,S2018KS_Ke - 2,KS-179-SW-110-1-0_5-2018,Till with rotation (eco-fallow),BAU,BAU,KeC1 - 110,X,X,S2018KS179110,1,KeC1,KeC1 - 1,3,Ap2,10,23,KeC1 - 110-3,KeC1 - 1-3,,,,,1.269239791,1.269239791,0.2,1.61,,16.66666667,0.637495358,,,,,,,,0.847963289,67.5017613,44.57900088,147.660917,389.6314171,65.07012822,25.21829198,389.5283529,3227.247185,,,196870,KS-179-SW-110-3-10_23-2018
KansasState,Keith,S2018KS_Ke - 2,KS-179-SW-110-1-0_5-2018,Till with rotation (eco-fallow),BAU,BAU,KeC1 - 110,X,X,S2018KS179110,1,KeC1,KeC1 - 1,4,Bt1,23,36,KeC1 - 110-4,KeC1 - 1-4,,,,,1.277334863,1.277334863,0.23,1.14,,18.33333333,0.877940981,,,,,,,,0.811817506,34.51686004,37.0352107,195.3996704,231.1459522,188.0698757,55.79728623,286.1524014,1710.420726,,,196871,KS-179-SW-110-4-23_36-2018
KansasState,Keith,S2018KS_Ke - 2,KS-179-SW-110-1-0_5-2018,Till with rotation (eco-fallow),BAU,BAU,KeC1 - 110,X,X,S2018KS179110,1,KeC1,KeC1 - 1,5,Bt2,36,54,KeC1 - 110-5,KeC1 - 1-5,,,,,1.324462422,1.324462422,0.22,0.78,,16.66666667,0.90935168,,,,,,,,0.779057826,27.63962376,29.33053359,166.6281385,81.79968338,116.1912965,32.46407388,180.919841,1270.259465,,,196872,KS-179-SW-110-5-36_54-2018
KansasState,Keith,S2018KS_Ke - 2,KS-179-SW-110-1-0_5-2018,Till with rotation (eco-fallow),BAU,BAU,KeC1 - 110,X,X,S2018KS179110,1,KeC1,KeC1 - 1,6,Btk1,54,69,KeC1 - 110-6,KeC1 - 1-6,,,,,1.403438092,1.403438092,0.18,0.6,,26.66666667,0.898082891,,,,,,,,0.88160834,19.62190038,11.27612866,93.9339485,23.23641636,61.62334584,38.66092137,124.881878,1083.677601,,,196873,KS-179-SW-110-6-54_69-2018
KansasState,Keith,S2018KS_Ke - 2,KS-179-SW-110-1-0_5-2018,Till with rotation (eco-fallow),BAU,BAU,KeC1 - 110,X,X,S2018KS179110,1,KeC1,KeC1 - 1,7,Btk2,69,87,KeC1 - 110-7,KeC1 - 1-7,,,,,1.287678566,1.287678566,0.19,0.83,,6.666666667,0.580567087,,,,,,,,0.924530943,16.42682371,7.878261069,85.2971646,13.5858194,33.53780725,28.20208421,110.7485733,1047.286371,,,196874,KS-179-SW-110-7-69_87-2018
KansasState,Keith,S2018KS_Ke - 2,KS-179-SW-110-1-0_5-2018,Till with rotation (eco-fallow),BAU,BAU,KeC1 - 110,X,X,S2018KS179110,1,KeC1,KeC1 - 1,8,Bk,87,100,KeC1 - 110-8,KeC1 - 1-8,,,,,1.111048597,1.111048597,0.19,0.53,,6.666666667,0.344307477,,,,,,,,0.811894469,11.43061655,6.174033791,43.0205342,8.566509496,17.17591882,20.63371909,65.14731103,809.1784164,,,196875,KS-179-SW-110-8-87_100-2018
KansasState,Keith,S2018KS_Ke - 2,KS-179-SW-111-1-0_5-2018,Till with rotation (eco-fallow),BAU,BAU,KeC1 - 111,X,X,S2018KS179111,2,KeC1,KeC1 - 2,1,Ap,0,5,KeC1 - 111-1,KeC1 - 2-1,,,,,1.268092989,1.268092989,0.23,2.1,,6.666666667,0.567062531,,,,,,,,0.951311112,78.88579999,101.532134,25.57346289,244.8173586,28.37776789,4.822480668,457.86521,6807.891767,,,196876,KS-179-SW-111-1-0_5-2018
KansasState,Keith,S2018KS_Ke - 2,KS-179-SW-111-1-0_5-2018,Till with rotation (eco-fallow),BAU,BAU,KeC1 - 111,X,X,S2018KS179111,2,KeC1,KeC1 - 2,2,Ap,5,10,KeC1 - 111-2,KeC1 - 2-2,,,,,1.313695227,1.313695227,0.23,1.74,,6.666666667,0.534717175,,,,,,,,0.846934674,31.97314049,50.72831257,30.15211167,235.3416709,20.55463615,6.715153519,361.3193288,5554.26632,,,196877,KS-179-SW-111-2-5_10-2018
KansasState,Keith,S2018KS_Ke - 2,KS-179-SW-111-1-0_5-2018,Till with rotation (eco-fallow),BAU,BAU,KeC1 - 111,X,X,S2018KS179111,2,KeC1,KeC1 - 2,3,A,10,25,KeC1 - 111-3,KeC1 - 2-3,,,,,1.305217888,1.305217888,0.23,1.15,,13.33333333,0.744553382,,,,,,,,0.749106637,42.4601848,43.4747127,156.8380026,297.9370915,59.03912506,18.68289312,281.6029038,1828.286173,,,196878,KS-179-SW-111-3-10_25-2018
KansasState,Keith,S2018KS_Ke - 2,KS-179-SW-111-1-0_5-2018,Till with rotation (eco-fallow),BAU,BAU,KeC1 - 111,X,X,S2018KS179111,2,KeC1,KeC1 - 2,4,Bt1,25,36,KeC1 - 111-4,KeC1 - 2-4,,,,,1.313456054,1.313456054,0.24,0.75,,10,0.61915462,,,,,,,,0.779431021,18.36406873,31.16804689,154.015748,118.3637985,102.2604379,31.2397098,198.6127527,1174.103355,,,196879,KS-179-SW-111-4-25_36-2018
KansasState,Keith,S2018KS_Ke - 2,KS-179-SW-111-1-0_5-2018,Till with rotation (eco-fallow),BAU,BAU,KeC1 - 111,X,X,S2018KS179111,2,KeC1,KeC1 - 2,5,Bt2,36,59,KeC1 - 111-5,KeC1 - 2-5,,,,,1.327269137,1.327269137,0.22,0.59,,16.66666667,1.172623784,,,,,,,,0.846188999,25.54486508,12.45267513,123.1587693,35.01849458,69.56074564,41.69182478,125.0770674,1036.462424,,,196880,KS-179-SW-111-5-36_59-2018
KansasState,Keith,S2018KS_Ke - 2,KS-179-SW-111-1-0_5-2018,Till with rotation (eco-fallow),BAU,BAU,KeC1 - 111,X,X,S2018KS179111,2,KeC1,KeC1 - 2,6,Btk,59,78,KeC1 - 111-6,KeC1 - 2-6,,,,,1.201212785,1.201212785,0.2,0.64,,10,0.724944297,,,,,,,,0.941087221,17.62042854,13.96485641,69.84655764,19.91162895,41.38111522,28.72551183,115.3186824,860.0850205,,,196881,KS-179-SW-111-6-59_78-2018
KansasState,Keith,S2018KS_Ke - 2,KS-179-SW-111-1-0_5-2018,Till with rotation (eco-fallow),BAU,BAU,KeC1 - 111,X,X,S2018KS179111,2,KeC1,KeC1 - 2,7,Bk,78,100,KeC1 - 111-7,KeC1 - 2-7,,,,,1.077273137,1.077273137,0.2,0.7,,3.333333333,0.341053634,,,,,,,,0.811400811,12.88369209,7.461451794,31.21592974,5.535762424,29.74793914,22.17638928,65.33003064,745.1169382,,,196882,KS-179-SW-111-7-78_100-2018
KansasState,Keith,S2018KS_Ke - 2,KS-179-SW-112-1-0_5-2018,Till with rotation (eco-fallow),BAU,BAU,KeC1 - 112,X,X,S2018KS179112,3,KeC1,KeC1 - 3,1,Ap1,0,5,KeC1 - 112-1,KeC1 - 3-1,,,,,0.989217767,0.989217767,0.25,2.12,,13.33333333,0.628437999,,,,,,,,1.008468461,79.21897723,90.72272663,48.52059423,347.4646757,45.83161674,4.009632534,481.2834225,7363.731581,,,196883,KS-179-SW-112-1-0_5-2018
KansasState,Keith,S2018KS_Ke - 2,KS-179-SW-112-1-0_5-2018,Till with rotation (eco-fallow),BAU,BAU,KeC1 - 112,X,X,S2018KS179112,3,KeC1,KeC1 - 3,2,Ap1,5,10,KeC1 - 112-2,KeC1 - 3-2,,,,,1.182150311,1.182150311,0.26,1.78,,6.666666667,0.364983002,,,,,,,,0.947138397,50.4142004,38.9644676,38.58895435,289.1995216,30.11909474,9.814741884,430.636523,6269.299132,,,196884,KS-179-SW-112-2-5_10-2018
KansasState,Keith,S2018KS_Ke - 2,KS-179-SW-112-1-0_5-2018,Till with rotation (eco-fallow),BAU,BAU,KeC1 - 112,X,X,S2018KS179112,3,KeC1,KeC1 - 3,3,Ap2,10,24,KeC1 - 112-3,KeC1 - 3-3,,,,,1.181085423,1.181085423,0.19,1.41,,20,0.887000553,,,,,,,,0.822964166,56.40008068,40.54933503,201.7515668,406.3519004,71.66133734,21.54324403,342.411129,2434.221222,,,196885,KS-179-SW-112-3-10_24-2018
KansasState,Keith,S2018KS_Ke - 2,KS-179-SW-112-1-0_5-2018,Till with rotation (eco-fallow),BAU,BAU,KeC1 - 112,X,X,S2018KS179112,3,KeC1,KeC1 - 3,4,Bt,24,38,KeC1 - 112-4,KeC1 - 3-4,,,,,1.235582603,1.235582603,0.25,0.92,,19,0.491409697,,,,,,,,0.975037422,28.80387574,29.81549561,159.2259237,132.966327,160.8323733,46.10500579,204.0002792,1344.609485,,,196886,KS-179-SW-112-4-24_38-2018
KansasState,Keith,S2018KS_Ke - 2,KS-179-SW-112-1-0_5-2018,Till with rotation (eco-fallow),BAU,BAU,KeC1 - 112,X,X,S2018KS179112,3,KeC1,KeC1 - 3,5,Btk1,38,61,KeC1 - 112-5,KeC1 - 3-5,,,,,NA,NA,0.23,0.64,,15,0.69975708,,,,,,,,0.884452187,23.63865049,13.61679365,161.1387393,54.8087399,99.4734399,28.32335364,136.9139467,962.118934,,,196887,KS-179-SW-112-5-38_61-2018
KansasState,Keith,S2018KS_Ke - 2,KS-179-SW-112-1-0_5-2018,Till with rotation (eco-fallow),BAU,BAU,KeC1 - 112,X,X,S2018KS179112,3,KeC1,KeC1 - 3,6,Btk2,61,80,KeC1 - 112-6,KeC1 - 3-6,,,,,NA,NA,0.21,0.64,,16.5,0.672414567,,,,,,,,0.885710672,18.37531458,5.901244857,87.04816809,17.62132238,50.01375873,32.95410749,97.18773824,869.8324096,,,196888,KS-179-SW-112-6-61_80-2018R
KansasState,Keith,S2018KS_Ke - 2,KS-179-SW-112-1-0_5-2018,Till with rotation (eco-fallow),BAU,BAU,KeC1 - 112,X,X,S2018KS179112,3,KeC1,KeC1 - 3,7,Bk,80,100,KeC1 - 112-7,KeC1 - 3-7,,,,,NA,NA,0.2,0.7,,7.833333333,0.393256781,,,,,,,,0.872766549,13.01664678,5.741770297,56.13178345,17.66944299,24.77882909,23.50305692,85.77193734,765.7459584,,,196889,KS-179-SW-112-7-80_100-2018
KansasState,Keith,S2018KS_Ke - 3,KS-193-SW-101-1-0_5-2018,Tilled once every 3 years.  Sorghum/wheat/corn,BAU,BAU,KeC2 - 101,X,X,S2018KS193101,1,KeC2,KeC2 - 1,1,Ap1,0,5,KeC2 - 101-1,KeC2 - 1-1,,,,,0.933968903,0.933968903,0.253132832,2.37,,7,0.508598397,,,,,,,,0.933778193,221.7331907,170.0381488,38.90491681,469.3799911,103.1812369,4.710299883,483.7589264,8386.554648,,,196890,KS-193-SW-101-1-0_5-2018
KansasState,Keith,S2018KS_Ke - 3,KS-193-SW-101-1-0_5-2018,Tilled once every 3 years.  Sorghum/wheat/corn,BAU,BAU,KeC2 - 101,X,X,S2018KS193101,1,KeC2,KeC2 - 1,2,Ap1,5,10,KeC2 - 101-2,KeC2 - 1-2,,,,,1.140932904,1.140932904,0.2425,1.73,,5.833333333,0.606465856,,,,,,,,7.737255756,61.65974105,44.9615553,37.14614878,283.7241178,69.97971921,7.356392784,338.3806456,5370.330763,,,196891,KS-193-SW-101-2-5_10-2018
KansasState,Keith,S2018KS_Ke - 3,KS-193-SW-101-1-0_5-2018,Tilled once every 3 years.  Sorghum/wheat/corn,BAU,BAU,KeC2 - 101,X,X,S2018KS193101,1,KeC2,KeC2 - 1,3,Ap2,10,22,KeC2 - 101-3,KeC2 - 1-3,,,,,1.221540705,1.221540705,0.199040767,1.26,,6.5,0.434293214,,,,,,,,0.667306888,47.91776518,36.94724084,49.03584229,331.6383726,45.23634305,13.50500955,164.7802074,3271.023549,,,196892,KS-193-SW-101-3-10_22-2018
KansasState,Keith,S2018KS_Ke - 3,KS-193-SW-101-1-0_5-2018,Tilled once every 3 years.  Sorghum/wheat/corn,BAU,BAU,KeC2 - 101,X,X,S2018KS193101,1,KeC2,KeC2 - 1,4,Bt1,22,42,KeC2 - 101-4,KeC2 - 1-4,,,,,1.319614748,1.319614748,0.186320755,0.74,,8,0.388488582,,,,,,,,0.575373512,8.467947654,28.43358534,51.14741461,57.90940708,78.0585779,14.3941039,51.31679718,1156.749555,,,196893,KS-193-SW-101-4-22_42-2018
KansasState,Keith,S2018KS_Ke - 3,KS-193-SW-101-1-0_5-2018,Tilled once every 3 years.  Sorghum/wheat/corn,BAU,BAU,KeC2 - 101,X,X,S2018KS193101,1,KeC2,KeC2 - 1,5,Bt2,42,56,KeC2 - 101-5,KeC2 - 1-5,,,,,1.382474426,1.382474426,0.155963303,0.75,,30.66666667,0.905362023,,,,,,,,0.605912978,8.612422129,30.10179957,104.8387097,31.11844872,76.10464874,22.57393962,85.33141607,1231.495655,,,196894,KS-193-SW-101-5-42_56-2018
KansasState,Keith,S2018KS_Ke - 3,KS-193-SW-101-1-0_5-2018,Tilled once every 3 years.  Sorghum/wheat/corn,BAU,BAU,KeC2 - 101,X,X,S2018KS193101,1,KeC2,KeC2 - 1,6,Btk1,56,69,KeC2 - 101-6,KeC2 - 1-6,,,,,1.368067125,1.368067125,0.140909091,1.02,,24.83333333,0.783405722,,,,,,,,0.805581232,9.637171701,17.02488684,70.70702971,17.96742319,66.84919248,25.69022808,97.97083588,816.852812,,,196895,KS-193-SW-101-6-56_69-2018
KansasState,Keith,S2018KS_Ke - 3,KS-193-SW-101-1-0_5-2018,Tilled once every 3 years.  Sorghum/wheat/corn,BAU,BAU,KeC2 - 101,X,X,S2018KS193101,1,KeC2,KeC2 - 1,7,Btk2,69,84,KeC2 - 101-7,KeC2 - 1-7,,,,,1.256107786,1.256107786,0.116071429,0.82,,9.333333333,0.474282764,,,,,,,,0.752569792,8.087520493,7.385072942,22.49679804,3.116921706,34.05224025,19.61465332,66.72662176,616.7019767,,,196896,KS-193-SW-101-7-69_84-2018
KansasState,Keith,S2018KS_Ke - 3,KS-193-SW-101-1-0_5-2018,Tilled once every 3 years.  Sorghum/wheat/corn,BAU,BAU,KeC2 - 101,X,X,S2018KS193101,1,KeC2,KeC2 - 1,8,Btk3,84,100,KeC2 - 101-8,KeC2 - 1-8,,,,,1.242825403,1.242825403,0.109375,0.59,,8.166666667,0.355798047,,,,,,,,0.694949958,2.940653243,7.699644517,19.26288748,0,17.72272843,14.34862857,30.26102979,598.9641405,,,196897,KS-193-SW-101-8-84_100-2018
KansasState,Keith,S2018KS_Ke - 3,KS-193-SW-102-1-0_5-2018,Tilled once every 3 years.  Sorghum/wheat/corn,BAU,BAU,KeC2 - 102,X,X,S2018KS193102,2,KeC2,KeC2 - 2,1,Ap1,0,5,KeC2 - 102-1,KeC2 - 2-1,,,,,1.382098583,1.382098583,0.238916256,2.28,,8.333333333,0.351567086,,,,,,,,0.939737848,158.1702189,118.3062187,41.77615452,486.5852483,119.9268848,7.789811728,389.4061969,8108.058201,,,196898,KS-193-SW-102-1-0_5-2018
KansasState,Keith,S2018KS_Ke - 3,KS-193-SW-102-1-0_5-2018,Tilled once every 3 years.  Sorghum/wheat/corn,BAU,BAU,KeC2 - 102,X,X,S2018KS193102,2,KeC2,KeC2 - 2,2,Ap1,5,10,KeC2 - 102-2,KeC2 - 2-2,,,,,1.451378905,1.451378905,0.230576441,1.6,,7.666666667,0.571283318,,,,,,,,0.684388247,69.80500962,52.33230919,37.85263261,278.1636191,44.02863891,5.715290544,323.7936061,5259.48936,,,196899,KS-193-SW-102-2-5_10-2018
KansasState,Keith,S2018KS_Ke - 3,KS-193-SW-102-1-0_5-2018,Tilled once every 3 years.  Sorghum/wheat/corn,BAU,BAU,KeC2 - 102,X,X,S2018KS193102,2,KeC2,KeC2 - 2,3,Ap2,10,23,KeC2 - 102-3,KeC2 - 2-3,,,,,1.447331369,1.447331369,0.205811138,1.25,,12,0.439073187,,,,,,,,0.556049686,46.7275111,34.25954397,72.80283081,340.5398413,54.34857549,13.10510045,208.9353296,2686.59299,,,196900,KS-193-SW-102-3-10_23-2018
KansasState,Keith,S2018KS_Ke - 3,KS-193-SW-102-1-0_5-2018,Tilled once every 3 years.  Sorghum/wheat/corn,BAU,BAU,KeC2 - 102,X,X,S2018KS193102,2,KeC2,KeC2 - 2,4,Bt1,23,40,KeC2 - 102-4,KeC2 - 2-4,,,,,1.266184298,1.266184298,0.183770883,0.95,,16.66666667,0.441124523,,,,,,,,0.574831154,10.18159008,37.67744986,124.5028858,157.0156901,97.68032613,24.15155618,141.3337094,1479.365685,,,196901,KS-193-SW-102-4-23_40-2018
KansasState,Keith,S2018KS_Ke - 3,KS-193-SW-102-1-0_5-2018,Tilled once every 3 years.  Sorghum/wheat/corn,BAU,BAU,KeC2 - 102,X,X,S2018KS193102,2,KeC2,KeC2 - 2,5,Bt2,40,56,KeC2 - 102-5,KeC2 - 2-5,,,,,1.334358741,1.334358741,0.137299771,0.78,,36.16666667,0.604691041,,,,,,,,0.784059534,11.16428602,40.7390197,156.3072197,61.46946968,105.9584801,30.84322431,104.0500293,1065.160021,,,196902,KS-193-SW-102-5-40_56-2018
KansasState,Keith,S2018KS_Ke - 3,KS-193-SW-102-1-0_5-2018,Tilled once every 3 years.  Sorghum/wheat/corn,BAU,BAU,KeC2 - 102,X,X,S2018KS193102,2,KeC2,KeC2 - 2,6,Btk1,56,69,KeC2 - 102-6,KeC2 - 2-6,,,,,1.224716896,1.224716896,0.125,0.78,,42.33333333,0.835313858,,,,,,,,0.777871553,5.437651828,20.53047008,100.6604354,25.10387532,74.70889983,37.76057486,79.03090791,889.1993492,,,196903,KS-193-SW-102-6-56_69-2018
KansasState,Keith,S2018KS_Ke - 3,KS-193-SW-102-1-0_5-2018,Tilled once every 3 years.  Sorghum/wheat/corn,BAU,BAU,KeC2 - 102,X,X,S2018KS193102,2,KeC2,KeC2 - 2,7,Btk2,69,79,KeC2 - 102-7,KeC2 - 2-7,,,,,1.274231752,1.274231752,0.103524229,0.7,,16.66666667,0.494797302,,,,,,,,0.695109638,11.14650821,11.36476779,39.85930713,9.724208067,45.2933576,26.45015063,32.94375984,671.7349802,,,196904,KS-193-SW-102-7-69_79-2018
KansasState,Keith,S2018KS_Ke - 3,KS-193-SW-103-1-0_5-2018,Tilled once every 3 years.  Sorghum/wheat/corn,BAU,BAU,KeC2 - 103,X,X,S2018KS193102,3,KeC2,KeC2 - 3,8,Btk3,79,100,KeC2 - 103-8,KeC2 - 3-8,,,,,1.297544434,1.297544434,0.093275488,0.78,,11.33333333,0.446783918,,,,,,,,0.632459243,4.336123558,6.612205614,31.80558428,5.292864033,23.4693839,14.71581618,18.46694052,484.7605994,,,196905,KS-193-SW-102-8-79_100-2018
KansasState,Keith,S2018KS_Ke - 3,KS-193-SW-103-1-0_5-2018,Tilled once every 3 years.  Sorghum/wheat/corn,BAU,BAU,KeC2 - 103,X,X,S2018KS193103,3,KeC2,KeC2 - 3,1,Ap1,0,5,KeC2 - 103-1,KeC2 - 3-1,,,,,1.15759526,1.15759526,0.230958231,2.09,,17,0.495940304,,,,,,,,0.847567175,155.0866904,86.92131012,48.43884409,431.7322695,86.61744088,8.196012608,496.4943717,6921.658641,,,196906,KS-193-SW-103-1-0_5-2018
KansasState,Keith,S2018KS_Ke - 3,KS-193-SW-103-1-0_5-2018,Tilled once every 3 years.  Sorghum/wheat/corn,BAU,BAU,KeC2 - 103,X,X,S2018KS193103,3,KeC2,KeC2 - 3,2,Ap1,5,10,KeC2 - 103-2,KeC2 - 3-2,,,,,1.404899702,1.404899702,0.205128205,1.53,,6.5,0.523803672,,,,,,,,0.673926174,54.25779631,34.10624941,37.06080922,254.1917211,36.27122638,8.771373921,322.3739195,4857.20799,,,196907,KS-193-SW-103-2-5_10-2018
KansasState,Keith,S2018KS_Ke - 3,KS-193-SW-103-1-0_5-2018,Tilled once every 3 years.  Sorghum/wheat/corn,BAU,BAU,KeC2 - 103,X,X,S2018KS193103,3,KeC2,KeC2 - 3,3,Ap2,10,26,KeC2 - 103-3,KeC2 - 3-3,,,,,1.356008841,1.356008841,0.230958231,1.21,,11.16666667,0.443757524,,,,,,,,0.616425602,52.23986006,40.18281485,91.41160688,408.2117027,64.32695345,18.83764357,185.8611094,2423.903584,,,196908,KS-193-SW-103-3-10_26-2018
KansasState,Keith,S2018KS_Ke - 3,KS-193-SW-103-1-0_5-2018,Tilled once every 3 years.  Sorghum/wheat/corn,BAU,BAU,KeC2 - 103,X,X,S2018KS193103,3,KeC2,KeC2 - 3,4,Bt1,26,40,KeC2 - 103-4,KeC2 - 3-4,,,,,1.28694776,1.28694776,0.179245283,0.89,,42.33333333,0.728955458,,,,,,,,0.580529541,10.78763003,59.29452595,165.8148636,207.885422,136.4356767,29.28015762,135.037455,1285.603522,,,196909,KS-193-SW-103-4-26_40-2018
KansasState,Keith,S2018KS_Ke - 3,KS-193-SW-103-1-0_5-2018,Tilled once every 3 years.  Sorghum/wheat/corn,BAU,BAU,KeC2 - 103,X,X,S2018KS193103,3,KeC2,KeC2 - 3,5,Bt2,40,52,KeC2 - 103-5,KeC2 - 3-5,,,,,1.357105049,1.357105049,0.128668172,0.96,,35.83333333,1.117065024,,,,,,,,0.557106972,9.711417417,46.44448723,144.6654434,58.5758547,99.0482251,35.66085702,131.3915604,1006.620447,,,196910,KS-193-SW-103-5-40_52-2018
KansasState,Keith,S2018KS_Ke - 3,KS-193-SW-103-1-0_5-2018,Tilled once every 3 years.  Sorghum/wheat/corn,BAU,BAU,KeC2 - 103,X,X,S2018KS193103,3,KeC2,KeC2 - 3,6,Bt3,52,66,KeC2 - 103-6,KeC2 - 3-6,,,,,1.372765158,1.372765158,0.109131403,1.23,,26.16666667,0.599417714,,,,,,,,0.7038631,13.4156409,18.67887009,84.2511843,16.93960981,59.31719553,32.26465723,131.4759463,986.7508324,,,196911,KS-193-SW-103-6-52_66-2018
KansasState,Keith,S2018KS_Ke - 3,KS-193-SW-103-1-0_5-2018,Tilled once every 3 years.  Sorghum/wheat/corn,BAU,BAU,KeC2 - 103,X,X,S2018KS193103,3,KeC2,KeC2 - 3,7,Btk1,66,81,KeC2 - 103-7,KeC2 - 3-7,,,,,1.328019006,1.328019006,0.101321586,1.25,,11.5,0.924167792,,,,,,,,0.694506892,9.266156101,10.17260641,38.17264038,0.435390071,38.90649676,22.55292646,129.6638781,875.3771512,,,196912,KS-193-SW-103-7-66_81-2018R
KansasState,Keith,S2018KS_Ke - 3,KS-193-SW-103-1-0_5-2018,Tilled once every 3 years.  Sorghum/wheat/corn,BAU,BAU,KeC2 - 103,X,X,S2018KS193103,3,KeC2,KeC2 - 3,8,Btk2,81,100,KeC2 - 103-8,KeC2 - 3-8,,,,,1.334373164,1.334373164,0.11409396,0.85,,13.33333333,0.606629345,,,,,,,,0.668605807,7.87254098,11.11111731,39.58360505,0.316514414,24.58414104,21.90737159,70.2634652,725.9858994,,,196913,KS-193-SW-103-8-81_100-2018
KansasState,Keith,S2018KS_Ke - 3,KS-193-SW-104-1-0_5-2018,Native Rangeland - w 1 haying,Ref - Native,Ref,KeN2 - 104,X,X,S2018KS193104,1,KeN2,KeN2 - 1,1,A1,0,5,KeN2 - 104-1,KeN2 - 1-1,,,,,0.917306547,0.917306547,0.333333333,1.12,,71.33333333,1.489935644,,,,,,,,0.842200344,347.6057688,239.9034778,85.79000581,240.2602902,321.0924504,97.87054704,273.9357388,2664.869728,,,196914,KS-193-SW-104-1-0_5-2018
KansasState,Keith,S2018KS_Ke - 3,KS-193-SW-104-1-0_5-2018,Native Rangeland - w 1 haying,Ref - Native,Ref,KeN2 - 104,X,X,S2018KS193104,1,KeN2,KeN2 - 1,2,A1,5,10,KeN2 - 104-2,KeN2 - 1-2,,,,,1.208459294,1.208459294,0.220064725,1.87,,82.83333333,2.230339617,,,,,,,,0.977353225,134.5850181,146.796147,214.4459355,677.303384,224.266188,55.48266588,370.9124584,3911.428246,,,196915,KS-193-SW-104-2-5_10-2018
KansasState,Keith,S2018KS_Ke - 3,KS-193-SW-104-1-0_5-2018,Native Rangeland - w 1 haying,Ref - Native,Ref,KeN2 - 104,X,X,S2018KS193104,1,KeN2,KeN2 - 1,3,A2,10,25,KeN2 - 104-3,KeN2 - 1-3,,,,,1.205828396,1.205828396,0.187203791,1.6,,62.5,1.617479364,,,,,,,,0.738428568,61.93924111,62.71055478,167.4686797,559.4827936,95.87258729,30.05090273,293.2310519,2790.840928,,,196916,KS-193-SW-104-3-10_25-2018
KansasState,Keith,S2018KS_Ke - 3,KS-193-SW-104-1-0_5-2018,Native Rangeland - w 1 haying,Ref - Native,Ref,KeN2 - 104,X,X,S2018KS193104,1,KeN2,KeN2 - 1,4,Bt1,25,44,KeN2 - 104-4,KeN2 - 1-4,,,,,1.196135612,1.196135612,0.174825175,1.56,,67.83333333,1.449005226,,,,,,,,0.676477105,18.90282083,55.0479764,163.1100721,477.6547701,183.7695101,44.33545619,269.2099257,2384.416613,,,196917,KS-193-SW-104-4-25_44-2018
KansasState,Keith,S2018KS_Ke - 3,KS-193-SW-104-1-0_5-2018,Native Rangeland - w 1 haying,Ref - Native,Ref,KeN2 - 104,X,X,S2018KS193104,1,KeN2,KeN2 - 1,5,Bt2,44,70,KeN2 - 104-5,KeN2 - 1-5,,,,,1.228764432,1.228764432,0.077586207,0.93,,42.83333333,1.068908258,,,,,,,,0.692370129,9.02362498,42.37098063,117.859107,161.0217201,132.9896885,44.66768264,135.3450029,1348.882944,,,196918,KS-193-SW-104-5-44_70-2018
KansasState,Keith,S2018KS_Ke - 3,KS-193-SW-104-1-0_5-2018,Native Rangeland - w 1 haying,Ref - Native,Ref,KeN2 - 104,X,X,S2018KS193104,1,KeN2,KeN2 - 1,6,Bt3,70,88,KeN2 - 104-6,KeN2 - 1-6,,,,,1.274280472,1.274280472,0.075921909,0.61,,26.83333333,1.574164678,,,,,,,,0.764171702,5.337401477,17.90755907,77.17869918,11.71275951,59.61564361,18.20255348,55.1928395,803.9897539,,,196919,KS-193-SW-104-6-70_88-2018
KansasState,Keith,S2018KS_Ke - 3,KS-193-SW-104-1-0_5-2018,Native Rangeland - w 1 haying,Ref - Native,Ref,KeN2 - 104,X,X,S2018KS193104,1,KeN2,KeN2 - 1,7,Btk,88,100,KeN2 - 104-7,KeN2 - 1-7,,,,,1.414107846,1.414107846,0.087719298,0.6,,15.66666667,0.88790476,,,,,,,,0.677857796,3.986377929,10.49539297,41.63847792,13.41808735,32.42366005,15.90194198,35.26066536,611.7749003,,,196920,KS-193-SW-104-7-88_100-2018R
KansasState,Keith,S2018KS_Ke - 3,KS-193-SW-105-1-0_5-2018,Native Rangeland - w 1 haying,Ref - Native,Ref,KeN2 - 105,X,X,S2018KS193105,2,KeN2,KeN2 - 2,1,A1,0,5,KeN2 - 105-1,KeN2 - 2-1,,,,,0.81294758,0.81294758,0.380555556,3.87,,78.33333333,2.295442046,,,,,,,,1.590409661,381.6373033,204.3592279,468.1227921,708.0739507,357.442764,113.5021433,556.2445795,5622.31672,,,196921,KS-193-SW-105-1-0_5-2018
KansasState,Keith,S2018KS_Ke - 3,KS-193-SW-105-1-0_5-2018,Native Rangeland - w 1 haying,Ref - Native,Ref,KeN2 - 105,X,X,S2018KS193105,2,KeN2,KeN2 - 2,2,A1,5,10,KeN2 - 105-2,KeN2 - 2-2,,,,,1.010264954,1.010264954,0.303108808,2.44,,76.33333333,2.205357528,,,,,,,,1.175740276,153.0885663,125.6486157,231.0562144,366.5120743,281.3325114,76.25981492,467.06125,3644.687592,,,196922,KS-193-SW-105-2-5_10-2018
KansasState,Keith,S2018KS_Ke - 3,KS-193-SW-105-1-0_5-2018,Native Rangeland - w 1 haying,Ref - Native,Ref,KeN2 - 105,X,X,S2018KS193105,2,KeN2,KeN2 - 2,3,A2,10,26,KeN2 - 105-3,KeN2 - 2-3,,,,,1.251321012,1.251321012,0.238255034,1.56,,49.5,1.809314896,,,,,,,,0.852734682,75.76881393,75.00412915,137.1142391,338.3040266,135.955365,40.80072205,232.0985398,2638.7949,,,196923,KS-193-SW-105-3-10_26-2018R
KansasState,Keith,S2018KS_Ke - 3,KS-193-SW-105-1-0_5-2018,Native Rangeland - w 1 haying,Ref - Native,Ref,KeN2 - 105,X,X,S2018KS193105,2,KeN2,KeN2 - 2,4,Bt1,26,46,KeN2 - 105-4,KeN2 - 2-4,,,,,1.242880214,1.242880214,0.205741627,1.71,,48,1.528391457,,,,,,,,0.76133447,23.31934235,65.43362351,155.1086748,429.7564888,208.1877765,46.2581564,298.4860383,2342.738904,,,196924,KS-193-SW-105-4-26_46-2018
KansasState,Keith,S2018KS_Ke - 3,KS-193-SW-105-1-0_5-2018,Native Rangeland - w 1 haying,Ref - Native,Ref,KeN2 - 105,X,X,S2018KS193105,2,KeN2,KeN2 - 2,5,Bt2,46,69,KeN2 - 105-5,KeN2 - 2-5,,,,,1.157023325,1.157023325,0.116853933,1.21,,26.16666667,0.972530841,,,,,,,,0.68047906,7.921683836,33.47246937,133.9669896,179.3657589,184.1350271,29.02995111,201.2362192,1545.742602,,,196925,KS-193-SW-105-5-46_69-2018
KansasState,Keith,S2018KS_Ke - 3,KS-193-SW-105-1-0_5-2018,Native Rangeland - w 1 haying,Ref - Native,Ref,KeN2 - 105,X,X,S2018KS193105,2,KeN2,KeN2 - 2,6,Bt3,69,93,KeN2 - 105-6,KeN2 - 2-6,,,,,1.333901987,1.333901987,0.106430155,0.69,,20.66666667,0.544673062,,,,,,,,0.651925623,2.869245658,22.70600337,93.35801124,29.57291464,61.86419158,15.81876597,97.51167357,952.6992929,,,196926,KS-193-SW-105-6-69_93-2018R
KansasState,Keith,S2018KS_Ke - 3,KS-193-SW-105-1-0_5-2018,Native Rangeland - w 1 haying,Ref - Native,Ref,KeN2 - 105,X,X,S2018KS193105,2,KeN2,KeN2 - 2,7,Btk,93,100,KeN2 - 105-7,KeN2 - 2-7,,,,,1.425069922,1.425069922,0.136054422,0.55,,11.33333333,0.614224266,,,,,,,,0.771872981,3.939624963,12.50985065,62.29523142,14.49589182,27.02555175,11.6387725,22.13582551,690.8648431,,,196927,KS-193-SW-105-7-93_100-2018R
KansasState,Keith,S2018KS_Ke - 3,KS-193-SW-106-1-0_5-2018R,Native Rangeland - w 1 haying,Ref - Native,Ref,KeN2 - 106,X,X,S2018KS193106,3,KeN2,KeN2 - 3,1,A1,0,5,KeN2 - 106-1,KeN2 - 3-1,,,,,0.755067817,0.755067817,0.376731302,4.33,,84,1.634679641,,,,,,,,1.747301615,363.6390617,224.1615306,554.8579222,1153.592549,319.5824484,85.59013868,790.1523559,8031.437568,,,196928,KS-193-SW-106-1-0_5-2018R
KansasState,Keith,S2018KS_Ke - 3,KS-193-SW-106-1-0_5-2018R,Native Rangeland - w 1 haying,Ref - Native,Ref,KeN2 - 106,X,X,S2018KS193106,3,KeN2,KeN2 - 3,2,A1,5,10,KeN2 - 106-2,KeN2 - 3-2,,,,,1.274231752,1.274231752,0.26440678,2.15,,79.83333333,2.309088882,,,,,,,,1.197577538,80.70117205,98.74917474,198.1310055,747.600303,105.2617237,48.57182434,403.9150932,4294.68877,,,196929,KS-193-SW-106-2-5_10-2018
KansasState,Keith,S2018KS_Ke - 3,KS-193-SW-106-1-0_5-2018R,Native Rangeland - w 1 haying,Ref - Native,Ref,KeN2 - 106,X,X,S2018KS193106,3,KeN2,KeN2 - 3,3,A2,10,25,KeN2 - 106-3,KeN2 - 3-3,,,,,1.104977293,1.104977293,0.25,1.9,,64,1.734376412,,,,,,,,0.931681542,67.78285478,55.09657173,143.3205817,624.2046036,90.80883586,36.02484957,327.9649722,3541.860892,,,196930,KS-193-SW-106-3-10_25-2018
KansasState,Keith,S2018KS_Ke - 3,KS-193-SW-106-1-0_5-2018R,Native Rangeland - w 1 haying,Ref - Native,Ref,KeN2 - 106,X,X,S2018KS193106,3,KeN2,KeN2 - 3,4,Bt1,25,44,KeN2 - 106-4,KeN2 - 3-4,,,,,1.008049461,1.008049461,0.205741627,1.61,,47,1.015672807,,,,,,,,0.761101196,17.81966187,51.38828989,150.632471,434.0319432,178.9065048,40.28675788,473.2934504,2334.288438,,,196931,KS-193-SW-106-4-25_44-2018
KansasState,Keith,S2018KS_Ke - 3,KS-193-SW-106-1-0_5-2018R,Native Rangeland - w 1 haying,Ref - Native,Ref,KeN2 - 106,X,X,S2018KS193106,3,KeN2,KeN2 - 3,5,Bt2,44,56,KeN2 - 106-5,KeN2 - 3-5,,,,,1.129093861,1.129093861,0.110864745,1.2,,29.5,0.949549167,,,,,,,,0.735914645,8.369213489,36.26796813,128.1006407,212.3492063,126.7447962,33.90543929,174.9101156,1549.790517,,,196932,KS-193-SW-106-5-44_56-2018
KansasState,Keith,S2018KS_Ke - 3,KS-193-SW-106-1-0_5-2018R,Native Rangeland - w 1 haying,Ref - Native,Ref,KeN2 - 106,X,X,S2018KS193106,3,KeN2,KeN2 - 3,6,Bt3,56,82,KeN2 - 106-6,KeN2 - 3-6,,,,,1.31662969,1.31662969,0.10421286,0.76,,31.5,1.006290434,,,,,,,,0.750196786,5.006215376,35.32231314,120.2256767,55.88229417,67.21562588,27.80159668,70.47508021,1019.076138,,,196933,KS-193-SW-106-6-56_82-2018
KansasState,Keith,S2018KS_Ke - 3,KS-193-SW-106-1-0_5-2018R,Native Rangeland - w 1 haying,Ref - Native,Ref,KeN2 - 106,X,X,S2018KS193106,3,KeN2,KeN2 - 3,7,Bt4,82,100,KeN2 - 106-7,KeN2 - 3-7,,,,,1.292306998,1.292306998,0.101545254,0.65,,15.16666667,0.510925013,,,,,,,,0.763014613,6.444667771,24.02361373,84.09200286,11.47326916,60.23455477,17.6302433,49.39116857,834.0084703,,,196934,KS-193-SW-106-7-82_100-2018
NCState,Cecil,S2018NC183004,S2018NC183004,Crop,BAU,BAU,X,X,X,C1B ,2,CeC1,CeC1-2,1,Ap1,0,5,S2018NC183004-1,CeC1-2-1,55.1113304,17.49011722,27.39855239,sandy clay loam,1.536133195,1.536133195,0.17473697,1.82,0.16,45.45454545,3.160908105,,,,,,,,5.118,569.0213523,165.8687943,286.4893617,282.9342203,275.3202847,97.69503546,717.02168,7554.663409,,,191271,NC-183-SWSHA-C1B-0_5-03192018
NCState,Cecil,S2018NC183004,S2018NC183004,Crop,BAU,BAU,X,X,X,C1B ,2,CeC1,CeC1-2,2,Ap2,5,10,S2018NC183004-2,CeC1-2-2,52.77983865,16.66288254,30.55727882,sandy clay loam,1.83819412,1.83819412,0.259134563,1.44,0.13,63.2034632,4.128463934,,,,,,,,3.276072252,329.0213523,111.2588652,253.8652482,291.954915,254.1459075,188.8297872,717.1230408,4931.264225,,,191272,NC-183-SWSHA-C1B-05_10-03192018
NCState,Cecil,S2018NC183004,S2018NC183004,Crop,BAU,BAU,X,X,X,C1B ,2,CeC1,CeC1-2,3,Bt1,10,24,S2018NC183004-3,CeC1-2-3,47.24027474,14.44037156,38.3193537,sandy clay,0.859146172,0.859146172,0.139045842,1.02,0.08,33.73493976,2.950581468,,,,,,,,2.814791423,173.5142349,59.92907801,149.964539,129.0983001,183.683274,147.6950355,715.7546692,2632.117859,,,,NC-183-SWSHA-C1B-10_24-03192018
NCState,Cecil,S2018NC183004,S2018NC183004,Crop,BAU,BAU,X,X,X,C1B ,2,CeC1,CeC1-2,4,Bt2,24,61,S2018NC183004-4,CeC1-2-4,15.91183285,10.0654977,74.02266944,clay,1.706353197,1.706353197,0.644986775,0.24,0.02,1.872659176,0.680605239,,,,,,,,2.395181682,14.0569395,8.776595745,16.63120567,66.28233555,113.3451957,26.68439716,713.8625997,144.047296,,,,NC-183-SWSHA-C1B-24_61-03192018
NCState,Cecil,S2018NC183004,S2018NC183004,Crop,BAU,BAU,X,X,X,C1B ,2,CeC1,CeC1-2,5,BC,61,100,S2018NC183004-5,CeC1-2-5,23.49614145,14.98193689,61.52192166,clay,1.891973333,1.891973333,0.561377378,0.14,<0.02,0,3.104575163,,,,,,,,2.282126208,6.049822064,1.241134752,,57.67923134,92.88256228,13.56382979,713.1192867,-9.401482831,,,,
NCState,Cecil,S2018NC183004,S2018NC183005,Crop,BAU,BAU,X,X,X,C1C ,3,CeC1,CeC1-3,1,Ap1,0,5,S2018NC183005-1,CeC1-3-1,56.58113738,15.37508259,28.04378003,sandy clay loam,1.537952109,1.537952109,0.200444283,1.45,0.12,27.23577236,16.70007796,,,,,,,,2.908279603,241.5124555,91.40070922,143.9361702,177.9268293,164.4661922,54.34397163,716.4135148,4759.910045,,,191273,NC-183-SWSHA-C1C-0_5-03192018
NCState,Cecil,S2018NC183004,S2018NC183005,Crop,BAU,BAU,X,X,X,C1C ,3,CeC1,CeC1-3,2,Ap2,5,10,S2018NC183005-2,CeC1-3-2,51.08809795,14.92976561,33.98213644,sandy clay loam,1.678978546,1.678978546,0.316248451,1.17,0.09,38.0952381,41.77489177,,,,,,,,2.586506331,202.1886121,65.60283688,100.141844,162.6644494,138.9679715,68.52836879,716.4304083,3856.015653,,,191274,NC-183-SWSHA-C1C-05_10-03192018
NCState,Cecil,S2018NC183004,S2018NC183005,Crop,BAU,BAU,X,X,X,C1C ,3,CeC1,CeC1-3,3,Bt1,10,21,S2018NC183005-3,CeC1-3-3,50.73005982,16.16961817,33.10032201,sandy clay loam,2.212873793,2.212873793,0.381089966,0.82,0.07,48.65900383,55.93123352,,,,,,,,2.588318117,153.9145907,63.20921986,162.7304965,154.9667406,192.2241993,125.9751773,716.2107931,3571.306257,,,,NC-183-SWSHA-C1C-10_21-03192018
NCState,Cecil,S2018NC183004,S2018NC183005,Crop,BAU,BAU,X,X,X,C1C ,3,CeC1,CeC1-3,4,Bt2,21,55,S2018NC183005-4,CeC1-3-4,15.41577773,12.27828359,72.30593869,clay,1.656120865,1.656120865,0.645471819,0.39,0.04,8.391608392,21.06327408,,,,,,,,2.443375201,10.9430605,14.62765957,14.85815603,60.09238729,125.088968,37.14539007,713.8288128,267.7175758,,,,NC-183-SWSHA-C1C-21_55-03192018
NCState,Cecil,S2018NC183004,S2018NC183005,Crop,BAU,BAU,X,X,X,C1C ,3,CeC1,CeC1-3,5,BC,55,100,S2018NC183005-5,CeC1-3-5,25.60224671,15.60189252,58.79586077,clay,1.764467487,1.764467487,0.677848481,0.14,<0.02,0.8,1.345658226,,,,,,,,3.268462749,1.245551601,96.09929078,,35.98669623,96.97508897,10.54964539,713.271328,-23.50143076,,,,NC-183-SWSHA-C1C-55_100-03192018
NCState,Cecil,S2018NC183004,S2018NC183001,Crop,BAU,BAU,X,X,X,C1Pit ,1,CeC1,CeC1-1,1,Ap1,0,5,S2018NC183001-1,CeC1-1-1,64.41524943,13.51959245,22.06515812,sandy clay loam,0.870713957,0.870713957,0.202263196,1.87,0.1,40.58577406,4.025253918,,,,,,,,5.117934353,512.9715302,123.5815603,673.4751773,221.1751663,475.9074733,248.0141844,716.24458,12687.27021,,,191275,NC-183-SWSHA-C1PIT-0_5-03192018
NCState,Cecil,S2018NC183004,S2018NC183001,Crop,BAU,BAU,X,X,X,C1Pit ,1,CeC1,CeC1-1,2,Ap2,5,10,S2018NC183001-2,CeC1-1-2,62.68707753,13.26873387,24.0441886,sandy clay loam,1.541044262,1.541044262,0.263499955,2.46,0.12,42.68292683,4.562123937,,,,,,,,3.638791898,357.2241993,127.4822695,347.4822695,150.0258684,409.2704626,155.4964539,716.63313,5665.757043,,,191276,NC-183-SWSHA-C1PIT-05_10-03192018
NCState,Cecil,S2018NC183004,S2018NC183001,Crop,BAU,BAU,X,X,X,C1Pit ,1,CeC1,CeC1-1,3,Bt1,10,20,S2018NC183001-3,CeC1-1-3,56.78440972,14.35147916,28.86411111,sandy clay loam,2.127431703,2.127431703,0.331830478,1.37,0.09,38.82352941,3.878807349,,,,,,,,2.942341189,119.0391459,40.07092199,196.7730496,98.72875092,212.6868327,139.0957447,716.0418583,3629.721694,,,,NC-183-SWSHA-C1PIT-10_20-03192018
NCState,Cecil,S2018NC183004,S2018NC183001,Crop,BAU,BAU,X,X,X,C1Pit ,1,CeC1,CeC1-1,4,Bt2,20,42,S2018NC183001-4,CeC1-1-4,18.88197639,13.61479039,67.50323322,clay,1.582248168,1.582248168,0.552205644,0.52,0.03,5.902777778,1.107300859,,,,,,,,2.514034873,26.33451957,11.61347518,74.36170213,50.95343681,97.5088968,46.80851064,714.9437823,938.5032925,,,,NC-183-SWSHA-C1PIT-20_42-03192018
NCState,Cecil,S2018NC183004,S2018NC183001,Crop,BAU,BAU,X,X,X,C1Pit ,1,CeC1,CeC1-1,5,BC,42,69,S2018NC183001-5,CeC1-1-5,15.11576693,16.32367212,68.56056095,clay,1.668044854,1.668044854,0.583062871,0.26,0.02,6.209150327,0.369237035,,,,,,,,2.708620737,11.20996441,5.141843972,5.815602837,56.86622321,98.48754448,20.03546099,714.0315345,188.8469002,,,,NC-183-SWSHA-C1PIT-42_69-03192018
NCState,Cecil,S2018NC183004,S2018NC183001,Crop,BAU,BAU,X,X,X,C1Pit ,1,CeC1,CeC1-1,6,C1,69,100,S2018NC183001-6,CeC1-1-6,28.74253562,24.88077116,46.37669321,clay,1.912587688,1.912587688,0.455271992,0.32,0.02,6.164383562,0.821062494,,,,,,,,4.096805714,8.71886121,22.5177305,,31.4781966,71.61921708,37.41134752,714.3018301,447.2167783,,,,NC-183-SWSHA-C1PIT-69_100-03192018
NCState,Cecil,S2018NC183013,S2018NC183013,Crop,BAU,BAU,X,X,X,C2A ,1,CeC2,CeC2-1,1,Ap1,0,5,S2018NC183013-1,CeC2-1-1,46.49185922,33.69636503,19.81177574,loam,1.182778907,1.182778907,0.571745186,1.43,0.14,8.759124088,0.871526301,,,,,,,,4.982412727,378.8790036,207.5886525,1538.014184,248.902439,936.1565836,228.1560284,718.1873299,6002.216798,,,191277,NC-183-SWSHA-C2A-0_5-03232018
NCState,Cecil,S2018NC183013,S2018NC183013,Crop,BAU,BAU,X,X,X,C2A ,1,CeC2,CeC2-1,2,Ap2,5,10,S2018NC183013-2,CeC2-1-2,46.02809788,34.44056646,19.53133566,loam,1.31531708,1.31531708,0.571745186,1.58,0.16,11.15384615,0.700044158,,,,,,,,4.76681014,410.9074733,215.035461,1563.191489,252.5609756,973.4341637,229.2198582,718.1704364,5674.20188,,,191278,NC-183-SWSHA-C2A-5_10-03232018
NCState,Cecil,S2018NC183013,S2018NC183013,Crop,BAU,BAU,X,X,X,C2A ,1,CeC2,CeC2-1,3,Bt1,10,25,S2018NC183013-3,CeC2-1-3,49.9251374,29.68614559,20.38871702,loam,1.687951854,1.687951854,0.590055583,0.66,0.06,23.55212355,0.694053433,,,,,,,,4.167471183,118.4163701,68.26241135,268.5815603,91.10125647,363.9323843,104.964539,715.6870953,2258.814084,,,,NC-183-SWSHA-C2A-10_25R-03232018
NCState,Cecil,S2018NC183013,S2018NC183013,Crop,BAU,BAU,X,X,X,C2A ,1,CeC2,CeC2-1,4,Bt2,25,43,S2018NC183013-4,CeC2-1-4,57.1227433,16.23892453,26.63833217,sandy clay loam,2.242053577,2.242053577,0.306668839,0.84,0.07,16.66666667,1.389096911,,,,,,,,3.462686256,87.54448399,41.57801418,118.4042553,98.58093126,205.9252669,114.7163121,715.1971844,2008.227728,,,,NC-183-SWSHA-C2A-25_43-03232018
NCState,Cecil,S2018NC183013,S2018NC183013,Crop,BAU,BAU,X,X,X,C2A ,1,CeC2,CeC2-1,5,Bt3,43,100,S2018NC183013-5,CeC2-1-5,13.59222697,22.83610375,63.57166928,clay,1.865538455,1.865538455,0.666449956,0.32,0.02,0.694444444,0.5485708,,,,,,,,3.470658116,24.28825623,9.75177305,,89.26829268,131.13879,42.46453901,713.6091976,245.3775309,,,,NC-183-SWSHA-C2A-43_100R-03232018
NCState,Cecil,S2018NC183013,S2018NC183011,Crop,BAU,BAU,X,X,X,C2B ,2,CeC2,CeC2-2,1,Ap1,0,5,S2018NC183011-1,CeC2-2-1,70.88086146,14.42357127,14.69556727,sandy loam,1.67946359,1.67946359,0.486498767,1.87,0.17,20.70707071,2.044467147,,,,,,,,4.273279512,469.3238434,298.5460993,1524.539007,333.2446415,702.6512456,247.6595745,716.5317691,7351.388373,,,191279,NC-183-SWSHA-C2B-0_5-03232018
NCState,Cecil,S2018NC183013,S2018NC183011,Crop,BAU,BAU,X,X,X,C2B ,2,CeC2,CeC2-2,2,Ap2,5,10,S2018NC183011-2,CeC2-2-2,69.77369953,15.65177993,14.57452054,sandy loam,1.67146037,1.67146037,0.403798827,1.06,0.1,23.67149758,2.643275863,,,,,,,,4.105870444,370.8718861,157.8014184,342.4822695,291.0051737,360.7295374,223.7234043,716.3121539,7476.86167,,,191280,NC-183-SWSHA-C2B-5_10-03232018
NCState,Cecil,S2018NC183013,S2018NC183011,Crop,BAU,BAU,X,X,X,C2B ,2,CeC2,CeC2-2,3,A/B,10,34,S2018NC183011-3,CeC2-2-3,67.8402502,12.21834364,19.94140617,sandy loam,2.20900998,2.20900998,0.356022029,0.67,0.06,12.21719457,1.902148186,,,,,,,,3.442756605,56.85053381,24.91134752,42.71276596,67.41315595,75.88967972,97.07446809,714.4369779,2055.551664,,,191281,NC-183-SWSHA-C2B-10_34-03232018
NCState,Cecil,S2018NC183013,S2018NC183011,Crop,BAU,BAU,X,X,X,C2B ,2,CeC2,CeC2-2,4,Bt1,34,64,S2018NC183011-4,CeC2-2-4,26.75757505,12.08015827,61.16226669,clay,1.838436642,1.838436642,0.577868862,0.22,0.02,2.651515152,0.342415824,,,,,,,,3.208673796,24.73309609,59.57446809,,42.35402809,71.2633452,59.92907801,713.3895824,234.6519366,,,,NC-183-SWSHA-C2B-34_64-03232018
NCState,Cecil,S2018NC183013,S2018NC183011,Crop,BAU,BAU,X,X,X,C2B ,2,CeC2,CeC2-2,5,BC,64,100,S2018NC183011-5,CeC2-2-5,27.53729045,13.52740202,58.93530752,clay,1.811880503,1.811880503,0.573685361,0.23,0.02,5.078125,0.533439746,,,,,,,,2.569837895,29.27046263,3.191489362,14.53900709,38.73244642,52.4911032,6.117021277,713.2375411,90.83367803,,,,NC-183-SWSHA-C2B-64_89-03232018
NCState,Cecil,S2018NC183013,S2018NC183012,Crop,BAU,BAU,X,X,X,C2C ,3,CeC2,CeC2-3,1,Ap1,0,5,S2018NC183012-1,CeC2-3-1,51.60636213,16.88002433,31.51361354,sandy clay loam,1.404807631,1.404807631,0.378334036,1.79,0.17,17.44680851,2.413425006,,,,,,,,3.635168326,627.8914591,233.4751773,794.1134752,354.3569845,711.9039146,237.9078014,717.4271234,7974.487241,,,191282,NC-183-SWSHA-C2C-0_5-03232018
NCState,Cecil,S2018NC183013,S2018NC183012,Crop,BAU,BAU,X,X,X,C2C ,3,CeC2,CeC2-3,2,Ap2,5,10,S2018NC183012-2,CeC2-3-2,49.97147511,17.95422364,32.07430125,sandy clay loam,1.570935076,1.570935076,0.565197097,1.15,0.11,26.92307692,4.102538316,,,,,,,,3.663069837,503.3985765,222.6595745,815.4255319,376.9918699,742.8647687,252.0921986,717.5115908,6308.445243,,,191283,NC-183-SWSHA-C2C-5_10-03232018
NCState,Cecil,S2018NC183013,S2018NC183012,Crop,BAU,BAU,X,X,X,C2C ,3,CeC2,CeC2-3,3,Bt1,10,26,S2018NC183012-3,CeC2-3-3,44.33610579,15.06536222,40.59853199,clay,2.003472739,2.003472739,0.488863355,1.2,0.12,18.33333333,3.12337723,,,,,,,,3.002492499,172.5355872,82.44680851,238.6170213,147.0066519,275.3202847,175.4432624,716.0080713,2470.90545,,,,NC-183-SWSHA-C2C-10_26R-03232018
NCState,Cecil,S2018NC183013,S2018NC183012,Crop,BAU,BAU,X,X,X,C2C ,3,CeC2,CeC2-3,4,Bt2,26,46,S2018NC183012-4,CeC2-3-4,16.50691549,17.51425574,65.97882877,clay,1.636415967,1.636415967,0.662630237,0.46,0.05,3.985507246,0.743819003,,,,,,,,2.524543234,59.34163701,29.07801418,,43.49963045,88.61209964,60.63829787,714.2173627,361.7347792,,,,NC-183-SWSHA-C2C-26_46-03232018
NCState,Cecil,S2018NC183013,S2018NC183012,Crop,BAU,BAU,X,X,X,C2C ,3,CeC2,CeC2-3,5,Bt3,46,100,S2018NC183012-5,CeC2-3-5,20.69916291,25.27407268,54.02676441,clay,1.767317119,1.767317119,0.620916485,0.09,<0.02,0,0.325695921,,,,,,,,2.31655015,3.647686833,2.570921986,,19.84478936,58.54092527,21.63120567,713.4571563,39.55090443,,,,NC-183-SWSHA-C2C-46_94R-03232018
NCState,Cecil,S2018NC183019,S2018NC183018,Crop,BAU,BAU,X,X,X,C3A ,1,CeC3,CeC3-1,1,Ap1,0,5,S2018NC183018-1,CeC3-1-1,57.35743356,17.25443231,25.38813413,sandy clay loam,1.445915079,1.445915079,0.39882713,2.24,0.15,18.38565022,2.710572637,,,,,,,,3.918169368,444.8576512,245.5319149,440.9751773,162.3355506,439.430605,227.8014184,717.4778038,10773.24249,,,191284,NC-183-SWSHA-C3A-0_5-03232018
NCState,Cecil,S2018NC183019,S2018NC183018,Crop,BAU,BAU,X,X,X,C3A ,1,CeC3,CeC3-1,2,Ap2,5,10,S2018NC183018-2,CeC3-1-2,58.84231911,16.33232376,24.82535713,sandy clay loam,1.696318856,1.696318856,0.475585285,1.68,0.11,11.38211382,2.725243063,,,,,,,,3.759819233,245.6049822,179.964539,314.7340426,147.1101256,309.6619217,254.5744681,717.6974191,9328.650153,,,191285,NC-183-SWSHA-C3A-05_10R-03232018
NCState,Cecil,S2018NC183019,S2018NC183018,Crop,BAU,BAU,X,X,X,C3A ,1,CeC3,CeC3-1,3,C1,10,49,S2018NC183018-3,CeC3-1-3,50.29468285,17.32000479,32.38531236,sandy clay loam,1.758586333,1.758586333,0.463519825,1.34,0.08,13.8996139,2.643939137,,,,,,,,2.701735948,64.41281139,70.21276596,45.39007092,82.13599409,93.68327402,209.5390071,716.8358517,5752.081829,,,,NC-183-SWSHA-C3A-10_49-03232018
NCState,Cecil,S2018NC183019,S2018NC183018,Crop,BAU,BAU,X,X,X,C3A ,1,CeC3,CeC3-1,4,2C,49,79,S2018NC183018-4,CeC3-1-4,31.29348543,42.55271268,26.15380189,loam,2.060040953,2.060040953,0.506991861,0.44,0.03,11.97183099,0.76620855,,,,,,,,2.725289172,15.39145907,22.60638298,115.212766,21.2158167,35.14234875,20.56737589,714.369404,2112.862242,,,,NC-183-SWSHA-C3A-49_79-03232018
NCState,Cecil,S2018NC183019,S2018NC183018,Crop,BAU,BAU,X,X,X,C3A ,1,CeC3,CeC3-1,5,3Abp,79,100,S2018NC183018-5,CeC3-1-5,58.71359133,12.17518782,29.11122085,sandy clay loam,2.257514343,2.257514343,0.279991439,0.59,0.06,16.66666667,1.370712285,,,,,,,,2.820226782,35.85409253,36.61347518,,27.88248337,70.72953737,21.27659574,714.7748475,1865.642404,,,,NC-183-SWSHA-C3A-79_100-03232018
NCState,Cecil,S2018NC183019,S2018NC183019,Crop,BAU,BAU,X,X,X,C3B ,2,CeC3,CeC3-2,1,Ap1,0,5,S2018NC183019-1,CeC3-2-1,55.75230173,18.97065915,25.27703912,sandy clay loam,1.597733737,1.597733737,0.435569185,1.86,0.13,54.03225806,2.383617922,,,,,,,,4.021078839,333.5053381,207.2340426,534.5921986,185.2660754,518.7010676,323.1914894,716.987893,10720.5838,,,191286,NC-183-SWSHA-C3B-0_5-03232018
NCState,Cecil,S2018NC183019,S2018NC183019,Crop,BAU,BAU,X,X,X,C3B ,2,CeC3,CeC3-2,2,Ap2,5,10,S2018NC183019-2,CeC3-2-2,49.37465923,20.96101925,29.66432152,sandy clay loam,1.520005495,1.520005495,0.388519953,1.72,0.11,50.58823529,3.704072802,,,,,,,,3.795692605,200.5871886,119.9468085,199.964539,144.2461197,311.797153,442.2163121,716.7344908,8926.346696,,,191287,NC-183-SWSHA-C3B-5_10-03232018
NCState,Cecil,S2018NC183019,S2018NC183019,Crop,BAU,BAU,X,X,X,C3B ,2,CeC3,CeC3-2,3,C,10,39,S2018NC183019-3,CeC3-2-3,47.98169626,19.28492494,32.7333788,sandy clay loam,1.841468164,1.841468164,0.438115664,1.96,0.13,25.57251908,3.68617544,,,,,,,,3.471382831,121.1743772,109.929078,146.7730496,130.9053954,150.2669039,395,716.987893,4791.142169,,,,NC-183-SWSHA-C3B-10_39-03232018
NCState,Cecil,S2018NC183019,S2018NC183019,Crop,BAU,BAU,X,X,X,C3B ,2,CeC3,CeC3-2,4,2C,39,77,S2018NC183019-4,CeC3-2-4,31.74946421,37.615557,30.63497879,clay loam,2.086597092,2.086597092,0.500686293,0.7,0.05,6.060606061,1.885232879,,,,,,,,2.688691086,14.6797153,15.24822695,,,26.69039146,11.34751773,714.1160019,1306.941554,,,,NC-183-SWSHA-C3B-39_77-03232018
NCState,Cecil,S2018NC183019,S2018NC183019,Crop,BAU,BAU,X,X,X,C3B ,2,CeC3,CeC3-2,5,3Abp,77,94,S2018NC183019-5,CeC3-2-5,71.47273463,11.97764659,16.54961878,sandy loam,2.219559679,2.219559679,0.251737647,0.45,0.05,13.36898396,1.215137847,,,,,,,,2.964444983,6.850533808,17.28723404,,18.25572801,17.34875445,24.29078014,714.1666823,1495.297127,,,,NC-183-SWSHA-C3B-77_94-03232018
NCState,Cecil,S2018NC183019,S2018NC183017,Crop,BAU,BAU,X,X,X,C3C ,3,CeC3,CeC3-3,1,Ap1,0,5,S2018NC183017-1,CeC3-3-1,59.97616202,19.19272957,20.83110842,sandy clay loam,1.703715772,1.703715772,0.475827807,1.92,0.15,34.49612403,2.867078758,,,,,,,,4.227260136,358.0604982,134.3085106,366.0638298,169.3569845,343.113879,349.787234,716.5824496,9811.107009,,,191288,NC-183-SWSHA-C3C-0_5-03232018
NCState,Cecil,S2018NC183019,S2018NC183017,Crop,BAU,BAU,X,X,X,C3C ,3,CeC3,CeC3-3,2,Ap2,5,10,S2018NC183017-2,CeC3-3-2,55.61889731,19.34622499,25.03487771,sandy clay loam,1.843044556,1.843044556,0.46285289,1.96,0.13,44.93927126,3.194916621,,,,,,,,4.388146773,322.4733096,152.748227,334.0070922,162.5757576,336.1743772,456.4007092,716.7851713,9184.274527,,,191289,NC-183-SWSHA-C3C-05_10R-03232018
NCState,Cecil,S2018NC183019,S2018NC183017,Crop,BAU,BAU,X,X,X,C3C ,3,CeC3,CeC3-3,3,C,10,45,S2018NC183017-3,CeC3-3-3,53.15501998,18.13709172,28.7078883,sandy clay loam,2.096055443,2.096055443,0.524514062,1.42,0.08,28.85375494,3.228148037,,,,,,,,3.765254592,45.55160142,61.61347518,101.7730496,70.18107908,99.73309609,351.1702128,716.4641952,6268.824708,,,,NC-183-SWSHA-C3C-10_45-03232018
NCState,Cecil,S2018NC183019,S2018NC183017,Crop,BAU,BAU,X,X,X,C3C ,3,CeC3,CeC3-3,4,2C,45,66,S2018NC183017-4,CeC3-3-4,28.762662,39.5485683,31.6887697,clay loam,2.029543834,2.029543834,0.502565837,0.48,0.04,11.82795699,1.424261752,,,,,,,,3.306872621,78.20284698,63.29787234,75.85106383,23.3037694,51.33451957,57.18085106,715.8391366,3590.933114,,,,NC-183-SWSHA-C3C-45_66R-03232018
NCState,Cecil,S2018NC183019,S2018NC183017,Crop,BAU,BAU,X,X,X,C3C ,3,CeC3,CeC3-3,5,3Abp,66,89,S2018NC183017-5,CeC3-3-5,60.52445559,14.25520286,25.22034155,sandy clay loam,2.069438673,2.069438673,0.298665619,0.69,0.07,21.37096774,2.377631882,,,,,,,,3.105401969,55.96085409,25,43.61702128,35.58758315,45.19572954,45.92198582,715.0789301,2374.316604,,,,NC-183-SWSHA-C3C-66_86-03232018
NCState,Cecil,S2018NC183019,S2018NC183017,Crop,BAU,BAU,X,X,X,C3C ,3,CeC3,CeC3-3,6,3Bbt,89,100,S2018NC183017-6,CeC3-3-6,26.48381446,10.60152071,62.91466484,clay,1.774532143,1.774532143,0.582476776,0.34,0.04,15.10791367,0.930942462,,,,,,,,3.027132794,8.451957295,9.485815603,64.45035461,40.37694013,63.4341637,18.35106383,714.2173627,426.7786434,,,,NC-183-SWSHA-C3C-86_100-03232018
NCState,Cecil,S2018NC183003,S2018NC183020,Forest,Ref - Forest,Ref,X,X,X,F3B ,2,CeF3,CeF3-2,1,Ap1,0,5,S2018NC183020-1,CeF3-2-1,77.70957184,17.38398287,4.906445295,loamy sand,1.667216238,1.667216238,-0.114106515,1.95,0.12,77.77777778,49.01547117,,,,,,,,4.360969976,459.3594306,130.2304965,183.6524823,248.2443307,162.1530249,448.8652482,718.0643319,18518.57237,,,191290,NC-183-SWSHA-F3B-0_5-03232018
NCState,Cecil,S2018NC183003,S2018NC183020,Forest,Ref - Forest,Ref,X,X,X,F3B ,2,CeF3,CeF3-2,2,Ap2,5,10,S2018NC183020-2,CeF3-2-2,79.49513929,15.02378097,5.481079743,loamy sand,1.986738733,1.986738733,0.250403777,1.18,0.07,26.04166667,20.3793239,,,,,,,,3.037641156,80.96085409,34.4858156,35.28368794,69.58302853,61.74377224,237.3758865,716.1115341,8127.482892,,,191291,NC-183-SWSHA-F3B-5_10-03232018
NCState,Cecil,S2018NC183003,S2018NC183020,Forest,Ref - Forest,Ref,X,X,X,F3B ,2,CeF3,CeF3-2,3,E,10,40,S2018NC183020-3,CeF3-2-3,75.90367181,16.64162792,7.454700276,sandy loam,2.455715299,2.455715299,0.240521013,0.37,0.02,31.84357542,61.07484893,,,,,,,,2.715143168,3.558718861,8.156028369,7.80141844,10.82662765,23.1316726,60.63829787,714.3642939,1996.660474,,,,NC-183-SWSHA-F3B-10_40-03232018
NCState,Cecil,S2018NC183003,S2018NC183020,Forest,Ref - Forest,Ref,X,X,X,F3B ,2,CeF3,CeF3-2,4,Eb,40,60,S2018NC183020-4,CeF3-2-4,54.52357798,15.489934,29.98648802,sandy clay loam,2.176269534,2.176269534,0.368875685,0.2,0.02,4.524886878,45.21398529,,,,,,,,2.54374817,61.5658363,5.762411348,46.87943262,18.19678127,30.24911032,28.0141844,714.1244766,375.6570139,,,,NC-183-SWSHA-F3B-40_60-03232018
NCState,Cecil,S2018NC183003,S2018NC183020,Forest,Ref - Forest,Ref,X,X,X,F3B ,2,CeF3,CeF3-2,5,Bt,60,100,S2018NC183020-5,CeF3-2-5,30.90756189,12.32676628,56.76567183,clay,2.025299702,2.025299702,0.571442034,0.15,0.02,3.787878788,24.1807611,,,,,,,,2.456782421,5.604982206,4.343971631,,51.56912948,47.24199288,15.42553191,713.8161401,138.3714142,,,,NC-183-SWSHA-F3B-60_100-03232018
NCState,Cecil,S2018NC183003,S2018NC183003,Forest,Ref - Forest,Ref,X,X,X,F3PIT ,1,CeF3,CeF3-1,1,A,0,5,S2018NC183003-1,CeF3-1-1,67.47964896,23.07505107,9.445299967,sandy loam,0.311519275,0.311519275,0.589934322,8.59,0.37,90.30612245,2.469305394,,,,,,,,5.143661721,720.088968,796.6312057,2524.361702,1448.756401,741.797153,1605.886525,720.4967644,9224.442068,,,191292,NC-183-SWSHA-F3PIT-0_5R-03232018
NCState,Cecil,S2018NC183003,S2018NC183003,Forest,Ref - Forest,Ref,X,X,X,F3PIT ,1,CeF3,CeF3-1,2,B,5,10,S2018NC183003-2,CeF3-1-2,61.88105217,16.43210989,21.68683794,sandy clay loam,1.276998633,1.276998633,0.337226588,2.56,0.12,85.9030837,2.657276184,,,,,,,,1.88751912,120.5160142,92.81914894,75.67375887,218.5076811,105.9608541,462.429078,717.9958127,16945.22632,,,191293,NC-183-SWSHA-F3PIT-5_10-03232018
NCState,Cecil,S2018NC183003,S2018NC183003,Forest,Ref - Forest,Ref,X,X,X,F3PIT ,1,CeF3,CeF3-1,3,Bt1,10,40,S2018NC183003-3,CeF3-1-3,35.10499722,13.80405195,51.09095083,clay,1.448764711,1.448764711,0.478980591,0.49,0.03,44.57364341,1.913325943,,,,,,,,1.641116163,39.85765125,10.19503546,,61.02414045,75.08896797,75.88652482,715.1180053,994.8475767,,,,NC-183-SWSHA-F3PIT-10_40R-03232018
NCState,Cecil,S2018NC183003,S2018NC183003,Forest,Ref - Forest,Ref,X,X,X,F3PIT ,1,CeF3,CeF3-1,4,Bt2,40,70,S2018NC183003-4,CeF3-1-4,31.12592233,13.09767231,55.77640536,clay,1.686981766,1.686981766,0.615520374,0.16,0.02,11.11111111,0.444897177,,,,,,,,0.525418069,159.252669,7.003546099,,72.19824433,171.975089,35.10638298,714.1587362,298.8642273,,,,NC-183-SWSHA-F3PIT-40_70-03232018
NCState,Cecil,S2018NC183003,S2018NC183003,Forest,Ref - Forest,Ref,X,X,X,F3PIT ,1,CeF3,CeF3-1,5,Bt3,70,100,S2018NC183003-5,CeF3-1-5,51.22752527,15.87000705,32.90246769,sandy clay loam,1.733727847,1.733727847,0.529667651,0.1,<0.02,11.65413534,24.02882206,,,,,,,,1.061706857,2.669039146,2.393617021,,53.08705194,186.1743772,7.978723404,713.5763228,72.23365726,,,,NC-183-SWSHA-F3PIT-70_100-03232018
NCState,Cecil,S2018NC183006,S2018NC183006,Hay,SHM - forage,SHM,X,X,X,P1A ,1,CeH1,CeH1-1,1,Ap1,0,5,S2018NC183006-1,CeH1-1-1,74.50565106,16.91187171,8.582477232,sandy loam,1.052908473,1.052908473,0.276474873,2.76,0.24,65.38461538,1.897718541,,,,,,,,3.1840335,513.9857651,174.4680851,472.8900709,291.9733925,457.2775801,684.1134752,716.6669169,12791.12489,,,191294,NC-183-SWSHA-P1A-0_5-03192018
NCState,Cecil,S2018NC183006,S2018NC183006,Hay,SHM - forage,SHM,X,X,X,P1A ,1,CeH1,CeH1-1,2,Ap2,5,10,S2018NC183006-2,CeH1-1-2,78.51533981,13.5954593,7.889200889,loamy sand,1.676189545,1.676189545,0.263984999,0.44,0.04,87.83068783,2.00024412,,,,,,,,1.663219958,229.4128114,78.10283688,196.7730496,109.1019956,236.3523132,423.9007092,715.146504,6941.620381,,,191296,NC-183-SWSHA-P1A-05_10-03192018
NCState,Cecil,S2018NC183006,S2018NC183006,Hay,SHM - forage,SHM,X,X,X,P1A ,1,CeH1,CeH1-1,3,BA,10,44,S2018NC183006-3,CeH1-1-3,83.3784144,7.12856017,9.493025434,loamy sand,2.087445918,2.087445918,0.228758705,0.42,0.03,19.90950226,0.943013522,,,,,,,,1.391451991,13.96797153,7.890070922,37.5,13.37767923,45.19572954,8.333333333,713.9977475,1723.998276,,,,NC-183-SWSHA-P1A-10_44-03192018
NCState,Cecil,S2018NC183006,S2018NC183006,Hay,SHM - forage,SHM,X,X,X,P1A ,1,CeH1,CeH1-1,4,Bt,44,75,S2018NC183006-4,CeH1-1-4,52.00832238,15.26796039,32.72371722,sandy clay loam,2.076168654,2.076168654,0.369360729,0.23,0.02,5.405405405,0.912969785,,,,,,,,1.054459712,8.362989324,23.40425532,66.75531915,27.75314117,40.9252669,4.078014184,713.6767715,235.2308628,,,,NC-183-SWSHA-P1A-44_75-03192018
NCState,Cecil,S2018NC183006,S2018NC183006,Hay,SHM - forage,SHM,X,X,X,P1A ,1,CeH1,CeH1-1,5,BC,75,100,S2018NC183006-5,CeH1-1-5,51.91085704,11.70475443,36.38438853,sandy clay,1.965214922,1.965214922,0.453940213,0.2,0.02,6.666666667,0.429654255,,,,,,,,0.887775359,2.046263345,3.014184397,119.1134752,36.66297118,38.34519573,7.80141844,713.2037541,-26.18731115,,,,NC-183-SWSHA-P1A-75_100-03192018
NCState,Cecil,S2018NC183006,S2018NC183007,Hay,SHM - forage,SHM,X,X,X,P1B ,2,CeH1,CeH1-2,1,Ap1,0,5,S2018NC183007-1,CeH1-2-1,65.65346181,24.02812026,10.31841794,sandy loam,0.898058292,0.898058292,0.411559525,5.05,0.41,92.06349206,,,,,,,,,5.070465548,669.1992883,231.7021277,810.9397163,327.7383592,908.9323843,833.3687943,717.3257626,22290.392,,,191297,NC-183-SWSHA-P1B-0_5-03192018
NCState,Cecil,S2018NC183006,S2018NC183007,Hay,SHM - forage,SHM,X,X,X,P1B ,2,CeH1,CeH1-2,2,Ap2,5,10,S2018NC183007-2,CeH1-2-2,66.47911424,21.96012116,11.5607646,sandy loam,1.457919909,1.457919909,0.400282261,2.18,0.17,52.03252033,2.31863586,,,,,,,,2.822038569,229.4128114,110.0177305,405.7801418,161.4781966,243.6476868,591.3297872,716.4304083,9564.898584,,,191298,NC-183-SWSHA-P1B-05_10R-03192018
NCState,Cecil,S2018NC183006,S2018NC183007,Hay,SHM - forage,SHM,X,X,X,P1B ,2,CeH1,CeH1-2,3,BA,10,23,S2018NC183007-3,CeH1-2-3,61.69761172,18.28404426,20.01834402,sandy clay loam,1.52723451,1.52723451,0.251103359,1.43,0.08,87.02290076,1.972440242,,,,,,,,2.795224129,49.46619217,28.63475177,128.3510638,49.26459719,158.8967972,157.712766,715.6026279,6151.5025,,,191295,NC-183-SWSHA-P1B-10_23R-03192018
NCState,Cecil,S2018NC183006,S2018NC183007,Hay,SHM - forage,SHM,X,X,X,P1B ,2,CeH1,CeH1-2,4,Bt,23,49,S2018NC183007-4,CeH1-2-4,29.25308084,17.51201041,53.23490875,clay,1.689649506,1.689649506,0.561498639,0.54,0.04,14.33566434,0.488202508,,,,,,,,1.021847556,16.10320285,13.4751773,,20.88322247,75.88967972,33.24468085,714.8255279,496.8893213,,,,NC-183-SWSHA-P1B-23_49-03192018
NCState,Cecil,S2018NC183006,S2018NC183007,Hay,SHM - forage,SHM,X,X,X,P1B ,2,CeH1,CeH1-2,5,BC,49,100,S2018NC183007-5,CeH1-2-5,30.37134209,22.72911585,46.89954207,clay,1.616589809,1.616589809,0.55895216,0.2,0.02,4.761904762,0.411007051,,,,,,,,1.572630635,10.14234875,7.712765957,,37.8713969,76.77935943,18.08510638,713.4740497,-57.66472012,,,,NC-183-SWSHA-P1B-49_100-03192018
NCState,Cecil,S2018NC183006,S2018NC183002,Hay,SHM - forage,SHM,X,X,X,P1PIT ,3,CeH1,CeH1-3,1,Ap1,0,5,S2018NC183002-1,CeH1-3-1,53.48222589,27.48104694,19.03672717,sandy loam,1.380434188,1.380434188,0.451818147,4.58,0.41,86.31178707,1.996232253,,,,,,,,5.196203528,637.1708185,266.2765957,1177.836879,508.0413895,584.1814947,879.2907801,717.4440169,20883.7288,,,191300,NC-183-SWSHA-P1PIT-0_5-03192018
NCState,Cecil,S2018NC183006,S2018NC183002,Hay,SHM - forage,SHM,X,X,X,P1PIT ,3,CeH1,CeH1-3,2,Ap2,5,10,S2018NC183002-2,CeH1-3-2,56.67595423,19.90656967,23.41747609,sandy clay loam,1.801755217,1.801755217,0.280719004,2.19,0.2,80.76923077,3.147001811,,,,,,,,2.788701698,181.7259786,123.8475177,327.2695035,271.0236511,320.1601423,541.2411348,716.4979822,8356.489636,,,191301,NC-183-SWSHA-P1PIT-05_10-03192018
NCState,Cecil,S2018NC183006,S2018NC183002,Hay,SHM - forage,SHM,X,X,X,P1PIT ,3,CeH1,CeH1-3,3,Bt1,10,16,S2018NC183002-3,CeH1-3-3,53.19891314,12.78418908,34.01689778,sandy clay loam,2.151724305,2.151724305,0.478980591,1.39,0.11,67.49116608,2.393749308,,,,,,,,1.304486241,85.58718861,71.9858156,123.3687943,98.60310421,137.9003559,177.570922,715.9573909,3573.388969,,,191299,NC-183-SWSHA-P1PIT-10_23-03192018
NCState,Cecil,S2018NC183006,S2018NC183002,Hay,SHM - forage,SHM,X,X,X,P1PIT ,3,CeH1,CeH1-3,4,Bt2,16,61,S2018NC183002-4,CeH1-3-4,18.50196493,16.44814677,65.04988829,clay,1.78073767,1.78073767,0.592420171,0.54,0.04,20.80536913,1.69244741,,,,,,,,0.148566489,16.81494662,24.0248227,,43.62897265,101.8683274,92.0212766,714.5721258,1038.863507,,,,NC-183-SWSHA-P1PIT-23_49-03192018
NCState,Cecil,S2018NC183006,S2018NC183002,Hay,SHM - forage,SHM,X,X,X,P1PIT ,3,CeH1,CeH1-3,5,Bt3,61,100,S2018NC183002-5,CeH1-3-5,35.96606107,19.51893497,44.51500396,clay,2.001380988,2.001380988,0.59763439,0.18,0.02,4.794520548,0.403835505,,,,,,,,0.293509404,7.918149466,6.205673759,,16.27124908,61.03202847,29.87588652,713.3895824,-18.57537361,,,,NC-183-SWSHA-P1PIT-49_100-03192018
NCState,Cecil,S2018NC183016,S2018NC183015,Hay,SHM - forage,SHM,X,X,X,P2A ,1,CeH2,CeH2-1,1,Ap1,0,5,S2018NC183015-1,CeH2-1-1,75.18146309,20.20701456,4.611522354,loamy sand,1.25529293,1.25529293,0.381244298,1.83,0.17,88.18181818,1.677029306,,,,,,,,2.138632721,572.2597865,126.3297872,421.4716312,293.2150776,509.8042705,363.0851064,716.0925387,12413.42759,,,191302,NC-183-SWSHA-P2A-0_5-03192018
NCState,Cecil,S2018NC183016,S2018NC183015,Hay,SHM - forage,SHM,X,X,X,P2A ,1,CeH2,CeH2-1,2,Ap2,5,10,S2018NC183015-2,CeH2-1-2,74.73378319,20.36085445,4.905362362,sandy loam,1.796116584,1.796116584,0.419077702,1.72,0.16,83.60655738,1.632245712,,,,,,,,1.540018479,236.7081851,77.30496454,319.1134752,218.917221,297.3843416,339.858156,715.889817,9595.690148,,,191303,NC-183-SWSHA-P2A-05_10-03192018
NCState,Cecil,S2018NC183016,S2018NC183015,Hay,SHM - forage,SHM,X,X,X,P2A ,1,CeH2,CeH2-1,3,Bt1,10,30,S2018NC183015-3,CeH2-1-3,74.43047413,19.02174108,6.547784788,sandy loam,,1.82,,0.62,0.06,78.03468208,1.278013943,,,,,,,,0.847916057,91.90391459,28.54609929,102.570922,72.62010347,133.1850534,102.570922,714.757954,4194.752002,,,,NC-183-SWSHA-P2A-10_30-03192018
NCState,Cecil,S2018NC183016,S2018NC183015,Hay,SHM - forage,SHM,X,X,X,P2A ,1,CeH2,CeH2-1,4,Bt2,30,62,S2018NC183015-4,CeH2-1-4,30.64425058,11.03225768,58.32349174,clay,1.83558701,1.83558701,0.591692606,0.39,0.04,20.68965517,1.012662227,,,,,,,,0.608760246,1.957295374,10.81560284,62.67730496,49.37546194,71.53024911,29.07801418,714.014641,635.5591517,,,,NC-183-SWSHA-P2A-30_62-03192018
NCState,Cecil,S2018NC183016,S2018NC183015,Hay,SHM - forage,SHM,X,X,X,P2A ,1,CeH2,CeH2-1,5,Bt/BC,62,100,S2018NC183015-5,CeH2-1-5,21.37638368,8.996987363,69.62662896,clay,,1.84,,0.15,0.02,5.574912892,0.447911434,,,,,,,,0.054353593,9.786476868,1.329787234,142.3404255,84.25720621,93.68327402,19.14893617,713.3220084,9.083292605,,,,NC-183-SWSHA-P2A-62_100-03192018
NCState,Cecil,S2018NC183016,S2018NC183016,Hay,SHM - forage,SHM,X,X,X,P2B ,2,CeH2,CeH2-2,1,Ap1,0,5,S2018NC183016-1,CeH2-2-1,74.53892333,19.10514446,6.355932203,sandy loam,1.386861016,1.386861016,0.389126257,2.12,0.21,93.85964912,1.654616232,,,,,,,,1.909622914,515.5160142,103.3687943,455.6028369,257.405765,466.7437722,354.751773,716.2614735,12306.11497,,,191304,NC-183-SWSHA-P2B-0_5-03192018
NCState,Cecil,S2018NC183016,S2018NC183016,Hay,SHM - forage,SHM,X,X,X,P2B ,2,CeH2,CeH2-2,2,Ap2,5,10,S2018NC183016-2,CeH2-2-2,72.42205731,19.86699314,7.710949548,sandy loam,1.728574258,1.728574258,0.342198285,1.26,0.13,95.04950495,1.217371146,,,,,,,,1.62408537,262.5088968,72.5177305,276.9148936,168.3148559,328.8790036,295.3546099,715.5688409,8457.7722,,,191305,NC-183-SWSHA-P2B-05_10-03192018
NCState,Cecil,S2018NC183016,S2018NC183016,Hay,SHM - forage,SHM,X,X,X,P2B ,2,CeH2,CeH2-2,3,Bt1,10,15,S2018NC183016-3,CeH2-2-3,74.99224934,15.6664218,9.341328864,sandy loam,,1.79,,0.69,0.06,57.8125,1.243753846,,,,,,,,0.558030225,84.0747331,31.82624113,119.5921986,64.02808574,202.4288256,100.9751773,714.6903801,4331.999708,,,,NC-183-SWSHA-P2B-10_15-03192018
NCState,Cecil,S2018NC183016,S2018NC183016,Hay,SHM - forage,SHM,X,X,X,P2B ,2,CeH2,CeH2-2,4,Bt2,15,58,S2018NC183016-4,CeH2-2-4,26.46673703,11.86684139,61.66642158,clay,1.859111627,1.859111627,0.432477032,0.45,0.04,19.15708812,0.823323723,,,,,,,,0.43845232,18.41637011,13.38652482,,26.59275684,72.06405694,37.67730496,714.1160019,499.7642498,,,,NC-183-SWSHA-P2B-15_58-03192018
NCState,Cecil,S2018NC183016,S2018NC183016,Hay,SHM - forage,SHM,X,X,X,P2B ,2,CeH2,CeH2-2,5,Bt/BC,58,100,S2018NC183016-5,CeH2-2-5,19.09886537,12.72270407,68.17843056,clay,1.693893638,1.693893638,0.535124392,0.26,0.02,5.2,0.426275301,,,,,,,,0.148566489,7.829181495,4.69858156,23.54609929,65.54323725,83.00711744,43.97163121,713.4740497,32.99038857,,,,NC-183-SWSHA-P2B-58_100-03192018
NCState,Cecil,S2018NC183016,S2018NC183014,Hay,SHM - forage,SHM,X,X,X,P2C ,3,CeH2,CeH2-3,1,Ap1,0,5,S2018NC183014-1,CeH2-3-1,63.11693357,25.15038472,11.73268171,sandy loam,1.221097354,1.221097354,0.477767982,2.68,0.24,90.8045977,2.513269554,,,,,,,,2.658615431,744.6441281,186.1347518,892.7659574,445.0849963,792.6868327,665.3191489,716.7007039,14676.33921,,,191306,NC-183-SWSHA-P2C-0_5-03192018
NCState,Cecil,S2018NC183016,S2018NC183014,Hay,SHM - forage,SHM,X,X,X,P2C ,3,CeH2,CeH2-3,2,Ap2,5,10,S2018NC183014-2,CeH2-3-2,63.10427687,20.27151711,16.62420602,sandy loam,1.552867201,1.552867201,0.352384202,1.48,0.13,87.44769874,3.184213301,,,,,,,,1.46645995,221.227758,83.42198582,540.7092199,190.4065041,389.0213523,371.0638298,715.6702018,8416.164988,,,191307,NC-183-SWSHA-P2C-05_10-03192018
NCState,Cecil,S2018NC183016,S2018NC183014,Hay,SHM - forage,SHM,X,X,X,P2C ,3,CeH2,CeH2-3,3,Bt1,10,22,S2018NC183014-3,CeH2-3-3,62.9414697,19.10156995,17.95696035,sandy loam,1.938355631,1.938355631,0.360953306,1.26,0.11,51.27118644,1.500314387,,,,,,,,2.053841115,122.4199288,62.58865248,182.9432624,111.6925351,259.1281139,273.7234043,715.2309714,5269.435546,,,,NC-183-SWSHA-P2C-10_22-03192018
NCState,Cecil,S2018NC183016,S2018NC183014,Hay,SHM - forage,SHM,X,X,X,P2C ,3,CeH2,CeH2-3,4,Bt2,22,52,S2018NC183014-4,CeH2-3-4,23.04653207,13.32466354,63.62880439,clay,1.563841313,1.563841313,0.597937542,0.73,0.05,29.07801418,1.203886827,,,,,,,,1.050836139,11.20996441,27.65957447,,79.10199557,108.0960854,120.9219858,714.8255279,955.6887929,,,,NC-183-SWSHA-P2C-22_52-03192018
NCState,Cecil,S2018NC183016,S2018NC183014,Hay,SHM - forage,SHM,X,X,X,P2C ,3,CeH2,CeH2-3,5,BC,52,100,S2018NC183014-5,CeH2-3-5,34.11705707,18.76869087,47.11425206,clay,1.73421289,1.73421289,0.596118629,0.13,<0.02,6.94980695,0.402884349,,,,,,,,0.9892354,4.62633452,3.812056738,,55.80561715,108.1850534,30.67375887,713.305115,11.59895236,,,,NC-183-SWSHA-P2C-52_100-03192018
NCState,Cecil,S2018NC183009,S2018NC183010,Hay,SHM - forage,SHM,X,X,X,P3A ,1,CeH3,CeH3-1,1,Ap1,0,5,S2018NC183010-1,CeH3-1-1,56.11781211,26.11770382,17.76448407,sandy loam,1.531282759,1.531282759,0.368754424,3.08,0.28,87.77292576,2.434578461,,,,,,,,3.890992572,860.5071174,221.0638298,564.4326241,462.804878,931.0854093,1078.93617,716.4810887,12608.61971,,,191308,NC-183-SWSHA-P3A-0_5-03192018
NCState,Cecil,S2018NC183009,S2018NC183010,Hay,SHM - forage,SHM,X,X,X,P3A ,1,CeH3,CeH3-1,2,Ap2,5,10,S2018NC183010-2,CeH3-1-2,56.04758771,26.6967583,17.25565399,sandy loam,1.756585528,1.756585528,0.389611301,1.68,0.16,86.61417323,2.655737183,,,,,,,,2.071596623,243.8256228,110.0177305,219.2907801,235.1441242,498.86121,701.8439716,715.5181605,7312.474,,,191309,NC-183-SWSHA-P3A-05_10-03192018
NCState,Cecil,S2018NC183009,S2018NC183010,Hay,SHM - forage,SHM,X,X,X,P3A ,1,CeH3,CeH3-1,3,B/A,10,20,S2018NC183010-3,CeH3-1-3,54.2282154,24.71160558,21.06017902,sandy clay loam,,1.72,,1.09,0.1,69.54545455,2.999293712,,,,,,,,0.634125256,78.7366548,42.19858156,82.44680851,85.68366593,302.544484,309.7163121,714.8593149,3767.133817,,,191310,NC-183-SWSHA-P3A-10_20-03192018
NCState,Cecil,S2018NC183009,S2018NC183010,Hay,SHM - forage,SHM,X,X,X,P3A ,1,CeH3,CeH3-1,4,Bt,20,50,S2018NC183010-4,CeH3-1-4,54.18724883,22.9901278,22.82262337,sandy clay loam,1.688073115,1.688073115,0.441692861,0.78,0.05,22.31404959,1.082536693,,,,,,,,0.666737412,33.00711744,20.92198582,,32.77900961,70.90747331,131.3829787,715.1865246,2082.802728,,,,NC-183-SWSHA-P3A-20_36-03192018
NCState,Cecil,S2018NC183009,S2018NC183010,Hay,SHM - forage,SHM,X,X,X,P3A ,1,CeH3,CeH3-1,5,BC1,50,77,S2018NC183010-5,CeH3-1-5,55.60595963,16.37504701,28.01899336,sandy clay loam,1.879786612,1.879786612,0.602848609,0.33,0.03,7.339449541,0.458862567,,,,,,,,0.500053059,7.028469751,6.560283688,,26.75905395,46.2633452,27.83687943,714.2443852,490.0751856,,,,NC-183-SWSHA-P3A-36_100-03192018
NCState,Cecil,S2018NC183009,S2018NC183009,Hay,SHM - forage,SHM,X,X,X,P3B ,2,CeH3,CeH3-2,1,Ap1,0,5,S2018NC183009-1,CeH3-2-1,72.5690573,19.2246121,8.206330598,sandy loam,1.366367923,1.366367923,0.336256501,1.69,0.16,72.90836653,1.965715539,,,,,,,,1.501246249,404.1992883,109.929078,254.5744681,240.1256467,368.9679715,288.4397163,717.4476589,9318.012124,,,191311,NC-183-SWSHA-P3B-0_5-03192018
NCState,Cecil,S2018NC183009,S2018NC183009,Hay,SHM - forage,SHM,X,X,X,P3B ,2,CeH3,CeH3-2,2,Ap2,5,10,S2018NC183009-2,CeH3-2-2,74.71941973,16.92479459,8.355785682,sandy loam,1.602462913,1.602462913,0.300727054,0.93,0.09,64.1025641,2.279184258,,,,,,,,1.130554742,183.683274,65.95744681,122.322695,92.77900961,177.633452,254.0425532,716.5226494,5929.907312,,,191312,NC-183-SWSHA-P3B-05_10-03192018
NCState,Cecil,S2018NC183009,S2018NC183009,Hay,SHM - forage,SHM,X,X,X,P3B ,2,CeH3,CeH3-2,3,BA,10,24,S2018NC183009-3,CeH3-2-3,69.77302124,12.97932276,17.247656,sandy loam,1.957064457,1.957064457,0.294620701,0.44,0.04,23.7704918,1.576472431,,,,,,,,1.431311292,41.10320285,21.54255319,57.35815603,33.44789357,66.10320285,86.25886525,715.2721736,1647.568694,,,191313,NC-183-SWSHA-P3B-10_24-03192018
NCState,Cecil,S2018NC183009,S2018NC183009,Hay,SHM - forage,SHM,X,X,X,P3B ,2,CeH3,CeH3-2,4,Bt,24,44,S2018NC183009-4,CeH3-2-4,46.1176494,10.70851346,43.17383714,sandy clay,1.619852829,1.619852829,0.387180571,0.43,0.04,32.47232472,1.574735764,,,,,,,,0.779068172,66.37010676,21.45390071,,49.96674058,85.85409253,129.6099291,715.3064332,968.9965626,,,,NC-183-SWSHA-P3B-24_46-03192018
NCState,Cecil,S2018NC183009,S2018NC183008,Hay,SHM - forage,SHM,X,X,X,P3C ,3,CeH3,CeH3-3,1,Ap1,0,5,S2018NC183008-1,CeH3-3-1,72.45598855,19.40220091,8.141810548,sandy loam,1.565720857,1.565720857,0.311034232,2.19,0.2,85.04273504,1.743418349,,,,,,,,2.383948606,575.5782918,178.0141844,401.8085106,318.961229,626.4946619,337.9964539,717.6360868,10224.40867,,,191314,NC-183-SWSHA-P3C-0_5-03192018
NCState,Cecil,S2018NC183009,S2018NC183008,Hay,SHM - forage,SHM,X,X,X,P3C ,3,CeH3,CeH3-3,2,Ap2,5,10,S2018NC183008-2,CeH3-3-2,67.88701911,18.08861489,14.024366,sandy loam,1.722511213,1.722511213,0.249554951,0.98,0.09,18.69565217,2.877826714,,,,,,,,1.500159177,194.5373665,80.23049645,129.5212766,134.063643,204.3238434,302.2695035,716.7967263,4257.333844,,,191315,NC-183-SWSHA-P3C-05_10-03192018
NCState,Cecil,S2018NC183009,S2018NC183008,Hay,SHM - forage,SHM,X,X,X,P3C ,3,CeH3,CeH3-3,3,A/B,10,20,S2018NC183008-3,CeH3-3-3,66.19901551,15.37784778,18.42313671,sandy loam,1.884394526,1.884394526,0.249797473,0.59,0.05,36.40350877,1.595072401,,,,,,,,1.079824722,36.83274021,20.39007092,25.79787234,50.17922458,102.5800712,133.6879433,715.6490293,2667.025248,,,191316,NC-183-SWSHA-P3C-10_20-03192018
NCState,Cecil,S2018NC183009,S2018NC183008,Hay,SHM - forage,SHM,X,X,X,P3C ,3,CeH3,CeH3-3,4,BCt,20,36,S2018NC183008-4,CeH3-3-4,65.01208254,13.2691937,21.71872377,sandy clay loam,1.381085966,1.381085966,0.226227383,0.72,0.05,20.25316456,1.235461059,,,,,,,,0.815303901,24.73309609,14.71631206,31.73758865,37.24945135,70.6405694,111.6134752,715.7860678,2108.577427,,,,NC-183-SWSHA-P3C-20_36-03192018
NCState,Cecil,S2018NC183009,S2018NC183008,Hay,SHM - forage,SHM,X,X,X,P3C ,3,CeH3,CeH3-3,5,BCt,36,100,S2018NC183008-5,CeH3-3-5,44.68144704,13.95825884,41.36029412,clay,1.915255428,1.915255428,0.723988257,0.15,<0.02,14.71698113,0.661548479,,,,,,,,0.644995975,5.604982206,6.294326241,,32.67739576,52.40213523,32.62411348,714.792539,410.5300827,,,,NC-183-SWSHA-P3C-36_100-03192018
Texas A&M,Amarillo,TX-115-AMA,AMANAT1,Native rangeland,Ref - Native,Ref,AMANAT1,TX-445-SW-NAT-R1-0_5-05302018,X,NAT_R1,1,NAT-1,NAT-1 - 1,1,A,0,5,A,NAT-1 - 1-1,,,,,1.54,1.54,3.75,0.54,,,0.53,,,,,,,,194,138.64,14.5,0.38,,,24.14,205.01,397.7,,,,TX-445-SW-NAT-R1-0_5-05302018
Texas A&M,Amarillo,TX-115-AMA,AMANAT1,Native rangeland,Ref - Native,Ref,AMANAT1,TX-445-SW-NAT-R1-0_5-05302018,X,NAT_R1,1,NAT-1,NAT-1 - 1,2,A,5,10,A,NAT-1 - 1-2,,,,,1.58,1.58,5.07,0.28,,,0.6,,,,,,,,179,42.29,6.27,3.52,,,7.37,105.85,93.1,,,,TX-445-SW-NAT-R1-5_10-05302018
Texas A&M,Amarillo,TX-115-AMA,AMANAT1,Native rangeland,Ref - Native,Ref,AMANAT1,TX-445-SW-NAT-R1-0_5-05302018,X,NAT_R1,1,NAT-1,NAT-1 - 1,3,A,10,30,A,NAT-1 - 1-3,,,,,1.64,1.64,4.19,0.17,,,0.78,,,,,,,,192,6.47,4.45,2.72,,,4.79,179,-7.76,,,,TX-445-SW-NAT-R1-10_28-05302018
Texas A&M,Amarillo,TX-115-AMA,AMANAT1,Native rangeland,Ref - Native,Ref,AMANAT1,TX-445-SW-NAT-R1-0_5-05302018,X,NAT_R1,1,NAT-1,NAT-1 - 1,4,Bt1,30,70,B,NAT-1 - 1-4,,,,,1.6,1.6,7.99,0.24,,,1.28,,,,,,,,256,0.58,3.24,3.94,,,2.59,63.71,175.81,,,,TX-445-SW-NAT-R1-28_68-05302018
Texas A&M,Amarillo,TX-115-AMA,AMANAT1,Native rangeland,Ref - Native,Ref,AMANAT1,TX-445-SW-NAT-R1-0_5-05302018,X,NAT_R1,1,NAT-1,NAT-1 - 1,5,Bt2,70,100,B,NAT-1 - 1-5,,,,,1.57,1.57,5.77,0.21,,,1.04,,,,,,,,228,0.27,0.01,0.75,,,0.16,13.2,102.18,,,,TX-445-SW-NAT-R1-68_100-05302018
Texas A&M,Amarillo,TX-115-AMA,AMANAT2,Native rangeland,Ref - Native,Ref,AMANAT2,TX-445-SW-NAT-R2-0_5-05302018,X,NAT_R2,2,NAT-2,NAT-2 - 2,1,A,0,5,A,NAT-2 - 2-1,,,,,1.63,1.63,4.48,0.42,,,0.52,,,,,,,,46,102.58,17.54,4.94,,,6.66,208.25,1.32,,,192603,TX-445-SW-NAT-R2-0_5-05302018
Texas A&M,Amarillo,TX-115-AMA,AMANAT2,Native rangeland,Ref - Native,Ref,AMANAT2,TX-445-SW-NAT-R2-0_5-05302018,X,NAT_R2,2,NAT-2,NAT-2 - 2,2,A,5,10,A,NAT-2 - 2-2,,,,,1.71,1.71,4.46,0.25,,,0.61,,,,,,,,7,35.96,3.84,3.11,,,6.98,139.98,164.71,,,192604,TX-445-SW-NAT-R2-5_10-05302018
Texas A&M,Amarillo,TX-115-AMA,AMANAT2,Native rangeland,Ref - Native,Ref,AMANAT2,TX-445-SW-NAT-R2-0_5-05302018,X,NAT_R2,2,NAT-2,NAT-2 - 2,3,A,10,30,A,NAT-2 - 2-3,,,,,1.27,1.27,4.22,0.18,,,0.74,,,,,,,,82,6.57,4.03,1.35,,,4.72,179.71,50.74,,,192605,TX-445-SW-NAT-R2-10_22-05302018
Texas A&M,Amarillo,TX-115-AMA,AMANAT2,Native rangeland,Ref - Native,Ref,AMANAT2,TX-445-SW-NAT-R2-0_5-05302018,X,NAT_R2,2,NAT-2,NAT-2 - 2,4,Bt1,30,70,B,NAT-2 - 2-4,,,,,1.7,1.7,7.18,0.25,,,1.37,,,,,,,,17,2.46,1.46,0.07,,,4.1,57.08,46.71,,,,TX-445-SW-NAT-R2-22_50-05302018
Texas A&M,Amarillo,TX-115-AMA,AMANAT2,Native rangeland,Ref - Native,Ref,AMANAT2,TX-445-SW-NAT-R2-0_5-05302018,X,NAT_R2,2,NAT-2,NAT-2 - 2,5,Bt2,70,100,B,NAT-2 - 2-5,,,,,1.5,1.5,7.23,0.3,,,1.16,,,,,,,,169,12.67,2.44,1.11,,,2.95,32.83,326.09,,,,TX-445-SW-NAT-R2-50_100-05302018
Texas A&M,Amarillo,TX-115-AMA,AMANAT3,Native rangeland,Ref - Native,Ref,AMANAT3,TX-445-SW-NAT-R3-0_5-05302018,X,NAT_R3,3,NAT-3,NAT-3 - 3,1,A,0,5,A,NAT-3 - 3-1,,,,,1.83,1.83,2.86,0.52,,,0.61,,,,,,,,29,154.48,20.72,5.43,,,6.61,228.67,83.02,,,192606,TX-445-SW-NAT-R3-0_5-05302018
Texas A&M,Amarillo,TX-115-AMA,AMANAT3,Native rangeland,Ref - Native,Ref,AMANAT3,TX-445-SW-NAT-R3-0_5-05302018,X,NAT_R3,3,NAT-3,NAT-3 - 3,2,A,5,10,A,NAT-3 - 3-2,,,,,1.52,1.52,5.23,0.3,,,0.75,,,,,,,,79,76.3,10.86,2.73,,,8.06,126.74,308.94,,,192607,TX-445-SW-NAT-R3-5_10-05302018
Texas A&M,Amarillo,TX-115-AMA,AMANAT3,Native rangeland,Ref - Native,Ref,AMANAT3,TX-445-SW-NAT-R3-0_5-05302018,X,NAT_R3,3,NAT-3,NAT-3 - 3,3,A,10,30,A,NAT-3 - 3-3,,,,,1.58,1.58,3.53,0.21,,,0.9,,,,,,,,22,6.83,4.97,1.86,,,5.83,91.22,158.66,,,,TX-445-SW-NAT-R3-10_24-05302018
Texas A&M,Amarillo,TX-115-AMA,AMANAT3,Native rangeland,Ref - Native,Ref,AMANAT3,TX-445-SW-NAT-R3-0_5-05302018,X,NAT_R3,3,NAT-3,NAT-3 - 3,4,Bt1,30,70,B,NAT-3 - 3-4,,,,,1.64,1.64,6.07,0.16,,,1,,,,,,,,9,8.66,0.62,2.17,,,4.4,57.31,81,,,,TX-445-SW-NAT-R3-24_60-05302018
Texas A&M,Amarillo,TX-115-AMA,AMANAT3,Native rangeland,Ref - Native,Ref,AMANAT3,TX-445-SW-NAT-R3-0_5-05302018,X,NAT_R3,3,NAT-3,NAT-3 - 3,5,Bt2,70,100,B,NAT-3 - 3-5,,,,,1.54,1.54,6.53,0.28,,,1.12,,,,,,,,16,9.75,4.26,1.6,,,2.45,52.42,46.71,,,,TX-445-SW-NAT-R3-60_100-05302018
Texas A&M,Amarillo,TX-115-AMA,AMACVT1_R1,Conv Till,BAU,BAU,AMACVT1_R1,TX-115-SWSHA-P1-R1A-0_5-06012018,X,P1_R1a,1,CVT - 1,CVT - 1 - 1,1,Ap,0,5,A,CVT - 1 - 1-1,,,,,1.11,1.11,5.51,0.15,,,0.62,,,,,,,,26,22.46,20.18,1.48,,,2.26,150.56,74.72,,,192527,TX-115-SWSHA-P1-R1A-0_5-06012018
Texas A&M,Amarillo,TX-115-AMA,AMACVT1_R1,Conv Till,BAU,BAU,AMACVT1_R1,TX-115-SWSHA-P1-R1A-0_5-06012018,X,P1_R1a,1,CVT - 1,CVT - 1 - 1,2,Ap,5,10,A,CVT - 1 - 1-2,,,,,1.15,1.15,6.74,0.15,,,1.03,,,,,,,,50,18.72,0.38,2.13,,,2.48,172.87,86.19,,,192528,TX-115-SWSHA-P1-R1A-5_10-06012018
Texas A&M,Amarillo,TX-115-AMA,AMACVT1_R1,Conv Till,BAU,BAU,AMACVT1_R1,TX-115-SWSHA-P1-R1A-0_5-06012018,X,P1_R1a,1,CVT - 1,CVT - 1 - 1,3,Ap,10,35,A,CVT - 1 - 1-3,,,,,1.43,1.43,8.36,0.17,,,0.82,,,,,,,,236,19,7.96,4.04,,,1.24,168.29,76.87,,,192529,TX-115-SWSHA-P1-R1A-10_35-06012018
Texas A&M,Amarillo,TX-115-AMA,AMACVT1_R1,Conv Till,BAU,BAU,AMACVT1_R1,TX-115-SWSHA-P1-R1A-0_5-06012018,X,P1_R1a,1,CVT - 1,CVT - 1 - 1,4,Bt1,35,75,B,CVT - 1 - 1-4,,,,,1.44,1.44,9.51,0.17,,,1.42,,,,,,,,133,8.66,6.46,1.37,,,1.73,118.83,56.79,,,,TX-115-SWSHA-P1-R1A-35_75-06012018
Texas A&M,Amarillo,TX-115-AMA,AMACVT1_R1,Conv Till,BAU,BAU,AMACVT1_R1,TX-115-SWSHA-P1-R1A-0_5-06012018,X,P1_R1a,1,CVT - 1,CVT - 1 - 1,5,Bt2,75,100,B,CVT - 1 - 1-5,,,,,1.37,1.37,8.99,0.11,,,1.44,,,,,,,,56,5.86,2.11,1.47,,,0.92,81.22,18.79,,,,TX-115-SW-P1-R1A-75_100-06012018
Texas A&M,Amarillo,TX-115-AMA,AMACVT1_R2,Conv Till,BAU,BAU,AMACVT1_R2,TX-115-SWSHA-P1-R1B-0_5-06012018,X,P1_R1b,2,CVT - 1,CVT - 1 - 2,1,Ap,0,5,A,CVT - 1 - 2-1,,,,,1.13,1.13,5.73,0.18,,,0.75,,,,,,,,11,21.56,18.71,0.98,,,1.34,251.77,113.43,,,192530,TX-115-SWSHA-P1-R1B-0_5-06012018
Texas A&M,Amarillo,TX-115-AMA,AMACVT1_R2,Conv Till,BAU,BAU,AMACVT1_R2,TX-115-SWSHA-P1-R1B-0_5-06012018,X,P1_R1b,2,CVT - 1,CVT - 1 - 2,2,Ap,5,10,A,CVT - 1 - 2-2,,,,,1.45,1.45,7.43,0.17,,,0.94,,,,,,,,80,21.19,8.28,2.95,,,1.86,150.56,81.89,,,192531,TX-115-SWSHA-P1-R1B-5_10-06012018
Texas A&M,Amarillo,TX-115-AMA,AMACVT1_R2,Conv Till,BAU,BAU,AMACVT1_R2,TX-115-SWSHA-P1-R1B-0_5-06012018,X,P1_R1b,2,CVT - 1,CVT - 1 - 2,3,Ap,10,35,A,CVT - 1 - 2-3,,,,,1.36,1.36,8.09,0.14,,,0.94,,,,,,,,83,15.48,5.29,0.7,,,2.73,151.16,96.23,,,,TX-115-SWSHA-P1-R1B-10_35-06012018
Texas A&M,Amarillo,TX-115-AMA,AMACVT1_R2,Conv Till,BAU,BAU,AMACVT1_R2,TX-115-SWSHA-P1-R1B-0_5-06012018,X,P1_R1b,2,CVT - 1,CVT - 1 - 2,4,Bt1,35,75,B,CVT - 1 - 2-4,,,,,1.54,1.54,9.04,0.21,,,1.52,,,,,,,,71,3.37,4.26,2.11,,,1.03,114.21,52.49,,,,TX-115-SWSHA-P1-R1B-35_75-06012018
Texas A&M,Amarillo,TX-115-AMA,AMACVT1_R2,Conv Till,BAU,BAU,AMACVT1_R2,TX-115-SWSHA-P1-R1B-0_5-06012018,X,P1_R1b,2,CVT - 1,CVT - 1 - 2,5,Bt2,75,100,B,CVT - 1 - 2-5,,,,,1.43,1.43,10.59,0.15,,,1.12,,,,,,,,77,3.93,5.25,2.07,,,1.42,72.06,25.24,,,,TX-115-SW-P1-R1B-75_100-06012018
Texas A&M,Amarillo,TX-115-AMA,AMACVT1_R3,Conv Till,BAU,BAU,AMACVT1_R3,TX-115-SWSHA-P1-R1C-0_5-06012018,X,P1_R1c,3,CVT - 1,CVT - 1 - 3,1,Ap,0,5,A,CVT - 1 - 3-1,,,,,1.72,1.72,5.16,0.21,,,0.63,,,,,,,,85,22.08,11.79,0.7,,,0.29,142.76,52.49,,,192532,TX-115-SWSHA-P1-R1C-0_5-06012018
Texas A&M,Amarillo,TX-115-AMA,AMACVT1_R3,Conv Till,BAU,BAU,AMACVT1_R3,TX-115-SWSHA-P1-R1C-0_5-06012018,X,P1_R1c,3,CVT - 1,CVT - 1 - 3,2,Ap,5,10,A,CVT - 1 - 3-2,,,,,1.06,1.06,6.71,0.17,,,0.77,,,,,,,,61,22.01,27.78,6.06,,,1.13,132.15,103.4,,,192533,TX-115-SWSHA-P1-R1C-5_10-06012018
Texas A&M,Amarillo,TX-115-AMA,AMACVT1_R3,Conv Till,BAU,BAU,AMACVT1_R3,TX-115-SWSHA-P1-R1C-0_5-06012018,X,P1_R1c,3,CVT - 1,CVT - 1 - 3,3,Ap,10,35,A,CVT - 1 - 3-3,,,,,1.59,1.59,7.58,0.17,,,0.87,,,,,,,,101,16.12,6.74,1.82,,,2.8,243.55,102.68,,,,TX-115-SWSHA-P1-R1C-10_35-06012018
Texas A&M,Amarillo,TX-115-AMA,AMACVT1_R3,Conv Till,BAU,BAU,AMACVT1_R3,TX-115-SWSHA-P1-R1C-0_5-06012018,X,P1_R1c,3,CVT - 1,CVT - 1 - 3,4,Bt1,35,75,B,CVT - 1 - 3-4,,,,,1.55,1.55,10.37,0.15,,,1.34,,,,,,,,27,3.93,2.63,2.14,,,0.75,155.16,43.17,,,,TX-115-SWSHA-P1-R1C-35_75-06012018
Texas A&M,Amarillo,TX-115-AMA,AMACVT1_R3,Conv Till,BAU,BAU,AMACVT1_R3,TX-115-SWSHA-P1-R1C-0_5-06012018,X,P1_R1c,3,CVT - 1,CVT - 1 - 3,5,Bt2,75,100,B,CVT - 1 - 3-5,,,,,1.48,1.48,10.22,0.15,,,1.71,,,,,,,,65,2.96,4.73,0.98,,,0.57,109.15,2.3,,,,TX-115-SW-P1-R1C-75_100-06012018
Texas A&M,Amarillo,TX-115-AMA,AMANTR1_R1,No-till,SHM - no-till,SHM,AMANTR1_R1,TX-115-SWSHA-P2-R1A-0_5-06012018,X,P2_R1a,1,NTR - 1,NTR - 1 - 1,1,Ap,0,5,A,NTR - 1 - 1-1,,,,,1.35,1.35,6.88,0.61,,,0.69,,,,,,,,136,139.55,27.35,0.92,,,10.2,438.65,460.46,,,192534,TX-115-SWSHA-P2-R1A-0_5-06012018
Texas A&M,Amarillo,TX-115-AMA,AMANTR1_R1,No-till,SHM - no-till,SHM,AMANTR1_R1,TX-115-SWSHA-P2-R1A-0_5-06012018,X,P2_R1a,1,NTR - 1,NTR - 1 - 1,2,Ap,5,10,A,NTR - 1 - 1-2,,,,,1.3,1.3,7.42,0.43,,,1.04,,,,,,,,129,89.74,22.47,0.39,,,6.04,325.39,319.93,,,192535,TX-115-SWSHA-P2-R1A-5_10-06012018
Texas A&M,Amarillo,TX-115-AMA,AMANTR1_R1,No-till,SHM - no-till,SHM,AMANTR1_R1,TX-115-SWSHA-P2-R1A-0_5-06012018,X,P2_R1a,1,NTR - 1,NTR - 1 - 1,3,Ap,10,35,A,NTR - 1 - 1-3,,,,,1.48,1.48,8.38,0.13,,,1.02,,,,,,,,40,9.5,5.01,2.78,,,0.05,159.12,80.45,,,192536,TX-115-SWSHA-P2-R1A-10_35-06012018
Texas A&M,Amarillo,TX-115-AMA,AMANTR1_R1,No-till,SHM - no-till,SHM,AMANTR1_R1,TX-115-SWSHA-P2-R1A-0_5-06012018,X,P2_R1a,1,NTR - 1,NTR - 1 - 1,4,Bt1,35,75,B,NTR - 1 - 1-4,,,,,1.46,1.46,8.33,0.19,,,1.36,,,,,,,,49,6.9,5.71,3.11,,,0.29,159.76,58.94,,,,TX-115-SWSHA-P2-R1A-35_75-06012018
Texas A&M,Amarillo,TX-115-AMA,AMANTR1_R1,No-till,SHM - no-till,SHM,AMANTR1_R1,TX-115-SWSHA-P2-R1A-0_5-06012018,X,P2_R1a,1,NTR - 1,NTR - 1 - 1,5,Bt2,75,100,B,NTR - 1 - 1-5,,,,,1.47,1.47,6.85,0.15,,,1.45,,,,,,,,92,5.19,4.64,0.32,,,0.43,145.96,28.11,,,,TX-115-SW-P2-R1A-75_100-06012018
Texas A&M,Amarillo,TX-115-AMA,AMANTR1_R1,No-till,SHM - no-till,SHM,AMANTR1_R2,TX-115-SWSHA-P2-R1B-0_5-06012018,X,P2_R1b,1,NTR - 1,NTR - 1 - 1,1,Ap,0,5,A,NTR - 1 - 1-1,,,,,1.5,1.5,9.49,0.62,,,0.74,,,,,,,,117,147.77,19.4,0.9,,,13.41,419.08,569.44,,,192537,TX-115-SWSHA-P2-R1B-0_5-06012018
Texas A&M,Amarillo,TX-115-AMA,AMANTR1_R2,No-till,SHM - no-till,SHM,AMANTR1_R2,TX-115-SWSHA-P2-R1B-0_5-06012018,X,P2_R1b,2,NTR - 1,NTR - 1 - 2,2,Ap,5,10,A,NTR - 1 - 2-2,,,,,1.3,1.3,9,0.34,,,0.9,,,,,,,,47,78.32,9.59,7.4,,,5.36,322.07,319.21,,,192538,TX-115-SWSHA-P2-R1B-5_10-06012018
Texas A&M,Amarillo,TX-115-AMA,AMANTR1_R2,No-till,SHM - no-till,SHM,AMANTR1_R2,TX-115-SWSHA-P2-R1B-0_5-06012018,X,P2_R1b,2,NTR - 1,NTR - 1 - 2,3,Ap,10,35,A,NTR - 1 - 2-3,,,,,1.57,1.57,9.12,0.15,,,0.77,,,,,,,,68,9.21,8.56,2.38,,,2.74,155.16,89.77,,,,TX-115-SWSHA-P2-R1B-10_35-06012018
Texas A&M,Amarillo,TX-115-AMA,AMANTR1_R2,No-till,SHM - no-till,SHM,AMANTR1_R2,TX-115-SWSHA-P2-R1B-0_5-06012018,X,P2_R1b,2,NTR - 1,NTR - 1 - 2,4,Bt1,35,75,B,NTR - 1 - 2-4,,,,,1.51,1.51,9.37,0.17,,,1.45,,,,,,,,60,5.19,4.12,1.67,,,0.08,151.16,69.7,,,,
Texas A&M,Amarillo,TX-115-AMA,AMANTR1_R2,No-till,SHM - no-till,SHM,AMANTR1_R2,TX-115-SWSHA-P2-R1B-0_5-06012018,X,P2_R1b,2,NTR - 1,NTR - 1 - 2,5,Bt2,75,100,B,NTR - 1 - 2-5,,,,,1.51,1.51,8.62,0.17,,,1.38,,,,,,,,113,5.45,3.98,3.03,,,0.77,100.35,19.51,,,,TX-115-SW-P2-R1B-75_100-06012018
Texas A&M,Amarillo,TX-115-AMA,AMANTR1_R3,No-till,SHM - no-till,SHM,AMANTR1_R3,TX-115-SWSHA-P2-R1C-0_5-06012018,X,P2_R1c,3,NTR - 1,NTR - 1 - 3,1,Ap,0,5,A,NTR - 1 - 3-1,,,,,1.67,1.67,9.05,0.68,,,0.83,,,,,,,,87,165.32,32.22,0.07,,,12.42,417.4,778.08,,,192539,TX-115-SWSHA-P2-R1C-0_5-06012018
Texas A&M,Amarillo,TX-115-AMA,AMANTR1_R3,No-till,SHM - no-till,SHM,AMANTR1_R3,TX-115-SWSHA-P2-R1C-0_5-06012018,X,P2_R1c,3,NTR - 1,NTR - 1 - 3,2,Ap,5,10,A,NTR - 1 - 3-2,,,,,1.44,1.44,8.41,0.34,,,0.93,,,,,,,,75,86.61,14.81,1.9,,,3.69,325.39,300.57,,,192540,TX-115-SWSHA-P2-R1C-5_10-06012018
Texas A&M,Amarillo,TX-115-AMA,AMANTR1_R3,No-till,SHM - no-till,SHM,AMANTR1_R3,TX-115-SWSHA-P2-R1C-0_5-06012018,X,P2_R1c,3,NTR - 1,NTR - 1 - 3,3,Ap,10,35,A,NTR - 1 - 3-3,,,,,1.49,1.49,8.08,0.18,,,0.78,,,,,,,,61,6.57,2.53,2.81,,,0.1,145.96,94.07,,,192541,TX-115-SWSHA-P2-R1C-10_35-06012018
Texas A&M,Amarillo,TX-115-AMA,AMANTR1_R3,No-till,SHM - no-till,SHM,AMANTR1_R3,TX-115-SWSHA-P2-R1C-0_5-06012018,X,P2_R1c,3,NTR - 1,NTR - 1 - 3,4,Bt1,35,75,B,NTR - 1 - 3-4,,,,,1.49,1.49,9.54,0.15,,,1.37,,,,,,,,58,2.48,0.06,3.39,,,0.25,104.55,21.66,,,,TX-115-SWSHA-P2-R1C-35_75-06012018
Texas A&M,Amarillo,TX-115-AMA,AMANTR1_R3,No-till,SHM - no-till,SHM,AMANTR1_R3,TX-115-SWSHA-P2-R1C-0_5-06012018,X,P2_R1c,3,NTR - 1,NTR - 1 - 3,5,Bt2,75,100,B,NTR - 1 - 3-5,,,,,1.59,1.59,8.07,0.2,,,1.25,,,,,,,,134,6.01,4.12,5.07,,,1.87,155.16,65.39,,,,TX-115-SW-P2-R1C-75_100-06012018
Texas A&M,Amarillo,TX-115-AMA,AMANTM1_R1,No-till,SHM - no-till,SHM,AMANTM1_R1,TX-115-SWSHA-P3-R1A-0_5-06012018,X,P3_R1a,1,NTM - 1,NTM - 1 - 1,1,Ap,0,5,A,NTM - 1 - 1-1,,,,,1.21,1.21,10.15,0.7,,,0.75,,,,,,,,58,160.46,40.51,1.7,,,19.97,447.82,656.91,,,192542,TX-115-SWSHA-P3-R1A-0_5-06012018
Texas A&M,Amarillo,TX-115-AMA,AMANTM1_R1,No-till,SHM - no-till,SHM,AMANTM1_R1,TX-115-SWSHA-P3-R1A-0_5-06012018,X,P3_R1a,1,NTM - 1,NTM - 1 - 1,2,Ap,5,10,A,NTM - 1 - 1-2,,,,,0.82,0.82,8.93,0.49,,,0.94,,,,,,,,29,96.16,5.11,0.58,,,4.46,334.59,360.79,,,192543,TX-115-SWSHA-P3-R1A-5_10-06012018
Texas A&M,Amarillo,TX-115-AMA,AMANTM1_R1,No-till,SHM - no-till,SHM,AMANTM1_R1,TX-115-SWSHA-P3-R1A-0_5-06012018,X,P3_R1a,1,NTM - 1,NTM - 1 - 1,3,Ap,10,35,A,NTM - 1 - 1-3,,,,,1.49,1.49,8.99,0.16,,,1.14,,,,,,,,157,9.84,3.98,0.24,,,0.53,154.54,102.68,,,192544,TX-115-SWSHA-P3-R1A-10_35-06012018
Texas A&M,Amarillo,TX-115-AMA,AMANTM1_R1,No-till,SHM - no-till,SHM,AMANTM1_R1,TX-115-SWSHA-P3-R1A-0_5-06012018,X,P3_R1a,1,NTM - 1,NTM - 1 - 1,4,Bt1,35,75,B,NTM - 1 - 1-4,,,,,1.4,1.4,8.93,0.12,,,1.15,,,,,,,,26,6.05,2.53,0.02,,,1,127.04,60.38,,,,TX-115-SWSHA-P3-R1A-35_75-06012018
Texas A&M,Amarillo,TX-115-AMA,AMANTM1_R1,No-till,SHM - no-till,SHM,AMANTM1_R1,TX-115-SWSHA-P3-R1A-0_5-06012018,X,P3_R1a,1,NTM - 1,NTM - 1 - 1,5,Bt2,75,100,B,NTM - 1 - 1-5,,,,,1.5,1.5,7.4,0.11,,,1.16,,,,,,,,176,4.3,1.23,1.01,,,0.85,145.96,16.64,,,,TX-115-SW-P3-R1A-75_100-06012018
Texas A&M,Amarillo,TX-115-AMA,AMANTM1_R2,No-till,SHM - no-till,SHM,AMANTM1_R2,TX-115-SWSHA-P3-R1B-0_5-06012018,X,P3_R1b,2,NTM - 1,NTM - 1 - 2,1,Ap,0,5,A,NTM - 1 - 2-1,,,,,1.31,1.31,8.68,0.58,,,0.85,,,,,,,,199,124.92,26.13,0.03,,,5.18,409.84,476.95,,,192545,TX-115-SWSHA-P3-R1B-0_5-06012018
Texas A&M,Amarillo,TX-115-AMA,AMANTM1_R2,No-till,SHM - no-till,SHM,AMANTM1_R2,TX-115-SWSHA-P3-R1B-0_5-06012018,X,P3_R1b,2,NTM - 1,NTM - 1 - 2,2,Ap,5,10,A,NTM - 1 - 2-2,,,,,1.5,1.5,8.09,0.36,,,0.96,,,,,,,,77,61.51,12.62,1.96,,,3.26,317.46,348.61,,,192546,TX-115-SWSHA-P3-R1B-5_10-06012018
Texas A&M,Amarillo,TX-115-AMA,AMANTM1_R2,No-till,SHM - no-till,SHM,AMANTM1_R2,TX-115-SWSHA-P3-R1B-0_5-06012018,X,P3_R1b,2,NTM - 1,NTM - 1 - 2,3,Ap,10,35,A,NTM - 1 - 2-3,,,,,1.65,1.65,7.89,0.14,,,0.76,,,,,,,,23,7.35,6.18,2.07,,,0.89,132.15,85.47,,,,TX-115-SWSHA-P3-R1B-10_35-06012018
Texas A&M,Amarillo,TX-115-AMA,AMANTM1_R2,No-till,SHM - no-till,SHM,AMANTM1_R2,TX-115-SWSHA-P3-R1B-0_5-06012018,X,P3_R1b,2,NTM - 1,NTM - 1 - 2,4,Bt1,35,75,B,NTM - 1 - 2-4,,,,,1.55,1.55,6.31,0.14,,,1.39,,,,,,,,8,5.16,8.42,0.36,,,3.6,136.75,60.38,,,,TX-115-SWSHA-P3-R1B-35_75-06012018
Texas A&M,Amarillo,TX-115-AMA,AMANTM1_R2,No-till,SHM - no-till,SHM,AMANTM1_R2,TX-115-SWSHA-P3-R1B-0_5-06012018,X,P3_R1b,2,NTM - 1,NTM - 1 - 2,5,Bt2,75,100,B,NTM - 1 - 2-5,,,,,1.5,1.5,6.59,0.12,,,1.59,,,,,,,,116,2.78,4.36,0.35,,,1.99,132.15,1.58,,,,TX-115-SW-P3-R1B-75_100-06012018
Texas A&M,Amarillo,TX-115-AMA,AMANTM1_R3,No-till,SHM - no-till,SHM,AMANTM1_R3,x,X,P3_R1c,3,NTM - 1,NTM - 1 - 3,1,Ap,0,5,A,NTM - 1 - 3-1,,,,,1.58,1.58,10.23,0.47,,,0.62,,,,,,,,108,133.87,28.61,1.77,,,3.66,438.65,473.36,,,192547,
Texas A&M,Amarillo,TX-115-AMA,AMANTM1_R3,No-till,SHM - no-till,SHM,AMANTM1_R3,x,X,P3_R1c,3,NTM - 1,NTM - 1 - 3,2,Ap,5,10,A,NTM - 1 - 3-2,,,,,1.27,1.27,9.22,0.45,,,1.11,,,,,,,,11,80.1,14.08,0.66,,,0.85,348.39,349.32,,,192548,TX-115-SWSHA-P3-R1C-5_10-06012018
Texas A&M,Amarillo,TX-115-AMA,AMANTM1_R3,No-till,SHM - no-till,SHM,AMANTM1_R3,x,X,P3_R1c,3,NTM - 1,NTM - 1 - 3,3,Ap,10,35,A,NTM - 1 - 3-3,,,,,1.51,1.51,8.37,0.14,,,0.82,,,,,,,,52,9.13,0.99,4.56,,,1.11,195.78,98.38,,,192549,TX-115-SWSHA-P3-R1C-10_35-06012018
Texas A&M,Amarillo,TX-115-AMA,AMANTM1_R3,No-till,SHM - no-till,SHM,AMANTM1_R3,x,X,P3_R1c,3,NTM - 1,NTM - 1 - 3,4,Bt1,35,75,B,NTM - 1 - 3-4,,,,,1.47,1.47,8.18,0.22,,,1.23,,,,,,,,10,4.19,3.75,4.26,,,1.82,155.78,46.04,,,,TX-115-SWSHA-P3-R1C-35_75-06012018
Texas A&M,Amarillo,TX-115-AMA,AMANTM1_R3,No-till,SHM - no-till,SHM,AMANTM1_R3,x,X,P3_R1c,3,NTM - 1,NTM - 1 - 3,5,Bt2,75,100,B,NTM - 1 - 3-5,,,,,1.45,1.45,8.62,0.16,,,1.47,,,,,,,,91,3.41,3,4.71,,,1.81,53.94,1.58,,,,TX-115-SW-P3-R1C-75_100-06012018
Texas A&M,Amarillo,TX-115-AMA,AMANTR2_R1,No-till,SHM - no-till,SHM,AMANTR2_R1,TX-115-SWSHA-P4-R2A-0_5-06012018,X,P4_R2a,1,NTR - 2,NTR - 2 - 1,1,Ap,0,5,A,NTR - 2 - 1-1,,,,,1.37,1.37,8.05,0.66,,,0.81,,,,,,,,23,130.61,15.5,2.78,,,10.05,472.61,576.61,,,192550,TX-115-SWSHA-P4-R2A-0_5-06012018
Texas A&M,Amarillo,TX-115-AMA,AMANTR2_R1,No-till,SHM - no-till,SHM,AMANTR2_R1,TX-115-SWSHA-P4-R2A-0_5-06012018,X,P4_R2a,1,NTR - 2,NTR - 2 - 1,2,Ap,5,10,A,NTR - 2 - 1-2,,,,,1.22,1.22,8.56,0.25,,,0.93,,,,,,,,60,57.22,15.3,0.74,,,4.77,269.1,299.13,,,192551,TX-115-SWSHA-P4-R2A-5_10-06012018
Texas A&M,Amarillo,TX-115-AMA,AMANTR2_R1,No-till,SHM - no-till,SHM,AMANTR2_R1,TX-115-SWSHA-P4-R2A-0_5-06012018,X,P4_R2a,1,NTR - 2,NTR - 2 - 1,3,Ap,10,35,A,NTR - 2 - 1-3,,,,,1.41,1.41,8.57,0.15,,,0.94,,,,,,,,32,9.67,3.05,0.46,,,2.36,155.16,92.64,,,192552,TX-115-SWSHA-P4-R2A-10_35-06012018
Texas A&M,Amarillo,TX-115-AMA,AMANTR2_R1,No-till,SHM - no-till,SHM,AMANTR2_R1,TX-115-SWSHA-P4-R2A-0_5-06012018,X,P4_R2a,1,NTR - 2,NTR - 2 - 1,4,Bt1,35,75,B,NTR - 2 - 1-4,,,,,1.32,1.32,9.5,0.17,,,1.32,,,,,,,,67,9.15,5.15,3.98,,,1.22,132.15,71.13,,,,TX-115-SWSHA-P4-R2A-35_75-06012018
Texas A&M,Amarillo,TX-115-AMA,AMANTR2_R1,No-till,SHM - no-till,SHM,AMANTR2_R1,TX-115-SWSHA-P4-R2A-0_5-06012018,X,P4_R2a,1,NTR - 2,NTR - 2 - 1,5,Bt2,75,100,B,NTR - 2 - 1-5,,,,,1.52,1.52,7.92,0.15,,,1.33,,,,,,,,46,6.97,7.91,1.46,,,0.84,104.13,12.34,,,,TX-115-SW-P4-R2A-75_100-06012018
Texas A&M,Amarillo,TX-115-AMA,AMANTR2_R2,No-till,SHM - no-till,SHM,AMANTR2_R2,TX-115-SWSHA-P4-R2B-0_5-06012018,X,P4_R2b,2,NTR - 2,NTR - 2 - 2,1,Ap,0,5,A,NTR - 2 - 2-1,,,,,1.27,1.27,8.21,0.6,,,0.77,,,,,,,,58,133.77,23.25,1.26,,,9.37,507.39,788.12,,,192553,TX-115-SWSHA-P4-R2B-0_5-06012018
Texas A&M,Amarillo,TX-115-AMA,AMANTR2_R2,No-till,SHM - no-till,SHM,AMANTR2_R2,TX-115-SWSHA-P4-R2B-0_5-06012018,X,P4_R2b,2,NTR - 2,NTR - 2 - 2,2,Ap,5,10,A,NTR - 2 - 2-2,,,,,1.21,1.21,9.01,0.44,,,0.88,,,,,,,,13,72.16,11.35,3.92,,,3.22,348.39,312.04,,,192554,TX-115-SWSHA-P4-R2B-5_10-06012018
Texas A&M,Amarillo,TX-115-AMA,AMANTR2_R2,No-till,SHM - no-till,SHM,AMANTR2_R2,TX-115-SWSHA-P4-R2B-0_5-06012018,X,P4_R2b,2,NTR - 2,NTR - 2 - 2,3,Ap,10,35,A,NTR - 2 - 2-3,,,,,1.5,1.5,8.94,0.19,,,1.09,,,,,,,,79,11.9,3.19,0.61,,,0.27,232.44,88.34,,,192555,TX-115-SWSHA-P4-R2B-10_35-06012018
Texas A&M,Amarillo,TX-115-AMA,AMANTR2_R2,No-till,SHM - no-till,SHM,AMANTR2_R2,TX-115-SWSHA-P4-R2B-0_5-06012018,X,P4_R2b,2,NTR - 2,NTR - 2 - 2,4,Bt1,35,75,B,NTR - 2 - 2-4,,,,,1.45,1.45,9.54,0.18,,,1.15,,,,,,,,59,7.92,1.41,0.18,,,0.94,182.03,72.56,,,,TX-115-SWSHA-P4-R2B-35_75-06012018
Texas A&M,Amarillo,TX-115-AMA,AMANTR2_R2,No-till,SHM - no-till,SHM,AMANTR2_R2,TX-115-SWSHA-P4-R2B-0_5-06012018,X,P4_R2b,2,NTR - 2,NTR - 2 - 2,5,Bt2,75,100,B,NTR - 2 - 2-5,,,,,1.39,1.39,7.39,0.16,,,1.41,,,,,,,,55,6.36,5.57,1.08,,,1.47,149.96,8.04,,,,TX-115-SWP4-R2B-75_100-06012018
Texas A&M,Amarillo,TX-115-AMA,AMANTR2_R3,No-till,SHM - no-till,SHM,AMANTR2_R3,TX-115-SWSHA-P4-R2C-0_5-06012018,X,P4_R2c,3,NTR - 2,NTR - 2 - 3,1,Ap,0,5,A,NTR - 2 - 3-1,,,,,1.45,1.45,8.32,0.53,,,0.77,,,,,,,,68,178.6,27.59,1.79,,,11.96,470.73,568,,,192556,TX-115-SWSHA-P4-R2C-0_5-06012018
Texas A&M,Amarillo,TX-115-AMA,AMANTR2_R3,No-till,SHM - no-till,SHM,AMANTR2_R3,TX-115-SWSHA-P4-R2C-0_5-06012018,X,P4_R2c,3,NTR - 2,NTR - 2 - 3,2,Ap,5,10,A,NTR - 2 - 3-2,,,,,1.49,1.49,8.18,0.37,,,0.91,,,,,,,,109,91.45,18.67,0.23,,,8.76,388.25,310.61,,,192557,TX-115-SWSHA-P4-R2C-5_10-06012018
Texas A&M,Amarillo,TX-115-AMA,AMANTR2_R3,No-till,SHM - no-till,SHM,AMANTR2_R3,TX-115-SWSHA-P4-R2C-0_5-06012018,X,P4_R2c,3,NTR - 2,NTR - 2 - 3,3,Ap,10,35,A,NTR - 2 - 3-3,,,,,1.49,1.49,8.58,0.14,,,0.95,,,,,,,,65,11.71,1.23,2.26,,,0.14,145.96,86.9,,,192558,TX-115-SWSHA-P4-R2C-10_35-06012018
Texas A&M,Amarillo,TX-115-AMA,AMANTR2_R3,No-till,SHM - no-till,SHM,AMANTR2_R3,TX-115-SWSHA-P4-R2C-0_5-06012018,X,P4_R2c,3,NTR - 2,NTR - 2 - 3,4,Bt1,35,75,B,NTR - 2 - 3-4,,,,,1.38,1.38,8.16,0.25,,,1.41,,,,,,,,16,7.97,2.95,2.26,,,0.21,77.25,45.32,,,,TX-115-SWSHA-P4-R2C-35_75-06012018
Texas A&M,Amarillo,TX-115-AMA,AMANTR2_R3,No-till,SHM - no-till,SHM,AMANTR2_R3,TX-115-SWSHA-P4-R2C-0_5-06012018,X,P4_R2c,3,NTR - 2,NTR - 2 - 3,5,Bt2,75,100,B,NTR - 2 - 3-5,,,,,1.29,1.29,7.46,0.26,,,1.03,,,,,,,,2,3.85,0.06,0.75,,,0.32,114.21,13.05,,,,TX-115-SW-P4-R2C-75_100-06012018
Texas A&M,Amarillo,TX-115-AMA,AMANTM2_R1,No-till,SHM - no-till,SHM,AMANTM2_R1,TX-115-SWSHA-P5-R2A-0_5-06012018,X,P5_R2a,1,NTM - 2,NTM - 2 - 1,1,Ap,0,5,A,NTM - 2 - 1-1,,,,,0.92,0.92,9.91,0.64,,,0.72,,,,,,,,50,146.15,34.42,4.89,,,8.33,409.33,484.83,,,192559,TX-115-SWSHA-P5-R2A-0_5-06012018
Texas A&M,Amarillo,TX-115-AMA,AMANTM2_R1,No-till,SHM - no-till,SHM,AMANTM2_R1,TX-115-SWSHA-P5-R2A-0_5-06012018,X,P5_R2a,1,NTM - 2,NTM - 2 - 1,2,Ap,5,10,A,NTM - 2 - 1-2,,,,,1.47,1.47,8.75,0.55,,,1.02,,,,,,,,82,81.98,13.98,3.34,,,5.31,245.12,352.91,,,192560,TX-115-SWSHA-P5-R2A-5_10-06012018
Texas A&M,Amarillo,TX-115-AMA,AMANTM2_R1,No-till,SHM - no-till,SHM,AMANTM2_R1,TX-115-SWSHA-P5-R2A-0_5-06012018,X,P5_R2a,1,NTM - 2,NTM - 2 - 1,3,Ap,10,35,A,NTM - 2 - 1-3,,,,,1.51,1.51,8.56,0.14,,,0.98,,,,,,,,6,7.45,4.22,2.2,,,0.79,72.98,75.43,,,192561,TX-115-SWSHA-P5-R2A-10_35-06012018
Texas A&M,Amarillo,TX-115-AMA,AMANTM2_R1,No-till,SHM - no-till,SHM,AMANTM2_R1,TX-115-SWSHA-P5-R2A-0_5-06012018,X,P5_R2a,1,NTM - 2,NTM - 2 - 1,4,Bt1,35,75,B,NTM - 2 - 1-4,,,,,1.41,1.41,9.6,0.17,,,1.18,,,,,,,,47,6.93,1.18,2.19,,,0.7,58.14,51.05,,,,TX-115-SWSHA-P5-R2A-35_75-06012018
Texas A&M,Amarillo,TX-115-AMA,AMANTM2_R1,No-till,SHM - no-till,SHM,AMANTM2_R1,TX-115-SWSHA-P5-R2A-0_5-06012018,X,P5_R2a,1,NTM - 2,NTM - 2 - 1,5,Bt2,75,100,B,NTM - 2 - 1-5,,,,,1.51,1.51,7.82,0.17,,,1.24,,,,,,,,52,2.95,1.32,0.8,,,1.27,33.41,0.87,,,,TX-115-SW-P5-R2A-75_100-06012018
Texas A&M,Amarillo,TX-115-AMA,AMANTM2_R2,No-till,SHM - no-till,SHM,AMANTM2_R2,TX-115-SWSHA-P5-R2B-0_5-06012018,X,P5_R2b,2,NTM - 2,NTM - 2 - 2,1,Ap,0,5,A,NTM - 2 - 2-1,,,,,1.61,1.61,8.08,0.68,,,0.83,,,,,,,,19,135,15.98,2.32,,,5.88,379.66,453.29,,,192562,TX-115-SWSHA-P5-R2B-0_5-06012018
Texas A&M,Amarillo,TX-115-AMA,AMANTM2_R2,No-till,SHM - no-till,SHM,AMANTM2_R2,TX-115-SWSHA-P5-R2B-0_5-06012018,X,P5_R2b,2,NTM - 2,NTM - 2 - 2,2,Ap,5,10,A,NTM - 2 - 2-2,,,,,1.63,1.63,7.71,0.44,,,0.88,,,,,,,,142,91.74,27.25,3.35,,,0.23,293.36,344.3,,,192563,TX-115-SWSHA-P5-R2B-5_10-06012018
Texas A&M,Amarillo,TX-115-AMA,AMANTM2_R2,No-till,SHM - no-till,SHM,AMANTM2_R2,TX-115-SWSHA-P5-R2B-0_5-06012018,X,P5_R2b,2,NTM - 2,NTM - 2 - 2,3,Ap,10,35,A,NTM - 2 - 2-3,,,,,1.51,1.51,7.58,0.16,,,1.18,,,,,,,,21,11.19,3.98,3.75,,,1.19,102.25,86.19,,,192564,TX-115-SWSHA-P5-R2B-10_35-06012018
Texas A&M,Amarillo,TX-115-AMA,AMANTM2_R2,No-till,SHM - no-till,SHM,AMANTM2_R2,TX-115-SWSHA-P5-R2B-0_5-06012018,X,P5_R2b,2,NTM - 2,NTM - 2 - 2,4,Bt1,35,75,B,NTM - 2 - 2-4,,,,,1.39,1.39,9.54,0.2,,,1.32,,,,,,,,61,6.55,0.01,1.64,,,0.49,87.82,39.58,,,,TX-115-SWSHA-P5-R2B-35_75-06012018
Texas A&M,Amarillo,TX-115-AMA,AMANTM2_R2,No-till,SHM - no-till,SHM,AMANTM2_R2,TX-115-SWSHA-P5-R2B-0_5-06012018,X,P5_R2b,2,NTM - 2,NTM - 2 - 2,5,Bt2,75,100,B,NTM - 2 - 2-5,,,,,1.44,1.44,8.26,0.15,,,1.24,,,,,,,,70,2.1,1.93,0.06,,,1.11,68.03,0.15,,,,TX-115-SW-P5-R2B-75_100-06012018
Texas A&M,Amarillo,TX-115-AMA,AMANTM2_R3,No-till,SHM - no-till,SHM,AMANTM2_R3,TX-115-SWSHA-P5-R2C-0_5-06012018,X,P5_R2c,3,NTM - 2,NTM - 2 - 3,1,Ap,0,5,A,NTM - 2 - 3-1,,,,,1.64,1.64,8.44,0.85,,,0.66,,,,,,,,37,150.19,56.9,2.29,,,10.46,404.39,973.1,,,192565,TX-115-SWSHA-P5-R2C-0_5-06012018
Texas A&M,Amarillo,TX-115-AMA,AMANTM2_R3,No-till,SHM - no-till,SHM,AMANTM2_R3,TX-115-SWSHA-P5-R2C-0_5-06012018,X,P5_R2c,3,NTM - 2,NTM - 2 - 3,2,Ap,5,10,A,NTM - 2 - 3-2,,,,,1.38,1.38,7.81,0.47,,,0.94,,,,,,,,65,72.85,21.3,3.75,,,1.3,295.57,335.7,,,192566,TX-115-SWSHA-P5-R2C-5_10-06012018
Texas A&M,Amarillo,TX-115-AMA,AMANTM2_R3,No-till,SHM - no-till,SHM,AMANTM2_R3,TX-115-SWSHA-P5-R2C-0_5-06012018,X,P5_R2c,3,NTM - 2,NTM - 2 - 3,3,Ap,10,35,A,NTM - 2 - 3-3,,,,,1.52,1.52,7.65,0.16,,,0.92,,,,,,,,97,10.52,3.52,6.18,,,3.03,72.98,312.98,,,192567,TX-115-SWSHA-P5-R2C-10_35-06012018
Texas A&M,Amarillo,TX-115-AMA,AMANTM2_R3,No-till,SHM - no-till,SHM,AMANTM2_R3,TX-115-SWSHA-P5-R2C-0_5-06012018,X,P5_R2c,3,NTM - 2,NTM - 2 - 3,4,Bt1,35,75,B,NTM - 2 - 3-4,,,,,1.37,1.37,6.64,0.2,,,1.1,,,,,,,,68,8.91,5.06,2.39,,,1.3,72.98,326.09,,,,TX-115-SWSHA-P5-R2C-35_75-06012018
Texas A&M,Amarillo,TX-115-AMA,AMANTM2_R3,No-till,SHM - no-till,SHM,AMANTM2_R3,TX-115-SWSHA-P5-R2C-0_5-06012018,X,P5_R2c,3,NTM - 2,NTM - 2 - 3,5,Bt2,75,100,B,NTM - 2 - 3-5,,,,,1.41,1.41,6.75,0.17,,,1.02,,,,,,,,83,4.84,5.2,3.92,,,0.01,18.64,83.02,,,,TX-115-SW-P5-R2C-75_100-06012018
Texas A&M,Amarillo,TX-115-AMA,AMACVT2_R1,Conv Till,BAU,BAU,AMACVT2_R1,TX-115-SWSHA-P6-R2A-0_5-06012018,X,P6_R2a,1,CVT - 2,CVT - 2 - 1,1,Ap,0,5,A,CVT - 2 - 1-1,,,,,1.43,1.43,7.46,0.22,,,0.62,,,,,,,,107,22,9.98,4.53,,,1.57,96.53,308.94,,,192568,TX-115-SWSHA-P6-R2A-0_5-06012018
Texas A&M,Amarillo,TX-115-AMA,AMACVT2_R1,Conv Till,BAU,BAU,AMACVT2_R1,TX-115-SWSHA-P6-R2A-0_5-06012018,X,P6_R2a,1,CVT - 2,CVT - 2 - 1,2,Ap,5,10,A,CVT - 2 - 1-2,,,,,1.08,1.08,7.44,0.22,,,0.91,,,,,,,,114,10.75,5.5,4.58,,,2.17,97.32,158.66,,,192569,TX-115-SWSHA-P6-R2A-5_10-06012018
Texas A&M,Amarillo,TX-115-AMA,AMACVT2_R1,Conv Till,BAU,BAU,AMACVT2_R1,TX-115-SWSHA-P6-R2A-0_5-06012018,X,P6_R2a,1,CVT - 2,CVT - 2 - 1,3,Ap,10,35,A,CVT - 2 - 1-3,,,,,1.45,1.45,9.13,0.2,,,0.84,,,,,,,,67,15.59,5.2,6.02,,,1.13,52.98,81,,,192570,TX-115-SWSHA-P6-R2A-10_35-06012018
Texas A&M,Amarillo,TX-115-AMA,AMACVT2_R1,Conv Till,BAU,BAU,AMACVT2_R1,TX-115-SWSHA-P6-R2A-0_5-06012018,X,P6_R2a,1,CVT - 2,CVT - 2 - 1,4,Bt1,35,75,B,CVT - 2 - 1-4,,,,,1.43,1.43,9.83,0.18,,,1.16,,,,,,,,98,6.36,6.09,3.58,,,1.98,8.68,350.29,,,,TX-115-SWSHA-P6-R2A-35_75-06012018
Texas A&M,Amarillo,TX-115-AMA,AMACVT2_R1,Conv Till,BAU,BAU,AMACVT2_R1,TX-115-SWSHA-P6-R2A-0_5-06012018,X,P6_R2a,1,CVT - 2,CVT - 2 - 1,5,Bt2,75,100,B,CVT - 2 - 1-5,,,,,1.57,1.57,8.79,0.15,,,1.69,,,,,,,,146,4.32,1.32,3.61,,,0.18,8.71,114.28,,,,TX-115-SWSHA-P6-R2A-75_100-06012018
Texas A&M,Amarillo,TX-115-AMA,AMACVT2_R2,Conv Till,BAU,BAU,AMACVT2_R2,TX-115-SWSHA-P6-R2B-0_5-06012018,X,P6_R2b,2,CVT - 2,CVT - 2 - 2,1,Ap,0,5,A,CVT - 2 - 2-1,,,,,0.93,0.93,6.11,0.21,,,0.71,,,,,,,,91,14.35,11.45,1.46,,,0.46,43.3,37.63,,,192571,TX-115-SWSHA-P6-R2B-0_5-06012018
Texas A&M,Amarillo,TX-115-AMA,AMACVT2_R2,Conv Till,BAU,BAU,AMACVT2_R2,TX-115-SWSHA-P6-R2B-0_5-06012018,X,P6_R2b,2,CVT - 2,CVT - 2 - 2,2,Ap,5,10,A,CVT - 2 - 2-2,,,,,1.55,1.55,7.29,0.17,,,0.87,,,,,,,,81,13.32,5.35,8.72,,,0.52,77.93,188.92,,,192572,TX-115-SWSHA-P6-R2B-5_10-06012018
Texas A&M,Amarillo,TX-115-AMA,AMACVT2_R2,Conv Till,BAU,BAU,AMACVT2_R2,TX-115-SWSHA-P6-R2B-0_5-06012018,X,P6_R2b,2,CVT - 2,CVT - 2 - 2,3,Ap,10,35,A,CVT - 2 - 2-3,,,,,1.29,1.29,8.15,0.18,,,1.1,,,,,,,,115,19.66,5.34,1.45,,,1.05,77.93,133.45,,,192573,TX-115-SWSHA-P6-R2B-10_35-06012018
Texas A&M,Amarillo,TX-115-AMA,AMACVT2_R2,Conv Till,BAU,BAU,AMACVT2_R2,TX-115-SWSHA-P6-R2B-0_5-06012018,X,P6_R2b,2,CVT - 2,CVT - 2 - 2,4,Bt1,35,75,B,CVT - 2 - 2-4,,,,,1.37,1.37,9.35,0.17,,,1.02,,,,,,,,91,7.12,5.06,4.31,,,0.09,28.35,72.93,,,,TX-115-SWSHA-P6-R2B-35_75-06012018
Texas A&M,Amarillo,TX-115-AMA,AMACVT2_R2,Conv Till,BAU,BAU,AMACVT2_R2,TX-115-SWSHA-P6-R2B-0_5-06012018,X,P6_R2b,2,CVT - 2,CVT - 2 - 2,5,Bt2,75,100,B,CVT - 2 - 2-5,,,,,1.41,1.41,9.3,0.13,,,1.28,,,,,,,,55,6.12,0.8,2.38,,,1.8,53.44,251.45,,,,TX-115-SW-P6-R2B-75_100-06122018
Texas A&M,Amarillo,TX-115-AMA,AMACVT2_R3,Conv Till,BAU,BAU,AMACVT2_R3,TX-115-SW-P6-R2C-0_5-06012018,X,P6_R2c,3,CVT - 2,CVT - 2 - 3,1,Ap,0,5,A,CVT - 2 - 3-1,,,,,1.08,1.08,6.16,0.24,,,0.71,,,,,,,,142,19.88,12.13,5.65,,,0.31,73.27,182.87,,,192574,TX-115-SW-P6-R2C-0_5-06012018
Texas A&M,Amarillo,TX-115-AMA,AMACVT2_R3,Conv Till,BAU,BAU,AMACVT2_R3,TX-115-SW-P6-R2C-0_5-06012018,X,P6_R2c,3,CVT - 2,CVT - 2 - 3,2,Ap,5,10,A,CVT - 2 - 3-2,,,,,1.18,1.18,7.3,0.17,,,0.76,,,,,,,,125,12.28,5.11,5.43,,,0.12,52.98,93.1,,,192575,TX-115-SW-P6-R2C-5_10-06012018
Texas A&M,Amarillo,TX-115-AMA,AMACVT2_R3,Conv Till,BAU,BAU,AMACVT2_R3,TX-115-SW-P6-R2C-0_5-06012018,X,P6_R2c,3,CVT - 2,CVT - 2 - 3,3,Ap,10,35,A,CVT - 2 - 3-3,,,,,1.47,1.47,8.42,0.18,,,0.99,,,,,,,,125,17.85,4.45,3.62,,,0.82,43.3,239.35,,,192576,TX-115-SW-P6-R2C-10_35-06012018
Texas A&M,Amarillo,TX-115-AMA,AMACVT2_R3,Conv Till,BAU,BAU,AMACVT2_R3,TX-115-SW-P6-R2C-0_5-06012018,X,P6_R2c,3,CVT - 2,CVT - 2 - 3,4,Bt1,35,75,B,CVT - 2 - 3-4,,,,,1.54,1.54,9.91,0.18,,,1.63,,,,,,,,122,3.45,2.35,3.31,,,1.85,38.2,168.75,,,,TX-115-SW-P6-R2C-35_75-06012018
Texas A&M,Amarillo,TX-115-AMA,AMACVT2_R3,Conv Till,BAU,BAU,AMACVT2_R3,TX-115-SW-P6-R2C-0_5-06012018,X,P6_R2c,3,CVT - 2,CVT - 2 - 3,5,Bt2,75,100,B,CVT - 2 - 3-5,,,,,1.53,1.53,9.65,0.21,,,1.4,,,,,,,,98,4.18,1.04,5.23,,,0.65,52.27,46.71,,,,TX-115-SW-P6-R2C-75_100-06012018
Texas A&M,Amarillo,TX-115-AMA,AMANTM3_R1,No-till,SHM - no-till,SHM,AMANTM3_R1,TX-115-SW-P7-R3A-0_5-05312018,X,P7_R3a,1,NTM-3,NTM-3 - 1,1,Ap,0,5,A,NTM-3 - 1-1,,,,,1.15,1.15,10.59,0.77,,,0.71,,,,,,,,151,85.72,25.49,2.29,,,16.98,394.5,263.56,,,192577,TX-115-SW-P7-R3A-0_5-05312018
Texas A&M,Amarillo,TX-115-AMA,AMANTM3_R1,No-till,SHM - no-till,SHM,AMANTM3_R1,TX-115-SW-P7-R3A-0_5-05312018,X,P7_R3a,1,NTM-3,NTM-3 - 1,2,Ap,5,10,A,NTM-3 - 1-2,,,,,1.1,1.1,9.6,0.43,,,1.12,,,,,,,,137,49.13,26.57,1.08,,,6.62,266.96,136.47,,,192578,TX-115-SW-P7-R3A-10_35-05312018
Texas A&M,Amarillo,TX-115-AMA,AMANTM3_R1,No-till,SHM - no-till,SHM,AMANTM3_R1,TX-115-SW-P7-R3A-0_5-05312018,X,P7_R3a,1,NTM-3,NTM-3 - 1,3,Ap,10,35,A,NTM-3 - 1-3,,,,,1.46,1.46,8.81,0.2,,,0.91,,,,,,,,137,11.4,6.79,5.31,,,0.77,63.34,13.42,,,,TX-115-SW-P7-R3A-10_35-05312018
Texas A&M,Amarillo,TX-115-AMA,AMANTM3_R1,No-till,SHM - no-till,SHM,AMANTM3_R1,TX-115-SW-P7-R3A-0_5-05312018,X,P7_R3a,1,NTM-3,NTM-3 - 1,4,Bt1,35,75,B,NTM-3 - 1-4,,,,,1.44,1.44,9.37,0.23,,,1.27,,,,,,,,8,7.69,11.7,3.46,,,4.38,53.19,199,,,,TX-115-SW-P7-R3A-35_75-05312018
Texas A&M,Amarillo,TX-115-AMA,AMANTM3_R1,No-till,SHM - no-till,SHM,AMANTM3_R1,TX-115-SW-P7-R3A-0_5-05312018,X,P7_R3a,1,NTM-3,NTM-3 - 1,5,Bt2,75,100,B,NTM-3 - 1-5,,,,,1.88,1.88,7.87,0.18,,,1.73,,,,,,,,121,4.62,10.01,5.01,,,0.16,94.25,86.04,,,,TX-115-SW-P7-R3A-75_100-05312018
Texas A&M,Amarillo,TX-115-AMA,AMANTM3_R2,No-till,SHM - no-till,SHM,AMANTM3_R2,TX-115-SW-P7-R3B-0_5-05312018,X,P7_R3b,2,NTM-3,NTM-3 - 2,1,Ap,0,5,A,NTM-3 - 2-1,,,,,1.37,1.37,9.99,1.08,,,0.67,,,,,,,,167,152.07,30.08,5.57,,,17.58,525.94,23.51,,,192579,TX-115-SW-P7-R3B-0_5-05312018
Texas A&M,Amarillo,TX-115-AMA,AMANTM3_R2,No-till,SHM - no-till,SHM,AMANTM3_R2,TX-115-SW-P7-R3B-0_5-05312018,X,P7_R3b,2,NTM-3,NTM-3 - 2,2,Ap,5,10,A,NTM-3 - 2-2,,,,,1.38,1.38,9.03,0.62,,,1.04,,,,,,,,97,218.68,28.47,1.18,,,13.77,315.35,241.37,,,192580,TX-115-SW-P7-R3B-5_10-05312018
Texas A&M,Amarillo,TX-115-AMA,AMANTM3_R2,No-till,SHM - no-till,SHM,AMANTM3_R2,TX-115-SW-P7-R3B-0_5-05312018,X,P7_R3b,2,NTM-3,NTM-3 - 2,3,Ap,10,35,A,NTM-3 - 2-3,,,,,1.44,1.44,8.11,0.12,,,0.91,,,,,,,,110,13.65,7.72,0.44,,,2.24,58.14,132.44,,,192581,TX-115-SW-P7-R3B-10_35-05312018
Texas A&M,Amarillo,TX-115-AMA,AMANTM3_R2,No-till,SHM - no-till,SHM,AMANTM3_R2,TX-115-SW-P7-R3B-0_5-05312018,X,P7_R3b,2,NTM-3,NTM-3 - 2,4,Bt1,35,75,B,NTM-3 - 2-4,,,,,1.46,1.46,8.97,0.22,,,1.44,,,,,,,,118,9.79,7.12,3.16,,,0.12,97.32,14.43,,,,TX-115-SW-P7-R3B-35_75-05312018
Texas A&M,Amarillo,TX-115-AMA,AMANTM3_R2,No-till,SHM - no-till,SHM,AMANTM3_R2,TX-115-SW-P7-R3B-0_5-05312018,X,P7_R3b,2,NTM-3,NTM-3 - 2,5,Bt2,75,100,B,NTM-3 - 2-5,,,,,1.45,1.45,7.83,0.38,,,1.75,,,,,,,,188,21.8,7.68,1.32,,,3.15,102.25,382.57,,,,TX-115-SW-P7-R3B-75_100-05312018
Texas A&M,Amarillo,TX-115-AMA,AMANTM3_R3,No-till,SHM - no-till,SHM,AMANTM3_R3,TX-115-SW-P7-R3C-0_5-05312018,X,P7_R3c,3,NTM-3,NTM-3 - 3,1,Ap,0,5,A,NTM-3 - 3-1,,,,,1.53,1.53,11.16,0.49,,,0.8,,,,,,,,110,194.08,25.35,2.55,,,7.46,207.36,158.66,,,192582,TX-115-SW-P7-R3C-0_5-05312018
Texas A&M,Amarillo,TX-115-AMA,AMANTM3_R3,No-till,SHM - no-till,SHM,AMANTM3_R3,TX-115-SW-P7-R3C-0_5-05312018,X,P7_R3c,3,NTM-3,NTM-3 - 3,2,Ap,5,10,A,NTM-3 - 3-2,,,,,1.88,1.88,11.48,0.23,,,1.09,,,,,,,,99,69.22,7.84,0.84,,,0.3,142.8,16.45,,,192583,TX-115-SW-P7-R3C-5_10-05312018
Texas A&M,Amarillo,TX-115-AMA,AMANTM3_R3,No-till,SHM - no-till,SHM,AMANTM3_R3,TX-115-SW-P7-R3C-0_5-05312018,X,P7_R3c,3,NTM-3,NTM-3 - 3,3,Ap,10,35,A,NTM-3 - 3-3,,,,,1.5,1.5,9.3,0.13,,,0.89,,,,,,,,142,8.62,9.45,2.28,,,0.02,68.03,294.82,,,192584,TX-115-SW-P7-R3C-10_35-05312018
Texas A&M,Amarillo,TX-115-AMA,AMANTM3_R3,No-till,SHM - no-till,SHM,AMANTM3_R3,TX-115-SW-P7-R3C-0_5-05312018,X,P7_R3c,3,NTM-3,NTM-3 - 3,4,Bt1,35,75,B,NTM-3 - 3-4,,,,,1.57,1.57,7.32,0.13,,,1.22,,,,,,,,26,7.16,1.23,0.15,,,0.98,13.57,199,,,,TX-115-SW-P7-R3C-35_75-05312018
Texas A&M,Amarillo,TX-115-AMA,AMANTM3_R3,No-till,SHM - no-till,SHM,AMANTM3_R3,TX-115-SW-P7-R3C-0_5-05312018,X,P7_R3c,3,NTM-3,NTM-3 - 3,5,Bt2,75,100,B,NTM-3 - 3-5,,,,,1.47,1.47,4.59,0.07,,,1.06,,,,,,,,145,2.86,2.35,0.22,,,0.26,13.57,61.84,,,,TX-115-SW-P7-R3C-75_100-05312018
Texas A&M,Amarillo,TX-115-AMA,AMACVT3_R1,Conv Till,BAU,BAU,AMACVT3_R1,TX-115-SW-P8-R3A-0_5-05312018,X,P8_R3a,1,CVT - 3,CVT - 3 - 1,1,Ap,0,5,A,CVT - 3 - 1-1,,,,,1.48,1.48,9,0.19,,,0.78,,,,,,,,128,62.51,8.13,1.68,,,0.02,126.88,153.62,,,192585,TX-115-SW-P8-R3A-0_5-05312018
Texas A&M,Amarillo,TX-115-AMA,AMACVT3_R1,Conv Till,BAU,BAU,AMACVT3_R1,TX-115-SW-P8-R3A-0_5-05312018,X,P8_R3a,1,CVT - 3,CVT - 3 - 1,2,Ap,5,10,A,CVT - 3 - 1-2,,,,,2.03,2.03,3.27,0.18,,,1.02,,,,,,,,59,56.08,5.45,2.09,,,1.29,201.59,114.28,,,192586,TX-115-SW-P8-R3A-5_10-05312018
Texas A&M,Amarillo,TX-115-AMA,AMACVT3_R1,Conv Till,BAU,BAU,AMACVT3_R1,TX-115-SW-P8-R3A-0_5-05312018,X,P8_R3a,1,CVT - 3,CVT - 3 - 1,3,Ap,10,35,A,CVT - 3 - 1-3,,,,,1.41,1.41,8.01,0.22,,,1.05,,,,,,,,105,20.58,7.86,1.51,,,3.03,112.55,38.64,,,192587,TX-115-SW-P8-R3A-10_35-05312018
Texas A&M,Amarillo,TX-115-AMA,AMACVT3_R1,Conv Till,BAU,BAU,AMACVT3_R1,TX-115-SW-P8-R3A-0_5-05312018,X,P8_R3a,1,CVT - 3,CVT - 3 - 1,4,Bt1,35,75,B,CVT - 3 - 1-4,,,,,1.45,1.45,9.39,0.13,,,1.13,,,,,,,,28,5.45,13.43,3.26,,,0.76,78.24,183.88,,,,TX-115-SW-P8-R3A-35_75-05312018
Texas A&M,Amarillo,TX-115-AMA,AMACVT3_R1,Conv Till,BAU,BAU,AMACVT3_R1,TX-115-SW-P8-R3A-0_5-05312018,X,P8_R3a,1,CVT - 3,CVT - 3 - 1,5,Bt2,75,100,B,CVT - 3 - 1-5,,,,,1.46,1.46,9.8,0.1,,,1.38,,,,,,,,133,2.86,7.3,0.89,,,0.58,23.52,105.21,,,,TX-115-SW-P8-R3A-75_100-05312018
Texas A&M,Amarillo,TX-115-AMA,AMACVT3_R2,Conv Till,BAU,BAU,AMACVT3_R2,TX-115-SW-P8-R3B-0_5-05312018,X,P8_R3b,2,CVT - 3,CVT - 3 - 2,1,Ap,0,5,A,CVT - 3 - 2-1,,,,,1.12,1.12,7.48,0.31,,,0.78,,,,,,,,113,91.12,7.3,3.9,,,1.48,157.7,25.53,,,192588,TX-115-SW-P8-R3B-0_5-05312018
Texas A&M,Amarillo,TX-115-AMA,AMACVT3_R2,Conv Till,BAU,BAU,AMACVT3_R2,TX-115-SW-P8-R3B-0_5-05312018,X,P8_R3b,2,CVT - 3,CVT - 3 - 2,2,Ap,5,10,A,CVT - 3 - 2-2,,,,,1.07,1.07,9.52,0.33,,,0.88,,,,,,,,80,69.04,7.84,3.86,,,0.35,245.12,175.81,,,192589,TX-115-SW-P8-R3B-5_10-05312018
Texas A&M,Amarillo,TX-115-AMA,AMACVT3_R2,Conv Till,BAU,BAU,AMACVT3_R2,TX-115-SW-P8-R3B-0_5-05312018,X,P8_R3b,2,CVT - 3,CVT - 3 - 2,3,Ap,10,35,A,CVT - 3 - 2-3,,,,,1.54,1.54,8.85,0.22,,,1.1,,,,,,,,66,18.53,12.3,3.68,,,0.91,162.01,93.1,,,192590,TX-115-SW-P8-R3B-10_35-05312018
Texas A&M,Amarillo,TX-115-AMA,AMACVT3_R2,Conv Till,BAU,BAU,AMACVT3_R2,TX-115-SW-P8-R3B-0_5-05312018,X,P8_R3b,2,CVT - 3,CVT - 3 - 2,4,Bt1,35,75,B,CVT - 3 - 2-4,,,,,1.49,1.49,11.97,0.22,,,1.63,,,,,,,,184,6.47,2.16,3.16,,,1.97,43.13,0.31,,,,TX-115-SW-P8-R3B-35_75-05312018
Texas A&M,Amarillo,TX-115-AMA,AMACVT3_R2,Conv Till,BAU,BAU,AMACVT3_R2,TX-115-SW-P8-R3B-0_5-05312018,X,P8_R3b,2,CVT - 3,CVT - 3 - 2,5,Bt2,75,100,B,CVT - 3 - 2-5,,,,,1.46,1.46,9.88,0.12,,,1.75,,,,,,,,95,3.54,6.84,2.97,,,1.87,18.57,253.47,,,,TX-115-SW-P8-R3B-75_100-05312018
Texas A&M,Amarillo,TX-115-AMA,AMACVT3_R3,Conv Till,BAU,BAU,AMACVT3_R3,TX-115-SW-P8-R3C-0_5-05312018,X,P8_R3c,3,CVT - 3,CVT - 3 - 3,1,Ap,0,5,A,CVT - 3 - 3-1,,,,,1.52,1.52,6.53,0.2,,,0.72,,,,,,,,113,70.43,3.89,2.17,,,4.57,181.8,76.96,,,192591,TX-115-SW-P8-R3C-0_5-05312018
Texas A&M,Amarillo,TX-115-AMA,AMACVT3_R3,Conv Till,BAU,BAU,AMACVT3_R4,TX-115-SW-P8-R3C-0_5-05312018,X,P8_R3c,3,CVT - 3,CVT - 3 - 3,2,Ap,5,10,A,CVT - 3 - 3-2,,,,,1.21,1.21,7.8,0.37,,,0.7,,,,,,,,79,59.25,3.4,2.16,,,1.78,132.87,-12.8,,,192592,TX-115-SW-P8-R3C-5_10-05312018
Texas A&M,Amarillo,TX-115-AMA,AMACVT3_R3,Conv Till,BAU,BAU,AMACVT3_R5,TX-115-SW-P8-R3C-0_5-05312018,X,P8_R3c,3,CVT - 3,CVT - 3 - 3,3,Ap,10,35,A,CVT - 3 - 3-3,,,,,1.56,1.56,8.2,0.17,,,1.3,,,,,,,,136,18.68,9.13,1.11,,,0.24,92.4,190.94,,,192593,TX-115-SW-P8-R3C-10_35-05312018
Texas A&M,Amarillo,TX-115-AMA,AMACVT3_R3,Conv Till,BAU,BAU,AMACVT3_R6,TX-115-SW-P8-R3C-0_5-05312018,X,P8_R3c,3,CVT - 3,CVT - 3 - 3,4,Bt1,35,75,B,CVT - 3 - 3-4,,,,,1.41,1.41,9.8,0.22,,,1.35,,,,,,,,152,6.57,1.37,2.21,,,0.2,36.41,47.71,,,,TX-115-SW-P8-R3C-35_75-05312018
Texas A&M,Amarillo,TX-115-AMA,AMACVT3_R3,Conv Till,BAU,BAU,AMACVT3_R7,TX-115-SW-P8-R3C-0_5-05312018,X,P8_R3c,3,CVT - 3,CVT - 3 - 3,5,Bt2,75,100,B,CVT - 3 - 3-5,,,,,1.41,1.41,8.44,0.15,,,1.4,,,,,,,,91,2.91,1.79,0.61,,,0.79,98.1,15.44,,,,TX-115-SW-P8-R3C-75_100-05312018
Texas A&M,Amarillo,TX-115-AMA,AMANTR3_R1,No-till,SHM - no-till,SHM,AMANTR3_R1,TX-115-SW-P9-R3A-0_5-05312018,X,P9_R3a,1,NTR - ,NTR -  - 1,1,Ap,0,5,A,NTR -  - 1-1,,,,,0.98,0.98,10.42,0.72,,,0.76,,,,,,,,127,289.22,25.72,2.38,,,3.5,313.16,175.81,,,192594,TX-115-SW-P9-R3A-0_5-05312018
Texas A&M,Amarillo,TX-115-AMA,AMANTR3_R1,No-till,SHM - no-till,SHM,AMANTR3_R1,TX-115-SW-P9-R3A-0_5-05312018,X,P9_R3a,1,NTR - ,NTR -  - 1,2,Ap,5,10,A,NTR -  - 1-2,,,,,1.14,1.14,10,0.54,,,1.05,,,,,,,,101,160.26,18.2,1.09,,,7.26,222.88,93.1,,,192595,TX-115-SW-P9-R3A-5_10-05312018
Texas A&M,Amarillo,TX-115-AMA,AMANTR3_R1,No-till,SHM - no-till,SHM,AMANTR3_R1,TX-115-SW-P9-R3A-0_5-05312018,X,P9_R3a,1,NTR - ,NTR -  - 1,3,Ap,10,35,A,NTR -  - 1-3,,,,,1.53,1.53,8.92,0.22,,,0.92,,,,,,,,88,10.57,7.68,1.26,,,1.27,141.6,11.41,,,192596,TX-115-SW-P9-R3A-10_35-05312018
Texas A&M,Amarillo,TX-115-AMA,AMANTR3_R1,No-till,SHM - no-till,SHM,AMANTR3_R1,TX-115-SW-P9-R3A-0_5-05312018,X,P9_R3a,1,NTR - ,NTR -  - 1,4,Bt1,35,75,B,NTR -  - 1-4,,,,,1.45,1.45,11.39,0.23,,,1.53,,,,,,,,76,7.84,5.67,2.55,,,0.99,66.84,219.18,,,,TX-115-SW-P9-R3A-35_75-05312018
Texas A&M,Amarillo,TX-115-AMA,AMANTR3_R1,No-till,SHM - no-till,SHM,AMANTR3_R1,TX-115-SW-P9-R3A-0_5-05312018,X,P9_R3a,1,NTR - ,NTR -  - 1,5,Bt2,75,100,B,NTR -  - 1-5,,,,,1.14,1.14,7.71,0.18,,,1.45,,,,,,,,65,14.82,3.33,1.52,,,0.62,32.83,132.44,,,,TX-115-SW-P9-R3A-75_100-05312018
Texas A&M,Amarillo,TX-115-AMA,AMANTR3_R2,No-till,SHM - no-till,SHM,AMANTR3_R2,TX-115-SW-P9-R3B-0_5-05312018,X,P9_R3b,2,NTR - ,NTR -  - 2,1,Ap,0,5,A,NTR -  - 2-1,,,,,1.39,1.39,8.23,0.91,,,0.66,,,,,,,,161,224.18,29.28,4.62,,,4.25,456.96,17.46,,,192597,TX-115-SW-P9-R3B-0_5-05312018
Texas A&M,Amarillo,TX-115-AMA,AMANTR3_R2,No-till,SHM - no-till,SHM,AMANTR3_R2,TX-115-SW-P9-R3B-0_5-05312018,X,P9_R3b,2,NTR - ,NTR -  - 2,2,Ap,5,10,A,NTR -  - 2-2,,,,,1.21,1.21,7.64,0.61,,,0.84,,,,,,,,117,166.78,20.72,3.79,,,6.45,286.28,164.71,,,192598,TX-115-SW-P9-R3B-5_10-05312018
Texas A&M,Amarillo,TX-115-AMA,AMANTR3_R2,No-till,SHM - no-till,SHM,AMANTR3_R2,TX-115-SW-P9-R3B-0_5-05312018,X,P9_R3b,2,NTR - ,NTR -  - 2,3,Ap,10,35,A,NTR -  - 2-3,,,,,1.37,1.37,7.83,0.15,,,0.83,,,,,,,,142,6.99,3.47,1,,,0.19,61.96,141.51,,,192599,TX-115-SW-P9-R3B-10_35-05312018
Texas A&M,Amarillo,TX-115-AMA,AMANTR3_R2,No-till,SHM - no-till,SHM,AMANTR3_R2,TX-115-SW-P9-R3B-0_5-05312018,X,P9_R3b,2,NTR - ,NTR -  - 2,4,Bt1,35,75,B,NTR -  - 2-4,,,,,1.46,1.46,7.7,0.33,,,1.12,,,,,,,,151,3.81,5.57,1.92,,,0.35,91.22,38.64,,,,TX-115-SW-P9-R3B-35_75-05312018
Texas A&M,Amarillo,TX-115-AMA,AMANTR3_R2,No-till,SHM - no-till,SHM,AMANTR3_R2,TX-115-SW-P9-R3B-0_5-05312018,X,P9_R3b,2,NTR - ,NTR -  - 2,5,Bt2,75,100,B,NTR -  - 2-5,,,,,1.41,1.41,7.82,0.24,,,1.57,,,,,,,,154,5.58,2.67,1.54,,,0.27,32.96,160.68,,,,TX-115-SW-P9-R3B-75_100-05312018
Texas A&M,Amarillo,TX-115-AMA,AMANTR3_R3,No-till,SHM - no-till,SHM,AMANTR3_R3,TX-115-SW-P9-R3C-0_5-05312018,X,P9_R3c,3,NTR - ,NTR -  - 3,1,Ap,0,5,A,NTR -  - 3-1,,,,,1.43,1.43,9.15,0.69,,,0.94,,,,,,,,118,268.53,28.81,3.01,,,13.97,396.72,147.57,,,192600,TX-115-SW-P9-R3C-0_5-05312018
Texas A&M,Amarillo,TX-115-AMA,AMANTR3_R3,No-till,SHM - no-till,SHM,AMANTR3_R3,TX-115-SW-P9-R3C-0_5-05312018,X,P9_R3c,3,NTR - ,NTR -  - 3,2,Ap,5,10,A,NTR -  - 3-2,,,,,1.58,1.58,7.99,0.33,,,0.98,,,,,,,,186,144.04,16.47,2.04,,,5.31,310.66,38.64,,,192601,TX-115-SW-P9-R3C-5_10-05312018
Texas A&M,Amarillo,TX-115-AMA,AMANTR3_R3,No-till,SHM - no-till,SHM,AMANTR3_R3,TX-115-SW-P9-R3C-0_5-05312018,X,P9_R3c,3,NTR - ,NTR -  - 3,3,Ap,10,35,A,NTR -  - 3-3,,,,,1.44,1.44,7.8,0.14,,,0.99,,,,,,,,136,5.58,3.66,0.86,,,1.21,76.9,188.92,,,192602,TX-115-SW-P9-R3C-10_35-05312018
Texas A&M,Amarillo,TX-115-AMA,AMANTR3_R3,No-till,SHM - no-till,SHM,AMANTR3_R3,TX-115-SW-P9-R3C-0_5-05312018,X,P9_R3c,3,NTR - ,NTR -  - 3,4,Bt1,35,75,B,NTR -  - 3-4,,,,,1.53,1.53,8.37,0.17,,,1.38,,,,,,,,124,2.09,3.94,1.4,,,0.07,106.27,108.23,,,,TX-115-SW-P9-R3C-35_75-05312018
Texas A&M,Amarillo,TX-115-AMA,AMANTR3_R3,No-till,SHM - no-till,SHM,AMANTR3_R3,TX-115-SW-P9-R3C-0_5-05312018,X,P9_R3c,3,NTR - ,NTR -  - 3,5,Bt2,75,100,B,NTR -  - 3-5,,,,,1.46,1.46,7.9,0.14,,,1.27,,,,,,,,143,1.05,2.86,0.79,,,0.32,100.41,15.44,,,,TX-115-SW-P9-R3C-75_100-05312018
Texas A&M,Pullman,TX-375-SWSHA,TX-375-SWSHA_1-3-TXHP_1,Native Range,Ref - Native,Ref,X,TX-375-SWSHA-01-A-05152018,X,TXHP_1,1,R-1,R-1-1,1,,0,5,,R-1-1-1,,,,clay loam,0.73,0.73,0.0721,,,,3.62,89.94,,,,,,,,77.81,34.71,156.45,54.59,,7.7,1205,,87.26,58.17,191989,TX-375-SWSHA-01-A-05152018
Texas A&M,Pullman,TX-375-SWSHA,TX-375-SWSHA_1-3-TXHP_1,Native Range,Ref - Native,Ref,X,TX-375-SWSHA-01-B-05152018,X,TXHP_1,1,R-1,R-1-1,2,,5,10,,R-1-1-2,,,,clay loam,1.33,1.33,0.0752,,,,1.82,73.5,,,,,,,,26.98,26.6,131.33,41.17,,27.32,740,,65.92,25.39,191990,TX-375-SWSHA-01-B-05152018
Texas A&M,Pullman,TX-375-SWSHA,TX-375-SWSHA_1-3-TXHP_1,Native Range,Ref - Native,Ref,X,TX-375-SWSHA-01-C-05152018,X,TXHP_1,1,R-1,R-1-1,3,,10,22,,R-1-1-3,,,,clay loam,1.17,1.17,0.1353,,,,3.96,99.3,,,,,,,,30.01,10.24,35.72,8.86,,22.87,559,,53.25,16.92,191991,TX-375-SWSHA-01-C-05152018
Texas A&M,Pullman,TX-375-SWSHA,TX-375-SWSHA_1-3-TXHP_1,Native Range,Ref - Native,Ref,X,TX-375-SWSHA-01-D-05152018,X,TXHP_1,1,R-1,R-1-1,4,,22,58,,R-1-1-4,,,,clay loam,1.68,1.68,0.1449,,,,3.73,97.3,,,,,,,,13.31,5.89,53.92,0.71,,22.62,351,,61.21,16.31,,TX-375-SWSHA-01-D-05152018
Texas A&M,Pullman,TX-375-SWSHA,TX-375-SWSHA_10-12-TXHP_10,Mulch till,BAU,BAU,X,TX-375-SWSHA-10-A-05152018,X,TXHP_10,1,MT-1,MT-1-1,1,,0,5,,MT-1-1-1,,,,clay loam,1.5,1.5,0.0525,,,,0.18,72.9,,,,,,,,7.69,21.1,169.02,8.1,,2.72,665,,48.69,30.62,192016,TX-375-SWSHA-10-A-05152018
Texas A&M,Pullman,TX-375-SWSHA,TX-375-SWSHA_10-12-TXHP_11,Mulch till,BAU,BAU,X,TX-375-SWSHA-10-B-05152018,X,TXHP_10,1,MT-1,MT-1-1,2,,5,10,,MT-1-1-2,,,,clay loam,2.1,2.1,0.0992,,,,0.28,70.1,,,,,,,,12.56,9.63,170.44,10.33,,4.28,500,,29.34,17.88,192017,TX-375-SWSHA-10-B-05152018
Texas A&M,Pullman,TX-375-SWSHA,TX-375-SWSHA_10-12-TXHP_12,Mulch till,BAU,BAU,X,TX-375-SWSHA-10-C-05152018,X,TXHP_10,1,MT-1,MT-1-1,3,,10,22,,MT-1-1-3,,,,clay loam,1.65,1.65,0.2045,,,,0.14,69,,,,,,,,0,3.63,59.12,1.05,,11.41,378,,25.79,14.78,192018,TX-375-SWSHA-10-C-05152018
Texas A&M,Pullman,TX-375-SWSHA,TX-375-SWSHA_10-12-TXHP_12,Mulch till,BAU,BAU,X,TX-375-SWSHA-10-D-05152018,X,TXHP_10,1,MT-1,MT-1-1,4,,22,58,,MT-1-1-4,,,,clay loam,1.52,1.52,0.2126,,,,0.17,75,,,,,,,,0,2.83,10.88,0.57,,4.66,222,,23.68,10.17,,TX-375-SWSHA-10-D-05152018
Texas A&M,Pullman,TX-375-SWSHA,TX-375-SWSHA_10-12-TXHP_10,Mulch till,BAU,BAU,X,TX-375-SWSHA-11-A-05152018,X,TXHP_11,2,MT-1,MT-1-2,1,,0,5,,MT-1-2-1,,,,clay loam,0.93,0.93,0.074,,,,0.16,55,,,,,,,,9.24,7.19,108.17,5.59,,8.34,421,,40.19,19.35,192019,TX-375-SWSHA-11-A-05152018
Texas A&M,Pullman,TX-375-SWSHA,TX-375-SWSHA_10-12-TXHP_11,Mulch till,BAU,BAU,X,TX-375-SWSHA-11-B-05152018,X,TXHP_11,2,MT-1,MT-1-2,2,,5,10,,MT-1-2-2,,,,clay loam,1.49,1.49,0.1212,,,,0.19,74.4,,,,,,,,11.79,14.92,143.29,2.89,,1.49,418,,28.87,16.43,192020,TX-375-SWSHA-11-B-05152018
Texas A&M,Pullman,TX-375-SWSHA,TX-375-SWSHA_10-12-TXHP_12,Mulch till,BAU,BAU,X,TX-375-SWSHA-11-C-05152018,X,TXHP_11,2,MT-1,MT-1-2,3,,10,22,,MT-1-2-3,,,,clay loam,1.73,1.73,0.2007,,,,0.21,72.9,,,,,,,,0.81,3.02,28.84,0,,8.48,311,,24.67,12.58,192021,TX-375-SWSHA-11-C-05152018
Texas A&M,Pullman,TX-375-SWSHA,TX-375-SWSHA_10-12-TXHP_12,Mulch till,BAU,BAU,X,TX-375-SWSHA-11-D-05152018,X,TXHP_11,2,MT-1,MT-1-2,4,,22,58,,MT-1-2-4,,,,clay loam,1.54,1.54,0.1702,,,,0.16,67.3,,,,,,,,0,2.27,17.54,0,,5.74,214,,18.32,13.29,,TX-375-SWSHA-11-D-05152018
Texas A&M,Pullman,TX-375-SWSHA,TX-375-SWSHA_10-12-TXHP_10,Mulch till,BAU,BAU,X,TX-375-SWSHA-12-A-05152018,X,TXHP_12,3,MT-1,MT-1-3,1,,0,5,,MT-1-3-1,,,,clay loam,1.02,1.02,0.0534,,,,0.34,86.2,,,,,,,,13.9,14.12,147.02,2.69,,2.48,467,,44.17,27.8,192022,TX-375-SWSHA-12-A-05152018
Texas A&M,Pullman,TX-375-SWSHA,TX-375-SWSHA_10-12-TXHP_11,Mulch till,BAU,BAU,X,TX-375-SWSHA-12-B-05152018,X,TXHP_12,3,MT-1,MT-1-3,2,,5,10,,MT-1-3-2,,,,clay loam,1.59,1.59,0.0924,,,,0.19,66.2,,,,,,,,2.69,10.05,122.09,1.92,,10.09,461,,34.59,15.68,192023,TX-375-SWSHA-12-B-05152018
Texas A&M,Pullman,TX-375-SWSHA,TX-375-SWSHA_10-12-TXHP_12,Mulch till,BAU,BAU,X,TX-375-SWSHA-12-C-05152018,X,TXHP_12,3,MT-1,MT-1-3,3,,10,22,,MT-1-3-3,,,,clay loam,2.04,2.04,0.1911,,,,0.12,59.7,,,,,,,,0,3.82,33.89,5.11,,1.92,325,,25.83,13.77,192024,TX-375-SWSHA-12-C-05152018
Texas A&M,Pullman,TX-375-SWSHA,TX-375-SWSHA_10-12-TXHP_12,Mulch till,BAU,BAU,X,TX-375-SWSHA-12-D-05152018,X,TXHP_12,3,MT-1,MT-1-3,4,,22,58,,MT-1-3-4,,,,clay loam,1.7,1.7,0.1786,,,,0.13,61.2,,,,,,,,0,1.38,3.92,0.86,,3.66,216,,19.52,11.75,,TX-375-SWSHA-12-D-05152018
Texas A&M,Pullman,TX-375-SWSHA,TX-375-SWSHA_13-15-TXHP_13,No-till,SHM - no-till,SHM,X,TX-375-SWSHA-13-A-05152018,X,TXHP_13,1,NT-2,NT-2-1,1,,0,5,,NT-2-1-1,,,,clay loam,1.66,1.66,0.0796,,,,0.19,74.3,,,,,,,,14.84,2.49,185.67,12.13,,8.74,481,,46.34,41.45,192025,TX-375-SWSHA-13-A-05152018
Texas A&M,Pullman,TX-375-SWSHA,TX-375-SWSHA_13-15-TXHP_13,No-till,SHM - no-till,SHM,X,TX-375-SWSHA-13-B-05152018,X,TXHP_13,1,NT-2,NT-2-1,2,,5,10,,NT-2-1-2,,,,clay loam,1.68,1.68,0.148,,,,0.17,81.6,,,,,,,,7.36,0,225.56,19.86,,5.77,447,,29,21.35,192026,TX-375-SWSHA-13-B-05152018
Texas A&M,Pullman,TX-375-SWSHA,TX-375-SWSHA_13-15-TXHP_13,No-till,SHM - no-till,SHM,X,TX-375-SWSHA-13-C-05152018,X,TXHP_13,1,NT-2,NT-2-1,3,,10,22,,NT-2-1-3,,,,clay loam,1.66,1.66,0.2313,,,,0.21,75.9,,,,,,,,3.5,0,32.87,2.31,,7.36,335,,22.59,14.91,192027,TX-375-SWSHA-13-C-05152018
Texas A&M,Pullman,TX-375-SWSHA,TX-375-SWSHA_13-15-TXHP_13,No-till,SHM - no-till,SHM,X,TX-375-SWSHA-13-D-05152018,X,TXHP_13,1,NT-2,NT-2-1,4,,22,58,,NT-2-1-4,,,,clay loam,1.63,1.63,0.2239,,,,0.15,75.7,,,,,,,,2.13,0,22.64,0.22,,0,185,,21.01,12.37,,TX-375-SWSHA-13-D-05152018
Texas A&M,Pullman,TX-375-SWSHA,TX-375-SWSHA_13-15-TXHP_14,No-till,SHM - no-till,SHM,X,TX-375-SWSHA-14-A-05152018,X,TXHP_14,2,NT-2,NT-2-2,1,,0,5,,NT-2-2-1,,,,clay loam,1.33,1.33,0.084,,,,0.21,76,,,,,,,,30.36,27.62,133.57,9.18,,30.08,427,,31.82,20.64,192028,TX-375-SWSHA-14-A-05152018
Texas A&M,Pullman,TX-375-SWSHA,TX-375-SWSHA_13-15-TXHP_14,No-till,SHM - no-till,SHM,X,TX-375-SWSHA-14-B-05152018,X,TXHP_14,2,NT-2,NT-2-2,2,,5,10,,NT-2-2-2,,,,clay loam,1.43,1.43,0.1062,,,,0.23,79.5,,,,,,,,10.6,0,178.11,2.78,,6.63,396,,26.49,14.97,192029,TX-375-SWSHA-14-B-05152018
Texas A&M,Pullman,TX-375-SWSHA,TX-375-SWSHA_13-15-TXHP_14,No-till,SHM - no-till,SHM,X,TX-375-SWSHA-14-C-05152018,X,TXHP_14,2,NT-2,NT-2-2,3,,10,22,,NT-2-2-3,,,,clay loam,1.46,1.46,0.1884,,,,0.94,77.9,,,,,,,,1.32,0,35.84,2.69,,5.51,313,,18.21,12.61,192030,TX-375-SWSHA-14-C-05152018
Texas A&M,Pullman,TX-375-SWSHA,TX-375-SWSHA_13-15-TXHP_14,No-till,SHM - no-till,SHM,X,TX-375-SWSHA-14-D-05152018,X,TXHP_14,2,NT-2,NT-2-2,4,,22,58,,NT-2-2-4,,,,clay loam,1.75,1.75,0.2257,,,,0.39,73.1,,,,,,,,2.44,0,23.21,0.88,,1.55,222,,22.1,12.9,,TX-375-SWSHA-14-D-05152018
Texas A&M,Pullman,TX-375-SWSHA,TX-375-SWSHA_13-15-TXHP_15,No-till,SHM - no-till,SHM,X,TX-375-SWSHA-15-A-05152018,X,TXHP_15,3,NT-2,NT-2-3,1,,0,5,,NT-2-3-1,,,,clay loam,1.19,1.19,0.0579,,,,0.24,76.3,,,,,,,,44.26,4.65,217.33,14.04,,4.12,467,,41.9,26.31,192031,TX-375-SWSHA-15-A-05152018
Texas A&M,Pullman,TX-375-SWSHA,TX-375-SWSHA_13-15-TXHP_15,No-till,SHM - no-till,SHM,X,TX-375-SWSHA-15-B-05152018,X,TXHP_15,3,NT-2,NT-2-3,2,,5,10,,NT-2-3-2,,,,clay loam,1.65,1.65,0.0966,,,,0.17,61.5,,,,,,,,9.98,0.12,243.84,7.17,,7.49,396,,25.37,17.13,192032,TX-375-SWSHA-15-B-05152018
Texas A&M,Pullman,TX-375-SWSHA,TX-375-SWSHA_13-15-TXHP_15,No-till,SHM - no-till,SHM,X,TX-375-SWSHA-15-C-05152018,X,TXHP_15,3,NT-2,NT-2-3,3,,10,22,,NT-2-3-3,,,,clay loam,1.55,1.55,0.1931,,,,0.06,77.6,,,,,,,,0.01,0,29.43,8.89,,11.32,371,,15.68,16.83,192033,TX-375-SWSHA-15-C-05152018
Texas A&M,Pullman,TX-375-SWSHA,TX-375-SWSHA_13-15-TXHP_15,No-till,SHM - no-till,SHM,X,TX-375-SWSHA-15-D-05152018,X,TXHP_15,3,NT-2,NT-2-3,4,,22,58,,NT-2-3-4,,,,clay loam,1.44,1.44,0.2089,,,,0.12,78.5,,,,,,,,3.25,0,11.25,0,,0.88,224,,18.7,14.02,,TX-375-SWSHA-15-D-05152018
Texas A&M,Pullman,TX-375-SWSHA,TX-375-SWSHA_16-18-TXHP_16,Wheat,BAU,BAU,X,TX-375-SWSHA-16-A-05152018,X,TXHP_16,1,MT-2,MT-2-1,1,,0,5,,MT-2-1-1,,,,clay loam,1.15,1.15,0.0588,,,,0.19,65.8,,,,,,,,13.22,5.32,156.49,14.42,,2.21,598,,52.78,36.51,192034,TX-375-SWSHA-16-A-05152018
Texas A&M,Pullman,TX-375-SWSHA,TX-375-SWSHA_16-18-TXHP_16,Wheat,BAU,BAU,X,TX-375-SWSHA-16-B-05152018,X,TXHP_16,1,MT-2,MT-2-1,2,,5,10,,MT-2-1-2,,,,clay loam,1.28,1.28,0.0943,,,,0.15,70.7,,,,,,,,11.97,9.29,204.23,26.82,,1.55,494,,48.81,34.66,192035,TX-375-SWSHA-16-B-05152018
Texas A&M,Pullman,TX-375-SWSHA,TX-375-SWSHA_16-18-TXHP_16,Wheat,BAU,BAU,X,TX-375-SWSHA-16-C-05152018,X,TXHP_16,1,MT-2,MT-2-1,3,,10,22,,MT-2-1-3,,,,clay loam,1.64,1.64,0.2093,,,,0.23,78,,,,,,,,2.31,0,23.59,13.95,,1.94,327,,23.19,13.87,192036,TX-375-SWSHA-16-C-05152018
Texas A&M,Pullman,TX-375-SWSHA,TX-375-SWSHA_16-18-TXHP_16,Wheat,BAU,BAU,X,TX-375-SWSHA-16-D-05152018,X,TXHP_16,1,MT-2,MT-2-1,4,,22,58,,MT-2-1-4,,,,clay loam,1.67,1.67,0.2163,,,,0.16,65.3,,,,,,,,1.32,0,22.54,1.94,,22.55,272,,22,14.31,,TX-375-SWSHA-16-D-05152018
Texas A&M,Pullman,TX-375-SWSHA,TX-375-SWSHA_16-18-TXHP_17,Wheat,BAU,BAU,X,TX-375-SWSHA-17-A-05152018,X,TXHP_17,2,MT-2,MT-2-2,1,,0,5,,MT-2-2-1,,,,clay loam,1.06,1.06,0.052,,,,0.45,58.7,,,,,,,,2.13,11.86,192.27,20.62,,3.2,498,,35.12,23.48,192037,TX-375-SWSHA-17-A-05152018
Texas A&M,Pullman,TX-375-SWSHA,TX-375-SWSHA_16-18-TXHP_17,Wheat,BAU,BAU,X,TX-375-SWSHA-17-B-05152018,X,TXHP_17,2,MT-2,MT-2-2,2,,5,10,,MT-2-2-2,,,,clay loam,1.45,1.45,0.0693,,,,0.52,60.8,,,,,,,,12.97,10.88,200.11,21.39,,2.87,567,,51.16,33.66,192038,TX-375-SWSHA-17-B-05152018
Texas A&M,Pullman,TX-375-SWSHA,TX-375-SWSHA_16-18-TXHP_17,Wheat,BAU,BAU,X,TX-375-SWSHA-17-C-05152018,X,TXHP_17,2,MT-2,MT-2-2,3,,10,22,,MT-2-2-3,,,,clay loam,1.26,1.26,0.205,,,,0.83,79.9,,,,,,,,0.07,0,27.42,2.4,,6.04,368,,27.47,18.66,192039,TX-375-SWSHA-17-C-05152018
Texas A&M,Pullman,TX-375-SWSHA,TX-375-SWSHA_16-18-TXHP_17,Wheat,BAU,BAU,X,TX-375-SWSHA-17-D-05152018,X,TXHP_17,2,MT-2,MT-2-2,4,,22,58,,MT-2-2-4,,,,clay loam,1.6,1.6,0.2124,,,,0.17,74.9,,,,,,,,0,0,15.17,0,,0,149,,18.07,18.3,,TX-375-SWSHA-17-D-05152018
Texas A&M,Pullman,TX-375-SWSHA,TX-375-SWSHA_16-18-TXHP_18,Wheat,BAU,BAU,X,TX-375-SWSHA-18-A-05152018,X,TXHP_18,3,MT-2,MT-2-3,1,,0,5,,MT-2-3-1,,,,clay loam,1.19,1.19,0.0539,,,,1.97,91.3,,,,,,,,26.81,16.7,178.68,19.29,,3.72,505,,51.99,31.12,192040,TX-375-SWSHA-18-A-05152018
Texas A&M,Pullman,TX-375-SWSHA,TX-375-SWSHA_16-18-TXHP_18,Wheat,BAU,BAU,X,TX-375-SWSHA-18-B-05152018,X,TXHP_18,3,MT-2,MT-2-3,2,,5,10,,MT-2-3-2,,,,clay loam,1.36,1.36,0.1025,,,,0.59,3.8,,,,,,,,14.09,9.18,226.42,26.73,,5.71,429,,32.27,25.06,192041,TX-375-SWSHA-18-B-05152018
Texas A&M,Pullman,TX-375-SWSHA,TX-375-SWSHA_16-18-TXHP_18,Wheat,BAU,BAU,X,TX-375-SWSHA-18-C-05152018,X,TXHP_18,3,MT-2,MT-2-3,3,,10,22,,MT-2-3-3,,,,clay loam,1.85,1.85,0.2321,,,,1.52,80.3,,,,,,,,2.07,0,34.12,10.13,,4.78,722,,19.56,13.69,192042,TX-375-SWSHA-18-C-05152018
Texas A&M,Pullman,TX-375-SWSHA,TX-375-SWSHA_16-18-TXHP_18,Wheat,BAU,BAU,X,TX-375-SWSHA-18-D-05152018,X,TXHP_18,3,MT-2,MT-2-3,4,,22,58,,MT-2-3-4,,,,clay loam,1.43,1.43,0.2176,,,,2.16,87.1,,,,,,,,0,0,19.86,2.34,,1.21,206,,25.34,17.37,,TX-375-SWSHA-18-D-05152018
Texas A&M,Pullman,TX-375-SWSHA,TX-375-SWSHA_19-21-TXHP_21,No-till,SHM - no-till,SHM,X,TX-375-SWSHA-19-A-05152018,X,TXHP_19,1,NT - 3,NT - 3-1,1,,0,5,,NT - 3-1-1,,,,clay loam,1.28,1.28,0.0742,,,,0.26,77.6,,,,,,,,7.92,6.57,111.64,6.52,,1.53,363,,51.86,43.27,192043,TX-375-SWSHA-19-A-05152018
Texas A&M,Pullman,TX-375-SWSHA,TX-375-SWSHA_19-21-TXHP_21,No-till,SHM - no-till,SHM,X,TX-375-SWSHA-19-B-05152018,X,TXHP_19,1,NT - 3,NT - 3-1,2,,5,10,,NT - 3-1-2,,,,clay loam,1.33,1.33,0.1096,,,,0.19,67.7,,,,,,,,27.31,7.46,127.12,2.85,,6.74,416,,39.62,57.37,192044,TX-375-SWSHA-19-B-05152018
Texas A&M,Pullman,TX-375-SWSHA,TX-375-SWSHA_19-21-TXHP_21,No-till,SHM - no-till,SHM,X,TX-375-SWSHA-19-C-05152018,X,TXHP_19,1,NT - 3,NT - 3-1,3,,10,22,,NT - 3-1-3,,,,clay loam,1.6,1.6,0.1534,,,,0.15,72.3,,,,,,,,9.07,5.63,48.08,0,,0.69,329,,29.92,21.84,192045,TX-375-SWSHA-19-C-05152018
Texas A&M,Pullman,TX-375-SWSHA,TX-375-SWSHA_19-21-TXHP_21,No-till,SHM - no-till,SHM,X,TX-375-SWSHA-19-D-05152018,X,TXHP_19,1,NT - 3,NT - 3-1,4,,22,58,,NT - 3-1-4,,,,clay loam,1.49,1.49,0.1429,,,,0.19,47.7,,,,,,,,7.35,0.71,17.82,1.63,,0,183,,24.14,12.27,,TX-375-SWSHA-19-D-05152018
Texas A&M,Pullman,TX-375-SWSHA,TX-375-SWSHA_1-3-TXHP_2,Native Range,Ref - Native,Ref,X,TX-375-SWSHA-02-A-05152018,X,TXHP_2,2,R-1,R-1-2,1,,0,5,,R-1-2-1,,,,clay loam,0.99,0.99,0.0667,,,,4.73,98.2,,,,,,,,52.09,45.17,217.35,64.13,,17.66,1257,,116.81,42.28,191992,TX-375-SWSHA-02-A-05152018
Texas A&M,Pullman,TX-375-SWSHA,TX-375-SWSHA_1-3-TXHP_2,Native Range,Ref - Native,Ref,X,TX-375-SWSHA-02-B-05152018,X,TXHP_2,2,R-1,R-1-2,2,,5,10,,R-1-2-2,,,,clay loam,1.39,1.39,0.0957,,,,4.63,97.3,,,,,,,,15.36,33.41,60.11,37.29,,21.86,709,,80.85,27.74,191993,TX-375-SWSHA-02-B-05152018
Texas A&M,Pullman,TX-375-SWSHA,TX-375-SWSHA_1-3-TXHP_2,Native Range,Ref - Native,Ref,X,TX-375-SWSHA-02-C-05152018,X,TXHP_2,2,R-1,R-1-2,3,,10,22,,R-1-2-3,,,,clay loam,1.43,1.43,0.1617,,,,0.81,98.9,,,,,,,,8.04,11.69,15.82,16.22,,31.97,424,,53.55,15.86,191994,TX-375-SWSHA-02-C-05152018
Texas A&M,Pullman,TX-375-SWSHA,TX-375-SWSHA_1-3-TXHP_2,Native Range,Ref - Native,Ref,X,TX-375-SWSHA-02-D-05152018,X,TXHP_2,2,R-1,R-1-2,4,,22,58,,R-1-2-4,,,,clay loam,1.79,1.79,0.147,,,,0.81,81,,,,,,,,7.8,3.24,35.12,3.69,,2.54,295,,29.15,12.33,,TX-375-SWSHA-02-D-05152018
Texas A&M,Pullman,TX-375-SWSHA,TX-375-SWSHA_19-21-TXHP_19,No-till,SHM - no-till,SHM,X,TX-375-SWSHA-20-A-05152018,X,TXHP_20,2,NT - 3,NT - 3-2,1,,0,5,,NT - 3-2-1,,,,clay loam,1.26,1.26,0.0633,,,,0.88,52.2,,,,,,,,10.59,12.48,163.2,1.63,,2.83,485,,43.35,35.42,192046,TX-375-SWSHA-20-A-05152018
Texas A&M,Pullman,TX-375-SWSHA,TX-375-SWSHA_19-21-TXHP_19,No-till,SHM - no-till,SHM,X,TX-375-SWSHA-20-B-05152018,X,TXHP_20,2,NT - 3,NT - 3-2,2,,5,10,,NT - 3-2-2,,,,clay loam,1.53,1.53,0.1001,,,,0.56,63.4,,,,,,,,13.37,3.43,116.38,38.27,,1.85,368,,31.15,20.25,192047,TX-375-SWSHA-20-B-05152018
Texas A&M,Pullman,TX-375-SWSHA,TX-375-SWSHA_19-21-TXHP_19,No-till,SHM - no-till,SHM,X,TX-375-SWSHA-20-C-05152018,X,TXHP_20,2,NT - 3,NT - 3-2,3,,10,22,,NT - 3-2-3,,,,clay loam,1.58,1.58,0.1536,,,,0.18,63.1,,,,,,,,10.02,3.38,68.4,10.29,,4.04,363,,18.57,13.17,192048,TX-375-SWSHA-20-C-05152018
Texas A&M,Pullman,TX-375-SWSHA,TX-375-SWSHA_19-21-TXHP_19,No-till,SHM - no-till,SHM,X,TX-375-SWSHA-20-D-05152018,X,TXHP_20,2,NT - 3,NT - 3-2,4,,22,58,,NT - 3-2-4,,,,clay loam,1.55,1.55,0.1491,,,,0.18,54.4,,,,,,,,4,1.6,29.64,0,,0,200,,31.35,11.43,,TX-375-SWSHA-20-D-05152018
Texas A&M,Pullman,TX-375-SWSHA,TX-375-SWSHA_19-21-TXHP_20,No-till,SHM - no-till,SHM,X,TX-375-SWSHA-21-A-05152018,X,TXHP_21,3,NT - 3,NT - 3-3,1,,0,5,,NT - 3-3-1,,,,clay loam,1.6,1.6,0.0567,,,,0.27,69.9,,,,,,,,4.88,5.21,158.9,9.85,,10.46,392,,44.7,51.52,192049,TX-375-SWSHA-21-A-05152018
Texas A&M,Pullman,TX-375-SWSHA,TX-375-SWSHA_19-21-TXHP_20,No-till,SHM - no-till,SHM,X,TX-375-SWSHA-21-B-05152018,X,TXHP_21,3,NT - 3,NT - 3-3,2,,5,10,,NT - 3-3-2,,,,clay loam,1.73,1.73,0.0904,,,,0.18,60.1,,,,,,,,8.3,3.8,148.43,2.08,,2.46,374,,41.36,56.53,192050,TX-375-SWSHA-21-B-05152018
Texas A&M,Pullman,TX-375-SWSHA,TX-375-SWSHA_19-21-TXHP_20,No-till,SHM - no-till,SHM,X,TX-375-SWSHA-21-C-05152018,X,TXHP_21,3,NT - 3,NT - 3-3,3,,10,22,,NT - 3-3-3,,,,clay loam,1.35,1.35,0.1656,,,,0.39,84.5,,,,,,,,7.04,2.7,44.68,0,,2.69,313,,19,26.45,192051,TX-375-SWSHA-21-C-05152018
Texas A&M,Pullman,TX-375-SWSHA,TX-375-SWSHA_19-21-TXHP_20,No-till,SHM - no-till,SHM,X,TX-375-SWSHA-21-D-05152018,X,TXHP_21,3,NT - 3,NT - 3-3,4,,22,58,,NT - 3-3-4,,,,clay loam,1.48,1.48,0.1426,,,,0.91,58.5,,,,,,,,5.64,0.86,19.07,0,,2.83,202,,27.6,15.32,,TX-375-SWSHA-21-D-05152018
Texas A&M,Pullman,TX-375-SWSHA,TX-375-SWSHA_22-24-TXHP_22,Mulch till,BAU,BAU,X,TX-375-SWSHA-22-A-05152018,X,TXHP_22,1,MT-3,MT-3-1,1,,0,5,,MT-3-1-1,,,,clay loam,1.2,1.2,0.0655,,,,0.25,79.5,,,,,,,,10.71,19.65,94.9,14.18,,1.18,520,,47.15,108.29,192052,TX-375-SWSHA-22-A-05152018
Texas A&M,Pullman,TX-375-SWSHA,TX-375-SWSHA_22-24-TXHP_22,Mulch till,BAU,BAU,X,TX-375-SWSHA-22-B-05152018,X,TXHP_22,1,MT-3,MT-3-1,2,,5,10,,MT-3-1-2,,,,clay loam,2,2,0.104,,,,0.32,75.2,,,,,,,,5.52,13,149.32,2.19,,2.78,359,,41.13,54.89,192053,TX-375-SWSHA-22-B-05152018
Texas A&M,Pullman,TX-375-SWSHA,TX-375-SWSHA_22-24-TXHP_22,Mulch till,BAU,BAU,X,TX-375-SWSHA-22-C-05152018,X,TXHP_22,1,MT-3,MT-3-1,3,,10,22,,MT-3-1-3,,,,clay loam,1.35,1.35,0.148,,,,0.21,68.2,,,,,,,,3.43,3.38,27.13,5.41,,0,356,,24.53,20.23,192054,TX-375-SWSHA-22-C-05152018
Texas A&M,Pullman,TX-375-SWSHA,TX-375-SWSHA_22-24-TXHP_22,Mulch till,BAU,BAU,X,TX-375-SWSHA-22-D-05152018,X,TXHP_22,1,MT-3,MT-3-1,4,,22,58,,MT-3-1-4,,,,clay loam,1.63,1.63,0.1426,,,,0.09,41.5,,,,,,,,2.1,1.55,23.73,3.96,,0,187,,21.21,17.22,,TX-375-SWSHA-22-D-05152018
Texas A&M,Pullman,TX-375-SWSHA,TX-375-SWSHA_22-24-TXHP_23,Mulch till,BAU,BAU,X,TX-375-SWSHA-23-A-05152018,X,TXHP_23,2,MT-3,MT-3-1,1,,0,5,,MT-3-1-1,,,,clay loam,2.24,2.24,0.1459,,,,0.18,57.3,,,,,,,,1.72,8.24,72.7,1.63,,4.41,419,,48.77,126.92,192055,TX-375-SWSHA-23-A-05152018
Texas A&M,Pullman,TX-375-SWSHA,TX-375-SWSHA_22-24-TXHP_23,Mulch till,BAU,BAU,X,TX-375-SWSHA-23-B-05152018,X,TXHP_23,2,MT-3,MT-3-2,2,,5,10,,MT-3-2-2,,,,clay loam,1.21,1.21,0.0647,,,,0.24,68.7,,,,,,,,24.14,7.98,141.8,19.73,,3.67,490,,38.56,47.52,192056,TX-375-SWSHA-23-B-05152018
Texas A&M,Pullman,TX-375-SWSHA,TX-375-SWSHA_22-24-TXHP_23,Mulch till,BAU,BAU,X,TX-375-SWSHA-23-C-05152018,X,TXHP_23,2,MT-3,MT-3-2,3,,10,22,,MT-3-2-3,,,,clay loam,1.13,1.13,0.0984,,,,0.18,65.7,,,,,,,,7.23,4.27,64.46,16.17,,0,388,,30,19.81,192057,TX-375-SWSHA-23-C-05152018
Texas A&M,Pullman,TX-375-SWSHA,TX-375-SWSHA_22-24-TXHP_23,Mulch till,BAU,BAU,X,TX-375-SWSHA-23-D-05152018,X,TXHP_23,2,MT-3,MT-3-2,4,,22,58,,MT-3-2-4,,,,clay loam,1.5,1.5,0.1391,,,,0.17,57.1,,,,,,,,4.69,1.86,20.86,0,,0.36,218,,21.9,14.85,,TX-375-SWSHA-23-D-05152018
Texas A&M,Pullman,TX-375-SWSHA,TX-375-SWSHA_22-24-TXHP_24,Mulch till,BAU,BAU,X,TX-375-SWSHA-24-A-05152018,X,TXHP_24,3,MT-3,MT-3-3,1,,0,5,,MT-3-3-1,,,,clay loam,1.22,1.22,0.0599,,,,0.39,80.8,,,,,,,,10.46,9.6,90.87,14.95,,5.16,461,,39.37,119.99,192058,TX-375-SWSHA-24-A-05152018
Texas A&M,Pullman,TX-375-SWSHA,TX-375-SWSHA_22-24-TXHP_24,Mulch till,BAU,BAU,X,TX-375-SWSHA-24-B-05152018,X,TXHP_24,3,MT-3,MT-3-3,2,,5,10,,MT-3-3-2,,,,clay loam,2.33,2.33,0.1366,,,,0.14,65.3,,,,,,,,12.74,12.53,134.73,13.4,,1.02,439,,39.23,103.05,192059,TX-375-SWSHA-24-B-05152018
Texas A&M,Pullman,TX-375-SWSHA,TX-375-SWSHA_22-24-TXHP_24,Mulch till,BAU,BAU,X,TX-375-SWSHA-24-C-05152018,X,TXHP_24,3,MT-3,MT-3-3,3,,10,22,,MT-3-3-3,,,,clay loam,1.55,1.55,0.1497,,,,0.25,77.2,,,,,,,,5.71,5.84,36.08,13.51,,6.32,369,,32.56,28.09,192060,TX-375-SWSHA-24-C-05152018
Texas A&M,Pullman,TX-375-SWSHA,TX-375-SWSHA_22-24-TXHP_24,Mulch till,BAU,BAU,X,TX-375-SWSHA-24-D-05152018,X,TXHP_24,3,MT-3,MT-3-3,4,,22,58,,MT-3-3-4,,,,clay loam,0.89,0.89,0.092,,,,0.24,78.6,,,,,,,,0,0,22.12,0,,0.88,202,,25.73,16.48,,TX-375-SWSHA-24-D-05152018
Texas A&M,Pullman,TX-375-SWSHA,TX-375-SWSHA_1-3-TXHP_3,Native Range,Ref - Native,Ref,X,TX-375-SWSHA-03-A-05152018,X,TXHP_3,3,R-1,R-1-3,1,,0,5,,R-1-3-1,,,,clay loam,1.02,1.02,0.0685,,,,0.5,92.9,,,,,,,,100.68,56.12,151.47,44.25,,5.27,1355,,92.83,33.41,191995,TX-375-SWSHA-03-A-05152018
Texas A&M,Pullman,TX-375-SWSHA,TX-375-SWSHA_1-3-TXHP_3,Native Range,Ref - Native,Ref,X,TX-375-SWSHA-03-B-05152018,X,TXHP_3,3,R-1,R-1-3,2,,5,10,,R-1-3-2,,,,clay loam,1.35,1.35,0.0734,,,,0.2,88.3,,,,,,,,16.33,46.92,132.67,50.41,,26.11,809,,67.55,23.44,191996,TX-375-SWSHA-03-B-05152018
Texas A&M,Pullman,TX-375-SWSHA,TX-375-SWSHA_1-3-TXHP_3,Native Range,Ref - Native,Ref,X,TX-375-SWSHA-03-C-05152018,X,TXHP_3,3,R-1,R-1-3,3,,10,22,,R-1-3-3,,,,clay loam,1.43,1.43,0.1105,,,,1.61,92.5,,,,,,,,8.22,13.79,18.86,0.11,,13.52,437,,44.56,17.19,191997,TX-375-SWSHA-03-C-05152018
Texas A&M,Pullman,TX-375-SWSHA,TX-375-SWSHA_1-3-TXHP_3,Native Range,Ref - Native,Ref,X,TX-375-SWSHA-03-D-05152018,X,TXHP_3,3,R-1,R-1-3,4,,22,58,,R-1-3-4,,,,clay loam,1.24,1.24,0.1577,,,,2.63,87.1,,,,,,,,15.55,0.98,44.7,3.09,,6.94,245,,30.68,12.48,,TX-375-SWSHA-03-D-05152018
Texas A&M,Pullman,TX-375-SWSHA,TX-375-SWSHA_4-6-TXHP_4,Native Range,Ref - Native,Ref,X,TX-375-SWSHA-04-A-05152018,X,TXHP_4,1,R-2,R-2-1,1,,0,5,,R-2-1-1,,,,clay loam,0.7,0.7,0.0698,,,,1.65,91.3,,,,,,,,91,48.92,178.77,38.08,,44.01,1261,,129.53,48.62,191998,TX-375-SWSHA-04-A-05152018
Texas A&M,Pullman,TX-375-SWSHA,TX-375-SWSHA_4-6-TXHP_4,Native Range,Ref - Native,Ref,X,TX-375-SWSHA-04-B-05152018,X,TXHP_4,1,R-2,R-2-1,2,,5,10,,R-2-1-2,,,,clay loam,1.25,1.25,0.082,,,,1.11,93,,,,,,,,16.09,26.1,111.68,35.5,,14.78,570,,60.57,23.76,191999,TX-375-SWSHA-04-B-05152018
Texas A&M,Pullman,TX-375-SWSHA,TX-375-SWSHA_4-6-TXHP_4,Native Range,Ref - Native,Ref,X,TX-375-SWSHA-04-C-05152018,X,TXHP_4,1,R-2,R-2-1,3,,10,22,,R-2-1-3,,,,clay loam,1.47,1.47,0.1596,,,,0.2,80.4,,,,,,,,5.14,19.2,17.64,25.36,,12.05,508,,69.62,18.39,192000,TX-375-SWSHA-04-C-05152018
Texas A&M,Pullman,TX-375-SWSHA,TX-375-SWSHA_4-6-TXHP_4,Native Range,Ref - Native,Ref,X,TX-375-SWSHA-04-D-05152018,X,TXHP_4,1,R-2,R-2-1,4,,22,58,,R-2-1-4,,,,clay loam,1.45,1.45,0.1505,,,,0.45,89.1,,,,,,,,4.9,8.59,53.68,1.01,,9.17,411,,31.5,13.23,,TX-375-SWSHA-04-D-05152018
Texas A&M,Pullman,TX-375-SWSHA,TX-375-SWSHA_4-6-TXHP_5,Native Range,Ref - Native,Ref,X,TX-375-SWSHA-05-A-05152018,X,TXHP_5,2,R-2,R-2-2,1,,0,5,,R-2-2-1,,,,clay loam,0.99,0.99,0.0626,,,,3.21,91,,,,,,,,115.32,42.31,103.79,73.47,,17.21,1330,,118.76,54.18,192001,TX-375-SWSHA-05-A-05152018
Texas A&M,Pullman,TX-375-SWSHA,TX-375-SWSHA_4-6-TXHP_5,Native Range,Ref - Native,Ref,X,TX-375-SWSHA-05-B-05152018,X,TXHP_5,2,R-2,R-2-2,2,,5,10,,R-2-2-2,,,,clay loam,1.34,1.34,0.0203,,,,4.35,96.4,,,,,,,,19.12,31.01,134.49,15.22,,23.28,735,,57.83,23.5,192002,TX-375-SWSHA-05-B-05152018
Texas A&M,Pullman,TX-375-SWSHA,TX-375-SWSHA_4-6-TXHP_5,Native Range,Ref - Native,Ref,X,TX-375-SWSHA-05-C-05152018,X,TXHP_5,2,R-2,R-2-2,3,,10,22,,R-2-2-3,,,,clay loam,1.16,1.16,0.107,,,,3.05,86.1,,,,,,,,31.88,12.74,8.42,5.08,,9.42,218,,55.7,16.18,192003,TX-375-SWSHA-05-C-05152018
Texas A&M,Pullman,TX-375-SWSHA,TX-375-SWSHA_4-6-TXHP_5,Native Range,Ref - Native,Ref,X,TX-375-SWSHA-05-D-05152018,X,TXHP_5,2,R-2,R-2-2,4,,22,58,,R-2-2-4,,,,clay loam,1.51,1.51,0.1391,,,,0.19,76.5,,,,,,,,8.89,3.79,40.58,2.7,,14.53,249,,45.48,14.95,,TX-375-SWSHA-05-D-05152018
Texas A&M,Pullman,TX-375-SWSHA,TX-375-SWSHA_4-6-TXHP_6,Native Range,Ref - Native,Ref,X,TX-375-SWSHA-06-A-05152018,X,TXHP_6,3,R-2,R-2-3,1,,0,5,,R-2-3-1,,,,clay loam,0.96,0.96,0.0871,,,,0.17,67.5,,,,,,,,82.89,49.22,158.99,53.79,,5.27,1188,,93.6,35.35,192004,TX-375-SWSHA-06-A-05152018
Texas A&M,Pullman,TX-375-SWSHA,TX-375-SWSHA_4-6-TXHP_6,Native Range,Ref - Native,Ref,X,TX-375-SWSHA-06-B-05152018,X,TXHP_6,3,R-2,R-2-3,2,,5,10,,R-2-3-2,,,,clay loam,1.39,1.39,0.1002,,,,3.77,94.7,,,,,,,,53.12,24.7,156.57,41.46,,14.58,586,,87.79,27.71,192005,TX-375-SWSHA-06-B-05152018
Texas A&M,Pullman,TX-375-SWSHA,TX-375-SWSHA_4-6-TXHP_6,Native Range,Ref - Native,Ref,X,TX-375-SWSHA-06-C-05152018,X,TXHP_6,3,R-2,R-2-3,3,,10,22,,R-2-3-3,,,,clay loam,1.98,1.98,0.1379,,,,0.73,89.5,,,,,,,,14.52,10.14,14.85,18,,13.67,422,,37.01,13.84,192006,TX-375-SWSHA-06-C-05152018
Texas A&M,Pullman,TX-375-SWSHA,TX-375-SWSHA_4-6-TXHP_6,Native Range,Ref - Native,Ref,X,TX-375-SWSHA-06-D-05152018,X,TXHP_6,3,R-2,R-2-3,4,,22,58,,R-2-3-4,,,,clay loam,1.8,1.8,0.1318,,,,0.35,83.2,,,,,,,,6.47,7.94,30.14,3.19,,9.42,355,,26.72,10.39,,TX-375-SWSHA-06-D-05152018
Texas A&M,Pullman,TX-375-SWSHA,TX-375-SWSHA_7-9-TXHP_7,No-till,SHM - no-till,SHM,X,TX-375-SWSHA-07-A-05152018,X,TXHP_7,1,NT-1,NT-1-1,1,,0,5,,NT-1-1-1,,,,clay loam,1.57,1.57,0.0581,,,,0.62,87.5,,,,,,,,19.22,5.04,127.34,12.45,,9.1,632,,37.6,20.28,192007,TX-375-SWSHA-07-A-05152018
Texas A&M,Pullman,TX-375-SWSHA,TX-375-SWSHA_7-9-TXHP_7,No-till,SHM - no-till,SHM,X,TX-375-SWSHA-07-B-05152018,X,TXHP_7,1,NT-1,NT-1-1,2,,5,10,,NT-1-1-2,,,,clay loam,1.56,1.56,0.1163,,,,0.65,87.4,,,,,,,,12.79,6.25,107.87,5.98,,10.37,455,,44.73,17.4,192008,TX-375-SWSHA-07-B-05152018
Texas A&M,Pullman,TX-375-SWSHA,TX-375-SWSHA_7-9-TXHP_7,No-till,SHM - no-till,SHM,X,TX-375-SWSHA-07-C-05152018,X,TXHP_7,1,NT-1,NT-1-1,3,,10,22,,NT-1-1-3,,,,clay loam,1.59,1.59,0.1601,,,,0.69,89.2,,,,,,,,0.31,0,51.75,0.76,,14.44,393,,33.65,13.97,192009,TX-375-SWSHA-07-C-05152018
Texas A&M,Pullman,TX-375-SWSHA,TX-375-SWSHA_7-9-TXHP_7,No-till,SHM - no-till,SHM,X,TX-375-SWSHA-07-D-05152018,X,TXHP_7,1,NT-1,NT-1-1,4,,22,58,,NT-1-1-4,,,,clay loam,1.7,1.7,0.1722,,,,0.85,92.5,,,,,,,,0,0,14.21,2.79,,12.69,316,,56.96,12.12,,TX-375-SWSHA-07-D-05152018
Texas A&M,Pullman,TX-375-SWSHA,TX-375-SWSHA_7-9-TXHP_8,No-till,SHM - no-till,SHM,X,TX-375-SWSHA-08-A-05152018,X,TXHP_8,2,NT-1,NT-1-2,1,,0,5,,NT-1-2-1,,,,clay loam,1.13,1.13,0.0653,,,,2.35,83.2,,,,,,,,15.67,19.6,173.97,8.68,,19.02,695,,69.49,23.66,192010,TX-375-SWSHA-08-A-05152018
Texas A&M,Pullman,TX-375-SWSHA,TX-375-SWSHA_7-9-TXHP_8,No-till,SHM - no-till,SHM,X,TX-375-SWSHA-08-B-05152018,X,TXHP_8,2,NT-1,NT-1-2,2,,5,10,,NT-1-2-2,,,,clay loam,1.52,1.52,0.1144,,,,0.27,72.1,,,,,,,,8.35,9.3,89.8,5.98,,15.57,405,,38.47,16.65,192011,TX-375-SWSHA-08-B-05152018
Texas A&M,Pullman,TX-375-SWSHA,TX-375-SWSHA_7-9-TXHP_8,No-till,SHM - no-till,SHM,X,TX-375-SWSHA-08-C-05152018,X,TXHP_8,2,NT-1,NT-1-2,3,,10,22,,NT-1-2-3,,,,clay loam,1.72,1.72,0.2147,,,,0.17,73.9,,,,,,,,2.64,5.64,63.76,0,,15.76,431,,26.02,14.38,192012,TX-375-SWSHA-08-C-05152018
Texas A&M,Pullman,TX-375-SWSHA,TX-375-SWSHA_7-9-TXHP_8,No-till,SHM - no-till,SHM,X,TX-375-SWSHA-08-D-05152018,X,TXHP_8,2,NT-1,NT-1-2,4,,22,58,,NT-1-2-4,,,,clay loam,1.68,1.68,0.249,,,,0.12,55.9,,,,,,,,0,0.59,7.75,2.69,,13.97,328,,21.7,11.99,,TX-375-SWSHA-08-D-05152018
Texas A&M,Pullman,TX-375-SWSHA,TX-375-SWSHA_7-9-TXHP_9,No-till,SHM - no-till,SHM,X,TX-375-SWSHA-09-A-05152018,X,TXHP_9,3,NT-1,NT-1-3,1,,0,5,,NT-1-3-1,,,,clay loam,0.69,0.69,0.0513,,,,4.29,99.6,,,,,,,,2.47,8.22,150.55,7.81,,14.63,726,,92.77,39.54,192013,TX-375-SWSHA-09-A-05152018
Texas A&M,Pullman,TX-375-SWSHA,TX-375-SWSHA_7-9-TXHP_9,No-till,SHM - no-till,SHM,X,TX-375-SWSHA-09-B-05152018,X,TXHP_9,3,NT-1,NT-1-3,2,,5,10,,NT-1-3-2,,,,clay loam,1.55,1.55,0.0766,,,,3.06,96.2,,,,,,,,7.35,5.69,133.4,3.76,,11.32,368,,33.18,17.53,192014,TX-375-SWSHA-09-B-05152018
Texas A&M,Pullman,TX-375-SWSHA,TX-375-SWSHA_7-9-TXHP_9,No-till,SHM - no-till,SHM,X,TX-375-SWSHA-09-C-05152018,X,TXHP_9,3,NT-1,NT-1-3,3,,10,22,,NT-1-3-3,,,,clay loam,1.3,1.3,0.1432,,,,3.78,98.9,,,,,,,,2.14,0,50.24,0,,21.67,269,,18.96,11.78,192015,TX-375-SWSHA-09-C-05152018
Texas A&M,Pullman,TX-375-SWSHA,TX-375-SWSHA_7-9-TXHP_9,No-till,SHM - no-till,SHM,X,TX-375-SWSHA-09-D-05152018,X,TXHP_9,3,NT-1,NT-1-3,4,,22,58,,NT-1-3-4,,,,clay loam,1.67,1.67,0.1975,,,,2.42,95.1,,,,,,,,0,0,23.5,2.21,,0,282,,23.31,13.01,,TX-375-SWSHA-09-D-05152018
WashingtonState,Palouse,CK,PSLASP2,continuous no-till (hoe-type opener),SHM - no-till,SHM,CK-1A-ASP2,ASP,2,CK-1A-ASP2,1,ASP2,ASP2-1,1,Ap1a,0,5,,ASP2-1-1,,,,,0.76,0.76,4.340636627,2.8592,0.19453,33.64,4.143359638,,1.02,8.41,12.44251426,36.7,0.44,4.92,302.3,92.32492971,49.98644567,11.3304166,11.3955559,3.332918425,2.971055524,530.8,7492.9,,,195704,WA-075-SW-CK-1A-ASP2-1-P1-0_5-2018
WashingtonState,Palouse,CK,PSLASP2,continuous no-till (hoe-type opener),SHM - no-till,SHM,CK-1A-ASP2,ASP,2,CK-1A-ASP2,1,ASP2,ASP2-1,2,Ap1b,5,10,,ASP2-1-2,,,,,0.98,0.98,5.366464815,2.1884,0.16226,28.06,4.031739063,,0.99,5.71,13.84593236,34,0.34,4.86,336.5,19.28753963,34.14606148,41.67016467,14.52105928,33.98543855,10.00942951,370,5806.5,,,195705,WA-075-SW-CK-1AASP2-2-P1-5_10-2018
WashingtonState,Palouse,CK,PSLASP2,continuous no-till (hoe-type opener),SHM - no-till,SHM,CK-1A-ASP2,ASP,2,CK-1A-ASP2,1,ASP2,ASP2-1,3,Ap2,10,29,,ASP2-1-3,,,,,1.35,1.35,8.770030316,1.8814,0.13951,33.56,2.324196393,,0.57,11.7,21.43991424,39.4,0.26,5.68,319.4,62.38330053,6.221847173,18.69457857,95.12056811,6.510243466,22.34240583,205.9,4634.8,,,195706,WA-075-SW-CK1AASP2-3-P1-10_29-2018
WashingtonState,Palouse,CK,PSLASP2,continuous no-till (hoe-type opener),SHM - no-till,SHM,CK-1A-ASP2,ASP,2,CK-1A-ASP2,1,ASP2,ASP2-1,4,A,29,65,,ASP2-1-4,,,,,1.18,1.18,10.23417173,1.4542,0.11498,15.4,0.420305284,,0.1,7.82,22.19636352,36,0.23,6.68,319.4,88.09193418,-2.546637,19.37496746,6.953981081,3.738044742,92.51517417,31.5,3387.8,,,195707,WA-075-SW-CK1AASP2-4-P1-29_65-2018
WashingtonState,Palouse,CK,PSLASP2,continuous no-till (hoe-type opener),SHM - no-till,SHM,CK-1A-ASP2,ASP,2,CK-1A-ASP2,1,ASP2,ASP2-1,5,AB,65,88,,ASP2-1-5,,,,,1.09,1.09,9.910694838,0.98112,0.08516,16.06,0.661612089,,0.16,11.18,21.51830388,34.1,0.26,7.11,319.4,36.74369553,43.03034891,4.150786722,61.84590536,2.956859262,1.589698201,515.5,1433.9,,,195708,WA-075-SW-CK1AASP25-P1-65_88-2018
WashingtonState,Palouse,CK,PSLASP2,continuous no-till (hoe-type opener),SHM - no-till,SHM,CK-1A-ASP2,ASP,2,CK-1A-ASP2,1,ASP2,ASP2-1,6,Bw1,88,122,,ASP2-1-6,,,,,,1.2,13.2,0.72931,0.06923,33.16,2.544457019,,0.63,29.55,26.06958768,24.5,0.34,7.17,325.1,14.99850282,24.70965371,30.82646212,100.0073551,0.641352992,6.322345088,225.7,836.6,,,,
WashingtonState,Palouse,CK,PSLASP2,continuous no-till (hoe-type opener),SHM - no-till,SHM,CK-1B-ASP2,ASP,2,CK-1B-ASP2,2,ASP2,ASP2-2,1,Ap1a,0,5,,ASP2-2-1,,,,,0.51,0.51,4.782790309,2.6852,0.1982,19.28,1.953784821,,0.48,5.17,9.55272115,48.6,0.44,5.22,330.8,26.66499426,46.26058723,2.676721994,96.84619903,6.288661121,12.30296086,224.9,5716,,,195709,WA-075-SW-CK1B-ASP2-7-P2-0_5-2018
WashingtonState,Palouse,CK,PSLASP2,continuous no-till (hoe-type opener),SHM - no-till,SHM,CK-1B-ASP2,ASP,2,CK-1B-ASP2,2,ASP2,ASP2-2,2,Ap1b,5,10,,ASP2-2-2,,,,,0.65,0.65,5.289567217,2.5545,0.18868,21.26,1.138928604,,0.28,5.7,4.509083348,48.7,0.36,5.07,353.7,42.12026841,0.430357072,35.16510989,110.7618132,100.9583899,33.75015418,21.1,6528.4,,,195710,WA-075-SW-CK1B-ASP2-8-P2-5_10-2018
WashingtonState,Palouse,CK,PSLASP2,continuous no-till (hoe-type opener),SHM - no-till,SHM,CK-1B-ASP2,ASP,2,CK-1B-ASP2,2,ASP2,ASP2-2,3,Ap2,10,32,,ASP2-2-3,,,,,1.09,1.09,10.13186813,1.4813,0.13748,56.7,15.3718262,,3.79,17.39,16.20133181,30.3,0.31,6.04,336.5,12.30108423,-3.311378228,55.64189985,5.987081481,5.394087349,11.89257961,11.1,3032.1,,,195711,WA-075-SW-CK1BASP2-9-P2-10_32-2018
WashingtonState,Palouse,CK,PSLASP2,continuous no-till (hoe-type opener),SHM - no-till,SHM,CK-1B-ASP2,ASP,2,CK-1B-ASP2,2,ASP2,ASP2-2,4,A,32,77,,ASP2-2-4,,,,,1.04,1.04,10.84442505,0.96083,0.09892,58.98,4.959905106,,1.22,16.12,22.27297636,35.5,0.29,6.56,330.8,16.11602091,12.57455585,2.777465592,68.63833597,13.71389457,22.7629893,36.2,1697,,,195712,WA-075-SW-CK1BASP2-9-P2-32_77-2018
WashingtonState,Palouse,CK,PSLASP2,continuous no-till (hoe-type opener),SHM - no-till,SHM,CK-1B-ASP2,ASP,2,CK-1B-ASP2,2,ASP2,ASP2-2,5,AB,77,98,,ASP2-2-5,,,,,1.2,1.2,12.4024091,0.49108,0.06489,30.17,4.026433387,,0.99,11.81,23.72088373,33.9,0.7,7.05,325.1,125.9189001,5.252938613,95.20729276,21.12577968,33.95699867,1.631093047,482.1,966.9,,,195713,WA-075-SW-CK1BASP2-9-P2-77_98-2018
WashingtonState,Palouse,CK,PSLASP2,continuous no-till (hoe-type opener),SHM - no-till,SHM,CK-1B-ASP2,ASP,2,CK-1B-ASP2,2,ASP2,ASP2-3,6,Bw1,98,122,,ASP2-3-6,,,,,,1.2,16.444,0.28,0.0526,1.84,0.442760976,,0.11,2.38,16.49874207,45.6,0.7,7.39,336.5,81.47481322,6.780127293,100.8990011,5.792982527,2.401269956,1.793428977,588.9,390.7,,,,
WashingtonState,Palouse,CK,PSLASP2,continuous no-till (hoe-type opener),SHM - no-till,SHM,CK-1C-ASP2,ASP,2,CK-1C-ASP2,3,ASP2,ASP2-3,1,Ap1a,0,5,,ASP2-3-1,,,,,0.66,0.66,4.527518172,2.3962,0.18069,19.62,0.99954859,,0.25,4.4,4.238054102,39.5,0.78,5.55,365.1,53.53384999,136.0864456,4.779400841,93.4795374,7.162067355,27.78779407,181,5982.7,,,195714,WA-075-SW-CK1C-ASP2-13-P3-0_5-2018
WashingtonState,Palouse,CK,PSLASP2,continuous no-till (hoe-type opener),SHM - no-till,SHM,CK-1C-ASP2,ASP,2,CK-1C-ASP2,3,ASP2,ASP2-3,2,Ap1b,5,10,,ASP2-3-2,,,,,0.83,0.83,4.121162168,2.7359,0.19725,28.94,3.376645934,,0.83,6.94,11.3609458,38.5,0.49,5.39,348,41.53201848,3.472295263,3.685572028,41.15119938,0.71505161,10.25391037,195.2,8081,,,195715,WA-075-SW-CK1CASP2-14-P3-5_10-2018
WashingtonState,Palouse,CK,PSLASP2,continuous no-till (hoe-type opener),SHM - no-till,SHM,CK-1C-ASP2,ASP,2,CK-1C-ASP2,3,ASP2,ASP2-3,3,Ap2,10,39,,ASP2-3-3,,,,,1.18,1.18,5.056414542,2.319,0.17358,21.61,7.468526846,,1.84,10.05,11.53003279,60.9,0.47,5.64,342.3,19.44493347,56.27711842,20.96794069,63.26379018,2.079553314,11.39221806,264.7,6852.7,,,195716,WA-075-SW-CK1CASP215-P3-10_39-2018
WashingtonState,Palouse,CK,PSLASP2,continuous no-till (hoe-type opener),SHM - no-till,SHM,CK-1C-ASP2,ASP,2,CK-1C-ASP2,3,ASP2,ASP2-3,4,A,39,64,,ASP2-3-4,,,,,1.28,1.28,8.524448291,1.541,0.13712,49.2,12.82699195,,3.16,17.08,19.01840491,43.4,0.55,6.32,336.5,39.32244273,13.32581422,-2.039566884,16.5043802,18.09919779,87.28638684,150.8,4209.9,,,195717,WA-075-SW-CK1CASP216-P3-39_64-2018
WashingtonState,Palouse,CK,PSLASP2,continuous no-till (hoe-type opener),SHM - no-till,SHM,CK-1C-ASP2,ASP,2,CK-1C-ASP2,3,ASP2,ASP2-3,5,AB,64,89,,ASP2-3-5,,,,,1.07,1.07,9.932181142,0.76323,0.08921,58.66,3.712086629,,0.91,19.29,22.93509735,32.8,0.55,6.86,330.8,19.49525242,-0.841610487,2.991545023,55.07418625,2.276515064,28.68043679,184.8,1557.1,,,195718,WA-075-SW-CK1CASP217-P3-64_89-2018
WashingtonState,Palouse,CK,PSLASP2,continuous no-till (hoe-type opener),SHM - no-till,SHM,CK-1C-ASP2,ASP,2,CK-1C-ASP2,3,ASP2,ASP2-3,6,Bw1,89,108,,ASP2-3-6,,,,,,1.2,11.98934281,0.39041,0.05755,17.46,0.117961866,,0.03,2.98,16.76392828,44.4,1.01,7.49,319.4,110.7666925,66.34841507,19.46017579,75.2756069,2.66513365,28.11032479,240,867.5,,,,WA-075-SW-CK1CASP218P3-89_108-2018
WashingtonState,Palouse,CK,PSLASP2,continuous no-till (hoe-type opener),SHM - no-till,SHM,CK-1C-ASP2,ASP,2,CK-1C-ASP2,3,ASP2,ASP2-3,7,Bw2,108,122,,ASP2-3-7,,,,,,0.79,13.5828,0.52572,0.06349,46.17,1.017937489,,0.25,24.05,26.4043034,28.4,1.35,7.86,319.4,118.4715537,180.4935641,16.41502166,111.5281473,5.392136918,48.23507965,575,589.8,,,,
WashingtonState,Palouse,CK,PSLBAU1,conventional tillage,BAU,BAU,CK-2A-BAU9,BAU,9,CK-2A-BAU9,1,BAU9,BAU9-1,1,Ap1a,0,5,,BAU9-1-1,,,,,0.79,0.79,4.5100451,1.4886,0.12304,21.76,1.939003696,,0.48,3.63,7.722640815,29,0.39,5.58,325.1,545.3756475,1012.002893,1012.002893,800.4740205,2638.992267,857.132712,178.4,4599.8,,,195750,WA-075-SW-CK-2A-BAU9-1-P1-0_5-18
WashingtonState,Palouse,CK,PSLBAU1,conventional tillage,BAU,BAU,CK-2A-BAU9,BAU,9,CK-2A-BAU9,1,BAU9,BAU9-1,2,Ap1b,5,10,,BAU9-1-2,,,,,0.75,0.75,4.729166667,1.3078,0.11437,23.88,2.105113183,,0.52,2.91,8.104648884,40.4,0.36,5.35,342.3,591.8856592,2468.208703,2468.208703,446.4727833,1734.056483,850.795956,133.1,4082.8,,,195751,WA-075-SW-CK-2A-BAU9-2-P1-5_10-18
WashingtonState,Palouse,CK,PSLBAU1,conventional tillage,BAU,BAU,CK-2A-BAU9,BAU,9,CK-2A-BAU9,1,BAU9,BAU9-1,3,Ap2,10,33,,BAU9-1-3,,,,,1.31,1.31,6.93725409,1.1747,0.09216,29.63,20.81330373,,5.13,7.47,18.01384296,39.8,0.26,6.24,325.1,1115.4805,1401.948786,1401.948786,467.9849633,661.9830257,1077.356841,48.9,2647.2,,,195752,WA-075-SW-CK-2A-BAU9-3-P1-10_33-18
WashingtonState,Palouse,CK,PSLBAU1,conventional tillage,BAU,BAU,CK-2A-BAU9,BAU,9,CK-2A-BAU9,1,BAU9,BAU9-1,4,A,33,68,,BAU9-1-4,,,,,1.2,1.2,7.560355781,0.94565,0.08753,20.54,1.062325694,,0.26,12.36,20.83971572,38.6,0.26,6.96,342.3,30.39839744,27.96103981,-1.806710491,14.82642484,92.15505488,29.3285452,15.1,1091.9,,,195753,WA-075-SW-CK-2A-BAU9-4-P1-33_68-18
WashingtonState,Palouse,CK,PSLBAU1,conventional tillage,BAU,BAU,CK-2A-BAU9,BAU,9,CK-2A-BAU9,1,BAU9,BAU9-1,5,AB,68,89,,BAU9-1-5,,,,,1.48,1.48,11.64126353,0.61908,0.05915,9.1,0.713393964,,0.18,2.68,14.26171611,23.4,0.29,7.38,325.1,32.05517634,75.3894961,-1.942046027,4.041558397,60.70312643,29.15591903,3.2,1060.4,,,195754,WA-075-SW-CK-2A-BAU9-5-P1-68_89-18
WashingtonState,Palouse,CK,PSLBAU1,conventional tillage,BAU,BAU,CK-2A-BAU9,BAU,9,CK-2A-BAU9,1,BAU9,BAU9-1,6,Bw1,89,106,,BAU9-1-6,,,,,1.24,1.24,12.24671565,0.37446,0.04619,3.83,0.468529427,,0.12,3.81,15.46515022,46.5,0.31,7.49,365.1,50.36549491,40.72635732,1.003806524,4.702748335,23.34070776,36.56712459,7.3,922.1,,,,WA-075-SW-CK-2A-BAU9-6P1-89_106-18
WashingtonState,Palouse,CK,PSLBAU1,conventional tillage,BAU,BAU,CK-2A-BAU9,BAU,9,CK-2A-BAU9,1,BAU9,BAU9-1,7,Bw2,106,122,,BAU9-1-7,,,,,1.26,1.26,13.343,0.22639,0.03273,2.88,11.40315414,,2.82,8.25,9.95916343,15.9,0.29,7.75,365.1,41.46001526,97.11020147,-0.991498054,5.89776016,6.065319502,35.02573338,0,4537.4,,,,
WashingtonState,Palouse,CK,PSLBAU1,conventional tillage,BAU,BAU,CK-2B-BAU9,BAU,9,CK-2B-BAU9,2,BAU9,BAU9-2,1,Ap1a,0,5,,BAU9-2-1,,,,,0.7,0.7,4.245671888,1.5816,0.12801,20.36,0.390088499,,0.1,4.94,9.3848,7.8,0.52,5.71,245.3,137.0165618,52.63690862,3.715893793,4.402069622,12.68997837,53.50453477,203,4395.1,,,195755,WA-075-SW-CK-2B-BAU9-8-P2-0_5-18
WashingtonState,Palouse,CK,PSLBAU1,conventional tillage,BAU,BAU,CK-2B-BAU9,BAU,9,CK-2B-BAU9,2,BAU9,BAU9-2,2,Ap1b,5,10,,BAU9-2-2,,,,,0.88,0.88,5.286343612,1.5013,0.12264,18.21,1.331893954,,0.33,11.01,17.4128,27.9,0.31,5.59,245.3,42.98433828,18.28301711,23.25524801,11.08751766,72.77681216,66.12267951,180.6,2058.4,,,195756,WA-075-SW-CK-2B-BAU9-9-P2-5_10-18
WashingtonState,Palouse,CK,PSLBAU1,conventional tillage,BAU,BAU,CK-2B-BAU9,BAU,9,CK-2B-BAU9,2,BAU9,BAU9-2,3,Ap2,10,31,,BAU9-2-3,,,,,1.38,1.38,5.788590604,1.1734,0.0983,24.33,5.353326525,,1.32,15.69,22.8168,41.8,0.23,6.17,262.4,79.13602426,20.6832864,58.35022298,44.06044776,28.95164883,40.63430915,218.7,1230.6,,,195757,WA-075-SW-CK-2B-BAU9-10P2-10_31-18
WashingtonState,Palouse,CK,PSLBAU1,conventional tillage,BAU,BAU,CK-2B-BAU9,BAU,9,CK-2B-BAU9,2,BAU9,BAU9-2,4,A,31,60,,BAU9-2-4,,,,,1.09,1.09,8.957478955,0.86227,0.09369,39.23,10.46761842,,2.58,20.34,23.9784,25.5,0.13,7.12,268.1,31.50816717,11.68267259,5.121209482,4.833100572,46.99384547,41.27441279,145.5,784.8,,,195758,WA-075-SW-CK-2B-BAU9-11-P231_60-18
WashingtonState,Palouse,CK,PSLBAU1,conventional tillage,BAU,BAU,CK-2B-BAU9,BAU,9,CK-2B-BAU9,2,BAU9,BAU9-2,5,AB,60,83,,BAU9-2-5,,,,,0.69,0.69,10.86381666,0.57909,0.07561,13.83,1.15283799,,0.28,7.5,18.6028,27.2,0.23,7.45,256.7,28.43726738,28.7227533,-2.144296472,4.608010776,8.987474133,54.32608485,78.8,935.2,,,195759,WA-075-SW-CK-2B-BAU9-12P2-60_83-18
WashingtonState,Palouse,CK,PSLBAU1,conventional tillage,BAU,BAU,CK-2B-BAU9,BAU,9,CK-2B-BAU9,2,BAU9,BAU9-2,6,Bw1,83,103,,BAU9-2-6,,,,,1.3,1.3,11.29597198,0.56826,0.06523,11.08,8.833056,,2.19,5.57,8.3292,34.6,0.7,7.46,262.4,45.49659197,98.62453244,4.699118364,4.828428885,42.83238068,29.75419918,0,1584.7,,,,WA-075-SW-CK-2BBAU9-13P2-83_102-18
WashingtonState,Palouse,CK,PSLBAU1,conventional tillage,BAU,BAU,CK-2B-BAU9,BAU,9,CK-2B-BAU9,2,BAU9,BAU9-2,7,Bw2,103,122,,BAU9-2-7,,,,,1.13,1.13,12.57,0.42772,0.05579,27.21,1.233008,,0.31,5.31,10.4324,41.8,0.49,7.68,268.1,17.82664896,30.55595898,-0.576528838,11.90008834,28.41044657,50.03377585,0,5377.9,,,,
WashingtonState,Palouse,CK,PSLBAU1,conventional tillage,BAU,BAU,CK-2C-BAU9,BAU,9,CK-2C-BAU9,3,BAU9,BAU9-3,1,Ap1a,0,5,,BAU9-3-1,,,,,0.99,0.99,4.709314441,1.6908,0.13449,15.58,15.03706309,,3.72,20.1,18.674,18.9,0.62,5.63,325.1,39.39446615,79.35439187,0.552317942,7.882867476,14.58935873,58.75764805,27.9,5128.6,,,195760,WA-075-SW-CK-2C-BAU9-15-P3-0_5-18
WashingtonState,Palouse,CK,PSLBAU1,conventional tillage,BAU,BAU,CK-2C-BAU9,BAU,9,CK-2C-BAU9,3,BAU9,BAU9-3,2,Ap1b,5,10,,BAU9-3-2,,,,,0.87,0.87,5.601659751,1.5988,0.1354,18.78,9.316705045,,2.3,22.32,25.5524,26.2,0.52,5.47,279.5,30.3239794,76.0060321,-0.136368262,15.03256938,59.22513239,41.73750536,152,4241.6,,,195761,WA-075-SW-CK-2C-BAU9-16-P3-5_10-18
WashingtonState,Palouse,CK,PSLBAU1,conventional tillage,BAU,BAU,CK-2C-BAU9,BAU,9,CK-2C-BAU9,3,BAU9,BAU9-3,3,Ap2,10,30,,BAU9-3-3,,,,,,1,7.412914189,1.3883,0.10414,44.59,25.0584423,,6.19,19.39,21.21,9.9,0.62,5.54,319.4,23.92689141,43.73501391,1.211986833,3.301922886,33.73525596,29.03413176,144.9,2352.4,,,195762,WA-075-SW-CK-2C-BAU9-17P3-10_31-18
WashingtonState,Palouse,CK,PSLBAU1,conventional tillage,BAU,BAU,CK-2C-BAU9,BAU,9,CK-2C-BAU9,3,BAU9,BAU9-3,4,A,30,59,,BAU9-3-4,,,,,,1,8.444635933,1.1153,0.10618,34.09,1.402036368,,0.35,7.69,16.316,36.3,0.86,6.53,330.8,28.87182534,26.43733318,-1.05430119,5.588157491,46.82521974,49.26485489,85.8,2988.6,,,195763,WA-075-SW-CK-2C-BAU9-18P3-31_60-18
WashingtonState,Palouse,CK,PSLBAU1,conventional tillage,BAU,BAU,CK-2C-BAU9,BAU,9,CK-2C-BAU9,3,BAU9,BAU9-3,5,AB,59,86,,BAU9-3-5,,,,,1.15,1.15,10.71116928,0.64053,0.07371,15.46,2.994104713,,0.74,4.84,15.0464,38.7,0.6,7.45,308,20.79241748,63.18456711,3.397212587,13.55952291,55.27532526,42.10475276,6.2,1466.6,,,195764,WA-075-SW-CK-2C-BAU9-19P3-60_83-18
WashingtonState,Palouse,CK,PSLBAU1,conventional tillage,BAU,BAU,CK-2C-BAU9,BAU,9,CK-2C-BAU9,3,BAU9,BAU9-3,6,Bw1,86,102,,BAU9-3-6,,,,,,1.2,10.76005303,0.48216,0.05863,6.71,1.229776,,0.3,14.53,26.546,34.8,0.81,7.52,290.9,15.43328627,69.50313861,65.69392425,15.9767709,4.635806547,28.25993007,0,1550,,,,WA-075-SW-CK-2CBAU9-20P3-83_102-18
WashingtonState,Palouse,CK,PSLBAU1,conventional tillage,BAU,BAU,CK-2C-BAU9,BAU,9,CK-2C-BAU9,3,BAU9,BAU9-3,7,Bw2,102,122,,BAU9-3-7,,,,,,1.2,11.023,0.2709,0.03326,6.96,1.221696,,0.3,5.9,18.438,36.6,0.88,7.78,273.8,13.4188733,135.2828359,-1.272963771,28.67956484,44.38220062,29.25129898,0,727.6,,,,
WashingtonState,Palouse,JEA,PSLASP10,continuous no-till,SHM - no-till,SHM,JEA-1A-ASP10,ASP,10,JEA-1A-ASP10,1,ASP10,ASP10-1,1,Ap1a,0,5,,ASP10-1-1,,,,,,0.8,4.986438556,2.18,0.15838,55.63,1.810656287,,0.45,14.1,10.822,22.5,0.47,5.54,171.1,66.3937741,54.81251018,-0.790964449,8.082001258,85.54757649,5.932349045,343.3,6849,,,195765,WA-075-SW-JEA-1A-ASP10-1-0_5-2018
WashingtonState,Palouse,JEA,PSLASP10,continuous no-till,SHM - no-till,SHM,JEA-1A-ASP10,ASP,10,JEA-1A-ASP10,1,ASP10,ASP10-1,2,Ap1b,5,10,,ASP10-1-2,,,,,,0.8,6.055508831,1.37,0.12789,26.15,1.334189263,,0.33,8.84,12.2544,17.2,0.29,5.71,114.1,27.13115103,106.7077465,-1.23762828,57.91476028,67.52164974,93.84707373,138.2,4070.8,,,195766,WA-075-SW-JEA-1A-ASP10-2-5_10-2018
WashingtonState,Palouse,JEA,PSLASP10,continuous no-till,SHM - no-till,SHM,JEA-1A-ASP10,ASP,10,JEA-1A-ASP10,1,ASP10,ASP10-1,3,Ap2,10,33,,ASP10-1-3,,,,,1.11,1.11,8.471690081,1.12,0.10624,21.07,2.079554601,,0.51,4.09,13.564,43.8,0.31,6.7,97,77.28267586,-0.860057856,2.656195968,5.859979175,68.20873061,26.107145,91.1,2837.1,,,195767,WA-075-SW-JEA-1A-ASP10-3-10_33-18
WashingtonState,Palouse,JEA,PSLASP10,continuous no-till,SHM - no-till,SHM,JEA-1A-ASP10,ASP,10,JEA-1A-ASP10,1,ASP10,ASP10-1,4,A,33,60,,ASP10-1-4,,,,,1.03,1.03,12.06320944,0.48,0.0694,13.27,0.449638835,,0.11,4.27,10.23,47.4,0.36,7.59,108.4,109.0248151,12.28768163,3.377892903,68.06414186,76.81203152,15.1462653,1.3,1246.6,,,195768,WA-075-SW-JEA-1A-ASP10-4-33_60-18
WashingtonState,Palouse,JEA,PSLASP10,continuous no-till,SHM - no-till,SHM,JEA-1A-ASP10,ASP,10,JEA-1A-ASP10,1,ASP10,ASP10-1,5,AB,60,82,,ASP10-1-5,,,,,1.07,1.07,12.63489209,0.36,0.05449,8.89,0.65259913,,0.16,2.9,9.6388,51.9,0.29,7.75,91.3,84.88314419,112.4953443,11.28983841,14.60294429,0.648131353,10.57516667,4.2,1138.3,,,195769,WA-075-SW-JEA-1A-ASP10-5-60_82-18
WashingtonState,Palouse,JEA,PSLASP10,continuous no-till,SHM - no-till,SHM,JEA-1A-ASP10,ASP,10,JEA-1A-ASP10,1,ASP10,ASP10-1,6,Bw1,82,106,,ASP10-1-6,,,,,0.98,0.98,13.63329584,0.28,0.04821,10.05,0.465093955,,0.11,0.63,1.993888342,35.7,0.39,7.96,119.8,40.02480219,22.78730739,8.692041252,33.19207165,55.25212701,1.588650334,0,770.6,,,,WA-075-SW-JEA-1A-ASP10-6-82_106-18
WashingtonState,Palouse,JEA,PSLASP10,continuous no-till,SHM - no-till,SHM,JEA-1A-ASP10,ASP,10,JEA-1A-ASP10,1,ASP10,ASP10-1,7,Bw2,106,122,,ASP10-1-7,,,,,1.41,1.41,14.244,0.17,0.05166,4.6,16.138848,,3.96,2.93,5.6648,38.4,0.52,8.12,97,47.9168684,109.0492237,-1.7800433,4.629840671,60.72569834,6.054719326,0,858.8,,,,
WashingtonState,Palouse,JEA,PSLASP10,continuous no-till,SHM - no-till,SHM,JEA-1B-ASP10,ASP,10,JEA-1B-ASP10,2,ASP10,ASP10-2,1,Ap1a,0,5,,ASP10-2-1,,,,,,0.8,4.660754795,1.63,0.12911,25.3,1.051020279,,0.26,3.14,4.3668,35.3,0.36,7.56,159.7,46.03036345,80.90404078,-2.118387896,53.27901,71.42320912,2.458579628,181.8,3679.6,,,195770,WA-075-SW-JEA-1B-ASP10-8-0_10-18
WashingtonState,Palouse,JEA,PSLASP10,continuous no-till,SHM - no-till,SHM,JEA-1B-ASP10,ASP,10,JEA-1B-ASP10,2,ASP10,ASP10-2,2,Ap1b,5,10,,ASP10-2-2,,,,,,0.8,5.419029616,1.17,0.10698,15.38,2.557539739,,0.63,3.28,6.9472,38.5,0.68,7.75,114.1,19.61264438,45.30254424,14.9352548,65.6002461,14.3534125,29.31843124,152.2,3371,,,195771,WA-075-SW-JEA-1B-ASP10-9-5_10-18
WashingtonState,Palouse,JEA,PSLASP10,continuous no-till,SHM - no-till,SHM,JEA-1B-ASP10,ASP,10,JEA-1B-ASP10,2,ASP10,ASP10-2,3,Ap2,10,32,,ASP10-2-3,,,,,1.1,1.1,7.773471146,1,0.09272,17.39,0.624217198,,0.15,3.97,11.7548,40.4,0.6,8.39,125.5,41.96055648,7.417655908,25.31373924,4.915751276,60.78346007,36.85538126,71.6,1343.6,,,195772,WA-075-SW-JEA-1B-ASP10-10-10_33-18
WashingtonState,Palouse,JEA,PSLASP10,continuous no-till,SHM - no-till,SHM,JEA-1B-ASP10,ASP,10,JEA-1B-ASP10,2,ASP10,ASP10-2,4,A,32,55,,ASP10-2-4,,,,,1.23,1.23,9.164882227,0.44,0.05901,22.21,1.784532911,,0.44,6.62,18.654,38.5,0.49,8.46,131.2,70.29272007,90.89659285,17.61587898,34.68347271,5.570659142,31.11524368,15,633,,,195773,WA-075-SW-JEA-1B-ASP10-11-33_60-18
WashingtonState,Palouse,JEA,PSLASP10,continuous no-till,SHM - no-till,SHM,JEA-1B-ASP10,ASP,10,JEA-1B-ASP10,2,ASP10,ASP10-2,5,AB,55,84,,ASP10-2-5,,,,,1.06,1.06,9.794938918,0.23,0.05386,10.28,4.507178032,,1.11,7.59,17.4428,8.5,0.52,8.48,119.8,58.77853585,8.234624482,-1.277673064,107.4640591,135.3657661,12.15060922,16,1295.8,,,195774,WA-075-SW-JEA-1B-ASP10-12-60_82-18
WashingtonState,Palouse,JEA,PSLASP10,continuous no-till,SHM - no-till,SHM,JEA-1B-ASP10,ASP,10,JEA-1B-ASP10,2,ASP10,ASP10-2,6,Bw1,84,108,,ASP10-2-6,,,,,0.99,0.99,11.05538596,0.16,0.04792,8.21,0.576096,,0.14,2.48,14.1136,44.9,0.26,8.41,125.5,29.04705901,44.77137034,-0.995954722,24.79364878,2.929953757,12.7357213,5.5,948.9,,,,WA-075-SW-JEA-1BASP10-13-82_106-18
WashingtonState,Palouse,JEA,PSLASP10,continuous no-till,SHM - no-till,SHM,JEA-1B-ASP10,ASP,10,JEA-1B-ASP10,2,ASP10,ASP10-2,7,Bw2,108,122,,ASP10-2-7,,,,,0.96,0.96,12.086,0.08,0.03395,1.18,0.708288,,0.17,0.29,4.6672,34.7,0.29,8.36,136.9,23.86418348,24.59016077,14.10022851,97.61830731,10.93950141,10.60086452,0,663.2,,,,
WashingtonState,Palouse,JEA,PSLASP10,continuous no-till,SHM - no-till,SHM,JEA-1C-ASP10,ASP,10,JEA-1C-ASP10,3,ASP10,ASP10-3,1,Ap1a,0,5,,ASP10-3-1,,,,,,0.8,5.153991201,0.77,0.06686,11.03,4.796525403,,1.18,2.98,6.4596,29.2,0.23,7.01,142.6,55.19144282,24.56852087,18.46740918,78.03301814,33.82051519,20.38928365,326.1,2178.8,,,195775,WA-075-SW-JEA-1C-ASP10-15-0_5-18
WashingtonState,Palouse,JEA,PSLASP10,continuous no-till,SHM - no-till,SHM,JEA-1C-ASP10,ASP,10,JEA-1C-ASP10,3,ASP10,ASP10-3,2,Ap1b,5,10,,ASP10-3-2,,,,,,0.8,6.021821234,0.67,0.06634,4.71,1.38923674,,0.34,2.11,7.6352,41.9,0.86,6.96,136.9,95.92321325,65.02831279,2.866090048,73.89792935,36.08283641,46.31855828,295.1,1697,,,195776,WA-075-SW-JEA-1C-ASP10-16-5_10-18
WashingtonState,Palouse,JEA,PSLASP10,continuous no-till,SHM - no-till,SHM,JEA-1C-ASP10,ASP,10,JEA-1C-ASP10,3,ASP10,ASP10-3,3,Ap2,10,27,,ASP10-3-3,,,,,1.54,1.54,8.322608323,0.46,0.05468,2.78,0.602076232,,0.15,0.88,8.8264,20.4,0.39,8.28,165.4,95.97687519,120.1159864,-1.594174065,6.330743988,70.76103097,4.096979668,71.8,1328.9,,,195777,WA-075-SW-JEA-1C-ASP10-17-10_27-18
WashingtonState,Palouse,JEA,PSLASP10,continuous no-till,SHM - no-till,SHM,JEA-1C-ASP10,ASP,10,JEA-1C-ASP10,3,ASP10,ASP10-3,4,A,27,51,,ASP10-3-4,,,,,1,1,14.56179775,0.11,0.03728,5.08,1.782087007,,0.44,3.18,15.5392,36.2,0.44,8.45,102.7,15.64325142,8.182905575,58.46964578,30.01002152,171.6784517,3.494604294,8.4,1497,,,195778,WA-075-SW-JEA-1C-ASP10-18-27_51-18
WashingtonState,Palouse,JEA,PSLASP10,continuous no-till,SHM - no-till,SHM,JEA-1C-ASP10,ASP,10,JEA-1C-ASP10,3,ASP10,ASP10-3,5,AB,51,78,,ASP10-3-5,,,,,1.22,1.22,13.60544218,0.08,0.01758,1.69,0.889825408,,0.22,2.29,9.6792,25.2,0.26,8.48,182.5,27.11186759,63.74230198,5.653085058,4.315137161,13.47457794,3.124984612,9.8,528.3,,,195779,WA-075-SW-JEA-1C-ASP10-19-51_78-18
WashingtonState,Palouse,JEA,PSLASP10,continuous no-till,SHM - no-till,SHM,JEA-1C-ASP10,ASP,10,JEA-1C-ASP10,3,ASP10,ASP10-3,6,Bw1,78,105,,ASP10-3-6,,,,,1.15,1.15,16.06025492,0.07,0.02478,4.2,0.39168,,0.1,1.09,7.616,41.6,0.26,8.44,142.6,127.1435464,-0.547394916,112.9693713,87.1146892,0.731773752,5.421294969,0,391.1,,,,WA-075-SW-JEA-1CASP10-20-78_105-18
WashingtonState,Palouse,JEA,PSLASP10,continuous no-till,SHM - no-till,SHM,JEA-1C-ASP10,ASP,10,JEA-1C-ASP10,3,ASP10,ASP10-3,7,Bw2,105,122,,ASP10-3-7,,,,,1.07,1.07,16.783,0.05,0.03577,3.36,0.066912,,0.02,1.97,10.8684,41.9,0.23,8.51,154,66.53587854,25.3327227,146.527374,7.427515979,2.622420603,12.29711709,0,465.1,,,,
WashingtonState,Palouse,KUI,PSLASP6,continuous no-till,SHM - no-till,SHM,KUI-1A-ASP6,ASP,6,KUI-1A-ASP6,1,ASP6,ASP6-1,1,Ap1a,0,5,,ASP6-1-1,,,,,0.99,0.99,8.813928183,2.58,0.19,21.77,12.40780615,,3.05,8.75,13.62227369,42.5,0.75,5.75,330.8,13.36297206,3.152437428,5.762409199,76.84114627,1.001713449,3.642446361,25.4,6037.9,,,195719,ID-057-SW-KUI-1AASP6-1-P1-0_5-2018
WashingtonState,Palouse,KUI,PSLASP6,continuous no-till,SHM - no-till,SHM,KUI-1A-ASP6,ASP,6,KUI-1A-ASP6,1,ASP6,ASP6-1,2,Ap1b,5,10,,ASP6-1-2,,,,,1.02,1.02,12.54416961,1.69,0.12,23.89,5.548117799,,1.36,11.46,20.66739462,42.2,0.44,5.97,308,77.90746,5.575556539,7.134984281,14.12579642,27.76332807,16.89400063,296.2,3576.7,,,195720,ID-057-SW-KUI1AASP6-2-P1-5_10-2018
WashingtonState,Palouse,KUI,PSLASP6,continuous no-till,SHM - no-till,SHM,KUI-1A-ASP6,ASP,6,KUI-1A-ASP6,1,ASP6,ASP6-1,3,Ap2,10,28,,ASP6-1-3,,,,,1.13,1.13,11.27103632,1.5,0.12,25.96,6.583615808,,1.62,10.78,18.48939795,42.9,0.44,6.03,313.7,12.39975597,2.764031229,-0.925953462,21.47990123,13.60926304,33.04193831,13.8,3269.2,,,195721,ID-057-SW-KUI1AASP63-P1-10_28-2018
WashingtonState,Palouse,KUI,PSLASP6,continuous no-till,SHM - no-till,SHM,KUI-1A-ASP6,ASP,6,KUI-1A-ASP6,1,ASP6,ASP6-1,4,A,28,48,,ASP6-1-4,,,,,1.22,1.22,11.42666963,0.68,0.07,14.77,3.081659168,,0.76,11.9,19.10586824,36.3,0.29,6.88,319.4,68.11250179,91.18045455,1.824207281,20.99327166,15.80713008,64.01717564,4.5,1791.8,,,195722,ID-057-SW-KUI-1AASP6-4P1-28_48-18
WashingtonState,Palouse,KUI,PSLASP6,continuous no-till,SHM - no-till,SHM,KUI-1A-ASP6,ASP,6,KUI-1A-ASP6,1,ASP6,ASP6-1,5,AB,48,72,,ASP6-1-5,,,,,1.16,1.16,12.28265716,0.4,0.06,4.64,0.678471054,,0.17,8.96,22.50715782,45.8,0.44,7.14,302.3,78.07567917,16.94450279,-2.08925703,9.746066609,80.31252831,19.35162895,1.9,949.1,,,195723,ID-057-SW-KUI-1AASP6-5P1-48_72-18
WashingtonState,Palouse,KUI,PSLASP6,continuous no-till,SHM - no-till,SHM,KUI-1A-ASP6,ASP,6,KUI-1A-ASP6,1,ASP6,ASP6-1,6,Bw1,72,92,,ASP6-1-6,,,,,1.23,1.23,13.09603761,0.26,0.03,6.63,0.40235503,,0.1,6.53,21.42805718,45.7,0.52,7.26,302.3,69.12641741,172.7801952,12.89971697,12.81879149,57.74801173,2.919900298,2,902.7,,,,ID-057-SW-KUI-1AASP6-6P1-72_92-18
WashingtonState,Palouse,KUI,PSLASP6,continuous no-till,SHM - no-till,SHM,KUI-1A-ASP6,ASP,6,KUI-1A-ASP6,1,ASP6,ASP6-1,7,Bw2,92,122,,ASP6-1-7,,,,,1.15,1.15,14.47333333,0.21,0.04,3.8,1.956944689,,0.48,2.29,12.76459577,57.5,0.6,7.42,296.6,38.40222407,48.06893511,8.268872112,25.82649217,64.3685677,7.270316694,17.2,844.4,,,,
WashingtonState,Palouse,KUI,PSLASP6,continuous no-till,SHM - no-till,SHM,KUI-1B-ASP6,ASP,6,KUI-1B-ASP6,2,ASP6,ASP6-2,1,Ap1a,0,5,,ASP6-2-1,,,,,0.87,0.87,8.254716981,2.41,0.18,40.9,13.79673011,,3.4,10.21,16.59222591,35,0.52,5.79,290.9,137.0804145,0.232485233,0.586745766,14.25185817,38.24977849,37.30700995,337.2,6044.4,,,195724,ID-057-SW-KUI-1B-ASP6-8-P2-0_5-18
WashingtonState,Palouse,KUI,PSLASP6,continuous no-till,SHM - no-till,SHM,KUI-1B-ASP6,ASP,6,KUI-1B-ASP6,2,ASP6,ASP6-2,2,Ap1b,5,10,,ASP6-2-2,,,,,0.7,0.7,10.31537451,2.04,0.16,29.24,9.446528093,,2.33,13.09,13.2956922,38.1,0.49,5.81,308,40.56562803,-0.574658787,18.58758707,19.65888135,63.90671196,13.90502929,276.6,4920.5,,,195725,ID-057-SW-KUI-1B-ASP6-9-P2-5_10-18
WashingtonState,Palouse,KUI,PSLASP6,continuous no-till,SHM - no-till,SHM,KUI-1B-ASP6,ASP,6,KUI-1B-ASP6,2,ASP6,ASP6-2,3,Ap2,10,33,,ASP6-2-3,,,,,1.05,1.05,11.05716177,1.51,0.11,37.26,17.15303311,,4.23,14.21,18.64890162,34.3,0.47,6.24,325.1,79.54422343,-1.644403344,103.3374172,6.791513367,92.8687578,25.00729762,191.9,6158.2,,,195726,ID-057-SW-KUI-1BASP6-10P2-10_33-18
WashingtonState,Palouse,KUI,PSLASP6,continuous no-till,SHM - no-till,SHM,KUI-1B-ASP6,ASP,6,KUI-1B-ASP6,2,ASP6,ASP6-2,4,A,33,57,,ASP6-2-4,,,,,0.6,0.6,11.0816777,0.97,0.08,47.76,17.52198957,,4.32,15.64,18.13669217,40.3,0.36,6.91,302.3,22.86434316,5.723822989,49.29339584,37.34952949,9.265307861,22.53529968,71.1,1900,,,195727,ID-057-SW-KUI-1BASP6-11P2-33_57-18
WashingtonState,Palouse,KUI,PSLASP6,continuous no-till,SHM - no-till,SHM,KUI-1B-ASP6,ASP,6,KUI-1B-ASP6,2,ASP6,ASP6-2,5,AB,57,88,,ASP6-2-5,,,,,1.18,1.18,11.11111111,0.65,0.07,16.5,7.245040519,,1.79,10.17,17.08017404,30.9,0.49,7.29,296.6,173.5174061,-1.909634299,1.522666425,4.286001093,16.27699878,20.61905782,13.9,1479.8,,,195728,ID-057-SW-KUI-1BASP6-12P2-57_88-18
WashingtonState,Palouse,KUI,PSLASP6,continuous no-till,SHM - no-till,SHM,KUI-1B-ASP6,ASP,6,KUI-1B-ASP6,2,ASP6,ASP6-2,6,Bw1,88,106,,ASP6-2-6,,,,,1.1,1.1,14.53976091,0.5,0.05,10.31,2.291304696,,0.57,8.84,23.38972882,32.6,0.55,7.39,302.3,89.7069368,26.60440891,67.02738926,16.39268326,56.0171271,44.89874,52.3,866.1,,,,ID-057-SW-KUI-1BASP613P2-88_106-18
WashingtonState,Palouse,KUI,PSLASP6,continuous no-till,SHM - no-till,SHM,KUI-1B-ASP6,ASP,6,KUI-1B-ASP6,2,ASP6,ASP6-2,7,Bw2,106,122,,ASP6-2-7,,,,,1.16,1.16,16.23375,0.38,0.07,36.39,6.987416302,,1.73,15.23,26.85935538,22.4,0.42,7.47,319.4,66.29260938,55.84946644,64.22085561,7.357218851,10.07475437,29.85142813,0,837,,,,
WashingtonState,Palouse,KUI,PSLASP6,continuous no-till,SHM - no-till,SHM,KUI-1B-ASP6,ASP,6,KUI-1C-ASP6,3,ASP6,ASP6-3,1,Ap1a,0,5,,ASP6-3-1,,,,,1.07,1.07,8.304867635,2.69,0.2,35.56,54.15938527,,13.35,15.13,19.00006,16,0.42,5.55,296.6,49.55931496,-0.049707725,13.50164001,3.232268081,44.77533905,64.86118973,369.2,6490.6,,,195729,ID-057-SW-KUI-1C-ASP6-15-P3-0_5-18
WashingtonState,Palouse,KUI,PSLASP6,continuous no-till,SHM - no-till,SHM,KUI-1B-ASP6,ASP,6,KUI-1C-ASP6,3,ASP6,ASP6-3,2,Ap1b,5,10,,ASP6-3-2,,,,,1.05,1.05,9.130529527,1.87,0.14,35.37,42.97615649,,10.58,12.81,17.50301983,30.7,0.36,5.58,319.4,29.79448659,-0.113692038,23.47104124,5.031596403,71.58582785,67.56816729,140.1,4253.7,,,195730,ID-057-SW-KUI-1CASP6-16P3-10_33-18
WashingtonState,Palouse,KUI,PSLASP6,continuous no-till,SHM - no-till,SHM,KUI-1B-ASP6,ASP,6,KUI-1C-ASP6,3,ASP6,ASP6-3,3,Ap2,10,28,,ASP6-3-3,,,,,1.12,1.12,9.750219106,1.84,0.14,33.74,74.04932545,,18.22,17.54,17.3033627,15.5,0.31,5.8,330.8,49.21919396,33.93918976,48.14105043,4.89797417,52.96162127,65.92630367,167.4,3633.5,,,195731,ID-057-SW-KUI-1C-ASP6-17P3-5_10-18
WashingtonState,Palouse,KUI,PSLASP6,continuous no-till,SHM - no-till,SHM,KUI-1B-ASP6,ASP,6,KUI-1C-ASP6,3,ASP6,ASP6-3,4,A,28,61,,ASP6-3-4,,,,,0.85,0.85,10.30542738,1.31,0.1,46.65,6.31672466,,1.55,11.35,14.75154783,34.7,0.21,6.63,330.8,20.69392318,49.84328044,79.53864935,29.16942586,66.28062591,38.26728239,23.7,2515.2,,,195732,ID-057-SW-KUI-1CASP6-18P3-33_57-18
WashingtonState,Palouse,KUI,PSLASP6,continuous no-till,SHM - no-till,SHM,KUI-1B-ASP6,ASP,6,KUI-1C-ASP6,3,ASP6,ASP6-3,5,A,61,88,,ASP6-3-5,,,,,1.13,1.13,10.74180057,0.97,0.09,46.84,4.521156757,,1.11,12.96,17.01170297,28.5,0.23,7.09,342.3,14.70807833,0.573183247,17.33266499,32.74762122,10.76459115,5.353196309,10.7,1895.5,,,195733,ID-057-SW-KUI-1CASP6-19P3-57_88-18
WashingtonState,Palouse,KUI,PSLASP6,continuous no-till,SHM - no-till,SHM,KUI-1B-ASP6,ASP,6,KUI-1C-ASP6,3,ASP6,ASP6-3,6,AB,88,109,,ASP6-3-6,,,,,1.14,1.14,11.30834977,0.68,0.07,32.47,4.10437732,,1.02,9.91,22.56135607,41.9,0.34,7.57,319.4,103.748829,10.50602663,187.9054543,6.961172049,10.86255191,33.22546525,125,980.2,,,,ID-057-SW-KUI-1CASP620P3-88_106-18
WashingtonState,Palouse,KUI,PSLASP6,continuous no-till,SHM - no-till,SHM,KUI-1B-ASP6,ASP,6,KUI-1C-ASP6,3,ASP6,ASP6-3,7,Bw1,109,122,,ASP6-3-7,,,,,1.63,1.63,13.99757143,0.31,0.05,15.27,0.342563225,,0.08,5.05,23.11445839,46.8,0.42,7.67,308,97.02980198,-3.209783142,126.1843525,15.59879644,40.28574171,5.499044137,0,450.8,,,,
WashingtonState,Palouse,KUI,PSLBAU3,conventional tillage,BAU,BAU,KUI-2A-BAU3,BAU,3,KUI-2A-BAU3,1,BAU3,BAU3-1,1,Ap1a,0,5,,BAU3-1-1,,,,,0.77,0.77,7.42796158,2.05,0.15,12.4,9.927222169,,2.44,9.35,14.04756381,28.5,0.57,6.13,325.1,88.51679472,65.86847891,0.039703535,25.37952236,90.48324555,1.511051432,279.4,4386.1,,,195735,ID-057-SW-KUI-2A-BAU3-1-P1-0_5-18
WashingtonState,Palouse,KUI,PSLBAU3,conventional tillage,BAU,BAU,KUI-2A-BAU3,BAU,3,KUI-2A-BAU3,1,BAU3,BAU3-1,2,Ap1b,5,10,,BAU3-1-2,,,,,0.71,0.71,8.478214209,1.65,0.13,18.29,5.01582574,,1.23,8.94,16.80671597,39.4,0.94,6.18,319.4,53.89782022,26.891438,9.444823986,45.51175538,118.8171475,2.671856087,210.6,3780.9,,,195736,ID-057-SW-KUI-2A-BAU3-2-P1-5_10-18
WashingtonState,Palouse,KUI,PSLBAU3,conventional tillage,BAU,BAU,KUI-2A-BAU3,BAU,3,KUI-2A-BAU3,1,BAU3,BAU3-1,3,Ap2,10,34,,BAU3-1-3,,,,,1.06,1.06,10.8871851,0.93,0.08,30.66,3.817729024,,0.93,17.88,23.49478769,25.2,0.55,6.93,330.8,23.63627816,76.20900754,33.61298252,11.33242249,57.91157518,11.3309197,71.1,2280.4,,,195737,ID-057-SW-KUI-2A-BAU3-3P1-10_34-18
WashingtonState,Palouse,KUI,PSLBAU3,conventional tillage,BAU,BAU,KUI-2A-BAU3,BAU,3,KUI-2A-BAU3,1,BAU3,BAU3-1,4,A,34,70,,BAU3-1-4,,,,,1.06,1.06,11.35409764,0.47,0.06,14.15,3.309685964,,0.81,6.18,14.87230145,42.5,0.47,7.38,330.8,31.66061279,93.55438681,106.2829169,17.69581424,27.89804529,54.92963061,2.8,1489.2,,,195738,ID-057-SW-KUI-2A-BAU3-4P1-34_70-18
WashingtonState,Palouse,KUI,PSLBAU3,conventional tillage,BAU,BAU,KUI-2A-BAU3,BAU,3,KUI-2A-BAU3,1,BAU3,BAU3-1,5,AB,70,100,,BAU3-1-5,,,,,1.09,1.09,12.29361892,0.44,0.07,21.82,1.293756823,,0.32,5.27,16.70738681,24,0.57,7.77,336.5,23.43578307,2.193054756,86.70509933,6.615656863,83.16697875,2.251648995,1.3,857.5,,,,ID-057-SW-KUI-2ABAU3-5P1-70_100-18
WashingtonState,Palouse,KUI,PSLBAU3,conventional tillage,BAU,BAU,KUI-2A-BAU3,BAU,3,KUI-2A-BAU3,1,BAU3,BAU3-1,6,Bw1,100,122,,BAU3-1-6,,,,,1.06,1.06,13.872,0.41,0.03,80.2,55.98531511,,13.72,30.39,16.61007866,17.4,0.65,7.9,342.3,45.9363346,89.47848226,60.81367663,7.145586877,3.473099761,4.00731849,0,452.1,,,,
WashingtonState,Palouse,KUI,PSLBAU3,conventional tillage,BAU,BAU,KUI-2A-BAU3,BAU,3,KUI-2B-BAU3,2,BAU3,BAU3-2,1,Ap1a,0,5,,BAU3-2-1,,,,,0.72,0.72,6.783601014,1.75,0.13,13.14,3.53683371,,0.87,3.19,10.7316527,42.5,0.42,5.84,308,23.34964471,128.7698575,5.848384824,77.21936041,69.85423867,1.981013306,239.1,3834.1,,,195740,ID-057-SW-KUI-2B-BAU3-7-P2-0_5-18
WashingtonState,Palouse,KUI,PSLBAU3,conventional tillage,BAU,BAU,KUI-2A-BAU3,BAU,3,KUI-2B-BAU3,2,BAU3,BAU3-2,2,Ap1b,5,10,,BAU3-2-2,,,,,0.67,0.67,10.11723838,1.33,0.11,31.26,2.618476846,,0.64,10.14,18.82211317,39.7,0.55,6.32,319.4,86.4450126,82.52237913,-1.996975351,7.300193974,76.06647953,82.22480606,92.1,3069.1,,,195741,ID-057-SW-KUI-2B-BAU3-8-P2-5_10-18
WashingtonState,Palouse,KUI,PSLBAU3,conventional tillage,BAU,BAU,KUI-2A-BAU3,BAU,3,KUI-2B-BAU3,2,BAU3,BAU3-2,3,Ap2,10,38,,BAU3-2-3,,,,,0.99,0.99,12.38542365,0.84,0.07,23.62,4.706283413,,1.15,18.25,25.06457572,14.6,0.49,6.96,308,76.38929682,122.2476498,13.8974918,8.286170438,93.65535259,11.18004512,2.1,2047.9,,,195742,ID-057-SW-KUI-2B-BAU3-9P2-10_38-18
WashingtonState,Palouse,KUI,PSLBAU3,conventional tillage,BAU,BAU,KUI-2A-BAU3,BAU,3,KUI-2B-BAU3,2,BAU3,BAU3-2,4,A,38,75,,BAU3-2-4,,,,,1.15,1.15,12.59807218,0.56,0.07,17.93,1.743535646,,0.43,10.51,22.33010874,20.3,0.68,7.25,330.8,117.0567621,51.68839733,-1.44037425,22.33086366,9.578734157,23.10435421,9.9,895,,,195743,ID-057-SW-KUI-2BBAU3-10P2-38_75-18
WashingtonState,Palouse,KUI,PSLBAU3,conventional tillage,BAU,BAU,KUI-2A-BAU3,BAU,3,KUI-2B-BAU3,2,BAU3,BAU3-2,5,AB,75,103,,BAU3-2-5,,,,,1.14,1.14,15.47455296,0.51,0.06,12.24,1.161681963,,0.28,8.37,22.91644173,34.1,0.55,7.46,313.7,19.15149722,20.45609782,0.244794689,4.589651762,47.45486105,3.598568253,4.7,910.7,,,,ID-057-SW-KUI-2BBAU311P2-75_103-18
WashingtonState,Palouse,KUI,PSLBAU3,conventional tillage,BAU,BAU,KUI-2A-BAU3,BAU,3,KUI-2B-BAU3,2,BAU3,BAU3-2,6,Bw1,103,122,,BAU3-2-6,,,,,1.12,1.12,16.5935,0.2,0.02,5.57,1.339872,,0.33,4.53,17.0388,49,0.36,7.57,296.6,13.0355937,84.53759629,10.93857307,18.52227508,58.90691226,19.71889396,0,632,,,,
WashingtonState,Palouse,KUI,PSLBAU3,conventional tillage,BAU,BAU,KUI-2A-BAU3,BAU,3,KUI-2C-BAU3,3,BAU3,BAU3-3,1,Ap1a,0,5,,BAU3-3-1,,,,,0.72,0.72,6.806615776,1.9,0.14,17.91,3.860439531,,0.95,4.51,11.24199058,26.4,0.44,6.22,325.1,11.6185992,68.79980323,9.667618469,4.025501918,13.89118915,143.6576659,217.5,4773.8,,,195745,ID-057-SW-KUI-2C-BAU3-13-P3-0_5-18
WashingtonState,Palouse,KUI,PSLBAU3,conventional tillage,BAU,BAU,KUI-2A-BAU3,BAU,3,KUI-2C-BAU3,3,BAU3,BAU3-3,2,Ap1b,5,10,,BAU3-3-2,,,,,0.71,0.71,8.964186146,1.44,0.11,27.86,5.829506484,,1.43,8.46,15.18225344,38.9,0.29,6.31,296.6,17.60542792,160.5168483,0.241063132,8.820383682,0.506391153,126.3877698,1,3069.8,,,195746,ID-057-SW-KUI-2C-BAU3-14P3-5_10-18
WashingtonState,Palouse,KUI,PSLBAU3,conventional tillage,BAU,BAU,KUI-2A-BAU3,BAU,3,KUI-2C-BAU3,3,BAU3,BAU3-3,3,Ap2,10,33,,BAU3-3-3,,,,,1,1,10.28770706,0.86,0.09,38.72,2.372158769,,0.58,9.61,19.09608632,25.7,0.39,6.7,319.4,13.73044633,34.75944687,12.4047292,3.264464196,27.2866955,46.37206395,89,1613.3,,,195747,ID-057-SW-KUI-2CBAU3-15P3-10_33-18
WashingtonState,Palouse,KUI,PSLBAU3,conventional tillage,BAU,BAU,KUI-2A-BAU3,BAU,3,KUI-2C-BAU3,3,BAU3,BAU3-3,4,A,33,72,,BAU3-3-4,,,,,0.99,0.99,11.47104504,0.51,0.06,13.39,2.308647585,,0.57,4.39,16.06779363,38.9,0.44,7.45,313.7,55.27303375,16.62875734,41.7123961,9.108836583,30.64595825,105.7164266,3.8,1374.4,,,195748,ID-057-SW-KUI-2CBAU3-16P3-33_72-18
WashingtonState,Palouse,KUI,PSLBAU3,conventional tillage,BAU,BAU,KUI-2A-BAU3,BAU,3,KUI-2C-BAU3,3,BAU3,BAU3-3,5,AB,72,94,,BAU3-3-5,,,,,0.99,0.99,12.72163121,0.3,0.06,19.09,0.929916389,,0.23,2.38,17.60707274,37.8,0.36,7.7,342.3,64.90068302,5.458530889,9.801560979,12.62441242,7.757101114,33.0949152,0,1095.1,,,,ID-057-SW-KUI-2CBAU3-17P3-72_94-18
WashingtonState,Palouse,KUI,PSLBAU3,conventional tillage,BAU,BAU,KUI-2A-BAU3,BAU,3,KUI-2C-BAU3,3,BAU3,BAU3-3,6,Bw1,94,122,,BAU3-3-6,,,,,0.6,0.6,13.335,0.18,0.04,8.76,1.15872,,0.28,6.13,19.0348,38.3,0.42,7.87,342.3,72.3690014,142.4519305,20.93613694,9.290930669,55.80675057,39.95379191,0,1097.6,,,,
WashingtonState,Palouse,LYM,PSLBAU8,conventional tillage,BAU,BAU,LYM-1A-BAU8,BAU,8,LYM-1A-BAU8,1,BAU8,BAU8-1,1,Ap1a,0,5,,BAU8-1-1,,,,,,0.8,4.92447755,2.057,0.15587,32.33,1.563545785,,0.39,1.65,6.492,22,0.81,7.18,159.7,22.89876274,86.21527327,25.95848402,80.81685315,89.50641113,4.837973885,210.5,5612.5,,,195780,WA-075-SW-LYM-1A-BAU8-1-0_5-18
WashingtonState,Palouse,LYM,PSLBAU8,conventional tillage,BAU,BAU,LYM-1A-BAU8,BAU,8,LYM-1A-BAU8,1,BAU8,BAU8-1,2,Ap1b,5,10,,BAU8-1-2,,,,,,0.8,4.625963742,2.215,0.17249,67.86,2.24731899,,0.55,2.48,5.8112,30.1,0.83,7.19,159.7,136.8907383,88.53621548,34.74377495,7.29665222,8.610176883,17.95647646,173.8,6442.2,,,195781,WA-075-SW-LYM-1A-BAU8-2-5_10-18
WashingtonState,Palouse,LYM,PSLBAU8,conventional tillage,BAU,BAU,LYM-1A-BAU8,BAU,8,LYM-1A-BAU8,1,BAU8,BAU8-1,3,Ap2,10,29,,BAU8-1-3,,,,,0.8,0.8,8.392818516,2.0668,0.15629,49.94,1.454939156,,0.36,2.57,10.9828,28.2,0.44,7.73,148.3,76.66992818,30.47602501,18.67489449,47.1411003,29.36697399,12.56244298,204.2,5283.5,,,195782,WA-075-SW-LYM-1A-BAU8-3-10_29-18
WashingtonState,Palouse,LYM,PSLBAU8,conventional tillage,BAU,BAU,LYM-1A-BAU8,BAU,8,LYM-1A-BAU8,1,BAU8,BAU8-1,4,A,29,79,,BAU8-1-4,,,,,0.74,0.74,11.40506892,2.5018,0.18148,52.37,1.065846409,,0.26,8.82,11.5172,33.7,0.42,7.72,159.7,64.58523648,47.19228137,127.7668136,74.17642318,100.5609864,92.07618734,195,4541.6,,,195783,WA-075-SW-LYM-1A-BAU8-4-29_79-18
WashingtonState,Palouse,LYM,PSLBAU8,conventional tillage,BAU,BAU,LYM-1A-BAU8,BAU,8,LYM-1A-BAU8,1,BAU8,BAU8-1,5,AB,79,106,,BAU8-1-5,,,,,0.9,0.9,13.43450123,1.925,0.14215,23.43,0.110976,,0.03,4.86,9.7752,21.3,0.91,8.05,159.7,215.7529528,215.9653659,40.73624634,9.418620391,62.48137513,4.826628297,76.1,3224.2,,,,WA-075-SW-LYM-1A-BAU8-5-79_106-18
WashingtonState,Palouse,LYM,PSLBAU8,conventional tillage,BAU,BAU,LYM-1A-BAU8,BAU,8,LYM-1A-BAU8,1,BAU8,BAU8-1,6,Bw1,106,122,,BAU8-1-6,,,,,,1,14.222,1.3431,0.10407,23.28,0.148512,,0.04,4.79,7.3808,19.9,0.75,8.14,188.2,166.9153445,73.6740838,12.57386649,91.57050005,92.14170045,1.551752442,25.3,3162.4,,,,
WashingtonState,Palouse,LYM,PSLBAU8,conventional tillage,BAU,BAU,LYM-1B-BAU8,BAU,8,LYM-1B-BAU8,2,BAU8,BAU8-2,1,Ap1a,0,5,,BAU8-2-1,,,,,,0.8,5.64113239,2.0435,0.16798,30.54,1.23007232,,0.3,2.24,9.058,10.6,0.55,6.83,171.1,57.19692007,149.9374094,13.45972331,7.878736917,86.49351729,16.45038578,143.2,12642.5,,,195785,WA-075-SW-LYM-1B-BAU8-7-0_5-18
WashingtonState,Palouse,LYM,PSLBAU8,conventional tillage,BAU,BAU,LYM-1B-BAU8,BAU,8,LYM-1B-BAU8,2,BAU8,BAU8-2,2,Ap1b,5,10,,BAU8-2-2,,,,,,0.8,4.728033473,1.9509,0.1392,22.23,1.250599175,,0.31,2.12,7.8508,28.2,0.44,6.86,193.9,79.04431999,0.472016689,35.45860054,86.20280088,62.60925837,3.506653184,170.7,10872.5,,,195786,WA-075-SW-LYM-1B-BAU8-8-5_10-18
WashingtonState,Palouse,LYM,PSLBAU8,conventional tillage,BAU,BAU,LYM-1B-BAU8,BAU,8,LYM-1B-BAU8,2,BAU8,BAU8-2,3,Ap2,10,26,,BAU8-2-3,,,,,0.98,0.98,7.880085653,1.811,0.15128,35.45,0.11866674,,0.03,2.32,7.2244,28.6,0.7,6.88,188.2,100.5708247,11.67770131,-1.952589396,15.29497613,48.01849626,5.205892604,119.3,10618.3,,,195787,WA-075-SW-LYM-1B-BAU8-9-10_26-18
WashingtonState,Palouse,LYM,PSLBAU8,conventional tillage,BAU,BAU,LYM-1B-BAU8,BAU,8,LYM-1B-BAU8,2,BAU8,BAU8-2,4,A,26,56,,BAU8-2-4,,,,,,0.9,11.0866696,1.9217,0.16224,33.94,0.914309364,,0.22,4.45,14.192,18.2,0.86,7.17,199.6,87.70308254,70.61748608,39.4818344,80.07525646,79.12761808,9.722670337,163.1,7214.7,,,195788,WA-075-SW-LYM-1B-BAU8-10-26_56-18
WashingtonState,Palouse,LYM,PSLBAU8,conventional tillage,BAU,BAU,LYM-1B-BAU8,BAU,8,LYM-1B-BAU8,2,BAU8,BAU8-2,5,AB,56,77,,BAU8-2-5,,,,,0.9,0.9,11.59581571,2.6226,0.18929,55.15,0.68742764,,0.17,6.93,9.7948,32.7,0.34,7.84,142.6,139.6740217,40.80527438,28.60573604,52.18307554,21.76023068,16.80439119,255.9,7360.3,,,195789,WA-075-SW-LYM-1B-BAU8-11-56_77-18
WashingtonState,Palouse,LYM,PSLBAU8,conventional tillage,BAU,BAU,LYM-1B-BAU8,BAU,8,LYM-1B-BAU8,2,BAU8,BAU8-2,6,Bw1,77,96,,BAU8-2-6,,,,,,1.2,13.76827897,2.1902,0.15967,47.82,0.656064,,0.16,7.38,8.4416,20.8,0.26,8.1,131.2,99.03881422,176.2437617,40.49591569,55.45390612,40.80892761,87.05623151,57.7,4407.7,,,,WA-075-SW-LYM-1B-BAU8-12-77_96-18
WashingtonState,Palouse,LYM,PSLBAU8,conventional tillage,BAU,BAU,LYM-1B-BAU8,BAU,8,LYM-1B-BAU8,2,BAU8,BAU8-2,7,Bw2,96,122,,BAU8-2-7,,,,,,1.2,14.445,1.0746,0.08301,33.44,0.80784,,0.2,6.66,9.752,8.6,0.23,8.35,119.8,49.1034392,87.88269025,-0.457472197,14.79653798,117.3356979,12.3942777,4.2,3306.2,,,,
WashingtonState,Palouse,LYM,PSLBAU8,conventional tillage,BAU,BAU,LYM-1C-BAU8,BAU,8,LYM-1C-BAU8,3,BAU8,BAU8-3,1,Ap1a,0,5,,BAU8-3-1,,,,,,0.8,5.363904081,2.4254,0.18565,35.4,3.639393645,,0.9,9.3,8.5676,32.3,0.31,7.05,188.2,120.3543663,54.41143113,54.1426535,3.536319871,55.13544477,17.09875096,60.9,11963.8,,,195791,WA-075-SW-LYM-1C-BAU8-14-0_5-18
WashingtonState,Palouse,LYM,PSLBAU8,conventional tillage,BAU,BAU,LYM-1C-BAU8,BAU,8,LYM-1C-BAU8,3,BAU8,BAU8-3,2,Ap1b,5,10,,BAU8-3-2,,,,,,0.8,6.558755518,2.1139,0.1554,23.81,3.833517651,,0.94,6.13,10.1692,12.9,0.31,6.87,193.9,80.68227303,156.7273454,20.33964994,4.996627678,11.41708104,14.14555102,111.3,9347.5,,,195792,WA-075-SW-LYM-1C-BAU8-15-5_10-18
WashingtonState,Palouse,LYM,PSLBAU8,conventional tillage,BAU,BAU,LYM-1C-BAU8,BAU,8,LYM-1C-BAU8,3,BAU8,BAU8-3,3,Ap2,10,24,,BAU8-3-3,,,,,1.54,1.54,7.313432836,1.9411,0.1507,22.68,1.14689805,,0.28,3.57,16.8896,19,0.23,7.02,171.1,117.4941449,5.113766009,0.261171086,103.2761196,50.90693777,29.14016454,179.2,11009.8,,,195793,WA-075-SW-LYM-1C-BAU8-16-10_24-18
WashingtonState,Palouse,LYM,PSLBAU8,conventional tillage,BAU,BAU,LYM-1C-BAU8,BAU,8,LYM-1C-BAU8,3,BAU8,BAU8-3,4,A,24,62,,BAU8-3-4,,,,,0.85,0.85,10.60705676,1.9273,0.14156,39.77,2.558040845,,0.63,5,18.0796,12.6,0.29,7.47,182.5,105.2098665,64.43269397,73.41894073,81.91796992,48.95613141,41.06790738,150.2,9478.8,,,195794,WA-075-SW-LYM-1C-BAU8-17-24_62-18
WashingtonState,Palouse,LYM,PSLBAU8,conventional tillage,BAU,BAU,LYM-1C-BAU8,BAU,8,LYM-1C-BAU8,3,BAU8,BAU8-3,5,AB,62,85,,BAU8-3-5,,,,,,1,11.18756937,1.6069,0.13607,55.3,0.759506113,,0.19,5.78,10.6496,28.4,0.26,7.78,211.1,15.69792018,104.362814,15.29122307,3.898781256,3.443817318,42.61398618,134.2,7156.2,,,195795,WA-075-SW-LYM-1C-BAU8-18-62_85-18
WashingtonState,Palouse,LYM,PSLBAU8,conventional tillage,BAU,BAU,LYM-1C-BAU8,BAU,8,LYM-1C-BAU8,3,BAU8,BAU8-3,6,Bw1,85,108,,BAU8-3-6,,,,,,1.2,12.36535009,1.1349,0.10115,51.2,1.432896,,0.35,10.79,16.4692,25.7,0.23,8,199.6,95.80477242,44.43043196,14.69616148,37.08002892,1.591191099,4.895620073,56.9,5702.9,,,,WA-075-SW-LYM-1C-BAU8-19-85_108-18
WashingtonState,Palouse,LYM,PSLBAU8,conventional tillage,BAU,BAU,LYM-1C-BAU8,BAU,8,LYM-1C-BAU8,3,BAU8,BAU8-3,7,Bw2,108,122,,BAU8-3-7,,,,,,1.2,13.023,0.83987,0.08117,58.69,4.377024,,1.07,13.42,19.796,19.5,0.23,8.09,182.5,97.1167531,-1.670756909,47.19258157,92.860725,112.8795756,24.53482338,45.2,4373.1,,,,
WashingtonState,Palouse,PCFS1,PSLPGL7,N/A - PGL/CRP,Ref - CRP,Ref,PCFS1-PGL7,Grass,3,PCFS1-PGL7a,1,PGL7,PGL7-7,1,Ap1a,0,5,,PGL7-7-1,,,,,,0.8,21,1.8348,0.14778,42.96,8.276752065,,2.04,7.44,9.9828,12.6,0.29,6.7,205.4,164.0734762,3.099314891,-1.706034655,34.55644921,65.16481147,5.054319388,336.157172,,,,,
WashingtonState,Palouse,PCFS1,PSLPGL7,N/A - PGL/CRP,Ref - CRP,Ref,PCFS1-PGL7,Grass,3,PCFS1-PGL7a,1,PGL7,PGL7-7,2,Ap1b,5,10,,PGL7-7-2,,,,,,0.8,16.22247972,1.6937,0.14757,34.58,9.452274016,,2.33,7.01,14.4184,30.1,0.26,6.59,222.5,23.50904256,27.01983728,-1.231711217,6.689506527,5.923764304,36.95516116,284.7531273,,,,,
WashingtonState,Palouse,PCFS1,PSLPGL7,N/A - PGL/CRP,Ref - CRP,Ref,PCFS1-PGL7,Grass,3,PCFS1-PGL7a,1,PGL7,PGL7-7,3,Ap2,10,20,,PGL7-7-3,,,,,1.13,1.13,9.958954418,1.215,0.09761,38.6,6.015328943,,1.48,9.14,14.9104,30.7,0.23,6.76,216.8,17.43876473,101.2015597,2.479025738,9.228419616,13.66404491,24.41441396,184.1138344,,,,,
WashingtonState,Palouse,PCFS1,PSLPGL7,N/A - PGL/CRP,Ref - CRP,Ref,PCFS1-PGL7,Grass,3,PCFS1-PGL7a,1,PGL7,PGL7-7,4,A,20,41,,PGL7-7-4,,,,,1.15,1.15,10.56214317,0.54155,0.07077,29.02,2.462636468,,0.6,15.84,23.6988,13.3,0.23,7.55,182.5,51.88878931,-0.51654198,3.327491097,4.926321751,0.352359662,6.908976888,0,,,,,
WashingtonState,Palouse,PCFS1,PSLPGL7,N/A - PGL/CRP,Ref - CRP,Ref,PCFS1-PGL7,Grass,3,PCFS1-PGL7a,1,PGL7,PGL7-7,5,AB,41,64,,PGL7-7-5,,,,,1.2,1.2,10.61242538,0.37795,0.04161,11.74,2.225205742,,0.54,5.55,10.8972,34.4,0.23,7.86,205.4,15.09800159,61.85315649,-1.077837545,10.20345376,53.80101621,94.42001391,0,,,,,
WashingtonState,Palouse,PCFS1,PSLPGL7,N/A - PGL/CRP,Ref - CRP,Ref,PCFS1-PGL7,Grass,3,PCFS1-PGL7a,1,PGL7,PGL7-7,6,Bw1,64,99,,PGL7-7-6,,,,,,1.2,11.31782946,0.25638,0.03525,14.48,14.991552,,3.67,5.25,11.2912,7.9,0.18,7.94,222.5,13.88092294,67.21774097,-1.74419911,12.25402337,26.84767154,98.30709157,0,,,,,
WashingtonState,Palouse,PCFS1,PSLPGL7,N/A - PGL/CRP,Ref - CRP,Ref,PCFS1-PGL7,Grass,3,PCFS1-PGL7a,1,PGL7,PGL7-7,7,Bw2,99,122,,PGL7-7-7,,,,,,1.2,12.908,0.14312,0.03019,23.35,12.086592,,2.96,7.94,8.308,22.2,0.18,7.98,222.5,18.9299195,70.42717721,-1.223996323,12.3968218,4.669775302,149.6651138,0,,,,,
WashingtonState,Palouse,PCFS1,PSLPGL7,N/A - PGL/CRP,Ref - CRP,Ref,PCFS1-PGL7,Grass,3,PCFS1-PGL7b,2,PGL7,PGL7-7,1,Ap1a,0,5,,PGL7-7-1,,,,,0.79,0.79,22.2,2.5639,0.19258,48.93,2.124967207,,0.52,7.85,7.2376,24.3,0.31,6.93,233.9,47.69067865,4.810418705,-0.22845737,43.97490066,9.964207566,12.1273293,510.1006634,,,,,
WashingtonState,Palouse,PCFS1,PSLPGL7,N/A - PGL/CRP,Ref - CRP,Ref,PCFS1-PGL7,Grass,3,PCFS1-PGL7b,2,PGL7,PGL7-7,2,Ap1b,5,10,,PGL7-7-2,,,,,0.76,0.76,15.1,1.9045,0.15912,64.01,13.99122088,,3.44,10.53,11.5168,27.8,0.26,6.82,251,39.27068696,43.34153328,-1.170921601,10.8911026,4.051837074,56.96759988,240.4029407,,,,,
WashingtonState,Palouse,PCFS1,PSLPGL7,N/A - PGL/CRP,Ref - CRP,Ref,PCFS1-PGL7,Grass,3,PCFS1-PGL7b,2,PGL7,PGL7-7,3,Ap2,10,22,,PGL7-7-3,,,,,1.07,1.07,10.50318611,1.4214,0.11778,43.97,8.942659212,,2.2,10.9,15.7884,21.5,0.18,6.93,222.5,90.9362547,91.46208071,3.102555967,5.641730833,1.333415885,3.299453976,181.3838037,,,,,
WashingtonState,Palouse,PCFS1,PSLPGL7,N/A - PGL/CRP,Ref - CRP,Ref,PCFS1-PGL7,Grass,3,PCFS1-PGL7b,2,PGL7,PGL7-7,4,A,22,45,,PGL7-7-4,,,,,1.03,1.03,9.1184752,0.97936,0.09269,48.94,23.55103773,,5.8,15.99,18.0188,16.4,0.65,7.41,233.9,59.6198132,26.46637532,79.57243671,3.666356062,48.43296927,32.16313575,54.97394065,,,,,
WashingtonState,Palouse,PCFS1,PSLPGL7,N/A - PGL/CRP,Ref - CRP,Ref,PCFS1-PGL7,Grass,3,PCFS1-PGL7b,2,PGL7,PGL7-7,5,AB,45,67,,PGL7-7-5,,,,,,1,10.59257651,0.47664,0.05146,35.36,5.301724113,,1.3,13.41,19.9284,29.2,0.62,7.65,216.8,37.70544362,61.67108802,1.489253163,20.59258278,3.650634544,2.118842142,0,,,,,
WashingtonState,Palouse,PCFS1,PSLPGL7,N/A - PGL/CRP,Ref - CRP,Ref,PCFS1-PGL7,Grass,3,PCFS1-PGL7b,2,PGL7,PGL7-7,6,Bw1,67,103,,PGL7-7-6,,,,,1.29,1.29,12.45543672,0.29965,0.04766,7.63,0.328032,,0.08,2.52,13.6552,18,0.68,7.76,216.8,53.17897586,100.666857,-2.180254421,3.55343614,1.004702918,7.533174222,0,,,,,
WashingtonState,Palouse,PCFS1,PSLPGL7,N/A - PGL/CRP,Ref - CRP,Ref,PCFS1-PGL7,Grass,3,PCFS1-PGL7b,2,PGL7,PGL7-7,7,Bw2,103,122,,PGL7-7-7,,,,,,1.2,13.592,0.24019,0.02914,5.13,3.066528,,0.75,1.16,5.9936,22.6,0.49,8.11,228.2,37.78334503,71.02157731,-1.836010622,5.707549672,3.4578007,5.782043355,0,,,,,
WashingtonState,Palouse,PCFS1,PSLPGL7,N/A - PGL/CRP,Ref - CRP,Ref,PCFS1-PGL7,Grass,3,PCFS1-PGL7c,3,PGL7,PGL7-7,1,Ap1a,0,5,,PGL7-7-1,,,,,1.02,1.02,21.9,2.8044,0.19955,53.13,25.48325316,,6.27,15.15,11.518,21.2,0.91,7.33,233.9,73.60387196,0.836114488,-0.779022819,5.281708076,16.84728079,5.182728547,447.6268794,,,,,
WashingtonState,Palouse,PCFS1,PSLPGL7,N/A - PGL/CRP,Ref - CRP,Ref,PCFS1-PGL7,Grass,3,PCFS1-PGL7c,3,PGL7,PGL7-7,2,Ap1b,5,10,,PGL7-7-2,,,,,0.81,0.81,16.86019508,1.9918,0.16821,55.09,17.8486979,,4.4,7.45,10.4992,24.7,0.52,7.32,256.7,15.39482182,73.36745106,-1.8172829,11.15469206,44.05435139,74.84031109,311.4261251,,,,,
WashingtonState,Palouse,PCFS1,PSLPGL7,N/A - PGL/CRP,Ref - CRP,Ref,PCFS1-PGL7,Grass,3,PCFS1-PGL7c,3,PGL7,PGL7-7,3,Ap2,10,23,,PGL7-7-3,,,,,0.8,0.8,10.85992908,1.6103,0.12377,45.61,19.89014302,,4.89,12.97,15.88,30.9,0.52,7.36,211.1,21.0300884,108.8690559,10.57029476,13.65346454,66.84549889,1.882549808,189.7297243,,,,,
WashingtonState,Palouse,PCFS1,PSLPGL7,N/A - PGL/CRP,Ref - CRP,Ref,PCFS1-PGL7,Grass,3,PCFS1-PGL7c,3,PGL7,PGL7-7,4,A,23,42,,PGL7-7-4,,,,,1.03,1.03,9.728308501,1.6018,0.13074,71.41,44.33270068,,10.9,22,16.5488,15.3,0.57,7.58,233.9,52.50715668,30.75773482,38.32197958,35.37780065,15.63535065,7.437656705,165.190316,,,,,
WashingtonState,Palouse,PCFS1,PSLPGL7,N/A - PGL/CRP,Ref - CRP,Ref,PCFS1-PGL7,Grass,3,PCFS1-PGL7c,3,PGL7,PGL7-7,5,AB,42,65,,PGL7-7-5,,,,,,1,10.46613896,0.95548,0.08157,66.54,18.8533035,,4.64,22.71,19.2148,15.8,0.7,7.85,239.6,18.89697349,60.46372344,30.56911328,6.802120296,76.09976876,24.80387222,139.0950254,,,,,
WashingtonState,Palouse,PCFS1,PSLPGL7,N/A - PGL/CRP,Ref - CRP,Ref,PCFS1-PGL7,Grass,3,PCFS1-PGL7c,3,PGL7,PGL7-7,6,Bw1,65,98,,PGL7-7-6,,,,,,1.2,10.83939194,0.79111,0.08576,47.43,3.928224,,0.96,9.87,11.3488,23.7,0.91,8.19,239.6,26.36190802,34.839625,8.404797729,23.12824552,1.887014601,16.08998614,84.20689995,,,,,
WashingtonState,Palouse,PCFS1,PSLPGL7,N/A - PGL/CRP,Ref - CRP,Ref,PCFS1-PGL7,Grass,3,PCFS1-PGL7c,3,PGL7,PGL7-7,7,Bw2,98,122,,PGL7-7-7,,,,,,1.2,11.988,0.3385,0.05052,21.67,0.44064,,0.108,2.95,7.4324,21.7,0.08,8.39,199.6,24.96577933,46.34216714,3.325206586,3.3111752,7.221609149,9.699687552,0,,,,,
WashingtonState,Palouse,PCFS3,PSLASP9,continuous no-till (hoe-type opener),SHM - no-till,SHM,PCFS3-1C-ASP9,ASP,9,PCFS3-1A-ASP9,1,ASP9,ASP9-1,1,Ap1a,0,5,,ASP9-1-1,,,,,0.91,0.91,7.764642665,3.0774,0.24105,54.87,42.84594163,,15.22,11.17,19.3528,27.6,0.96,4.84,336.5,16.89444115,2.382505596,1.231487718,98.92042746,4.697904033,10.87486414,650.3,3001,,,195689,WA-075-SW-PCFS3-1A-ASP9-1-0_5-2018
WashingtonState,Palouse,PCFS3,PSLASP9,continuous no-till (hoe-type opener),SHM - no-till,SHM,PCFS3-1C-ASP9,ASP,9,PCFS3-1A-ASP9,1,ASP9,ASP9-1,2,Ap1b,5,10,,ASP9-1-2,,,,,0.65,0.65,9.745030251,2.1789,0.1724,61.68,23.11947634,,8.22,16.79,21.98029301,24.4,0.44,4.5,342.3,50.99387241,0.322464085,10.66122026,44.79238596,7.9370594,20.15962842,428.1,2464.9,,,195690,WA-075-SW-PCFS31AASP9-2-5_10-2018
WashingtonState,Palouse,PCFS3,PSLASP9,continuous no-till (hoe-type opener),SHM - no-till,SHM,PCFS3-1C-ASP9,ASP,9,PCFS3-1A-ASP9,1,ASP9,ASP9-1,3,Ap2,10,30,,ASP9-1-3,,,,,1.05,1.05,14.15349887,1.5741,0.13377,49.9,42.06586668,,14.95,24.31,12.25713303,30.8,0.47,5.15,313.7,16.08357444,95.85759752,-1.289943576,81.06327724,33.67786369,7.037614236,268.3,1299.3,,,195691,WA-075-SW-PCFS31AASP9-3-10_30-2018
WashingtonState,Palouse,PCFS3,PSLASP9,continuous no-till (hoe-type opener),SHM - no-till,SHM,PCFS3-1C-ASP9,ASP,9,PCFS3-1A-ASP9,1,ASP9,ASP9-1,4,A,30,63,,ASP9-1-4,,,,,1.16,1.16,11.95051911,1.7764,0.14559,77.46,33.80481663,,12,13.26,17.71959014,25.4,0.81,6.11,336.5,14.67848866,2.338849856,16.43005752,81.41290222,35.27510965,62.99485713,364.7,160.4,,,195692,WA-075-SW-PCFS31AASP9-4-30_63-2018
WashingtonState,Palouse,PCFS3,PSLASP9,continuous no-till (hoe-type opener),SHM - no-till,SHM,PCFS3-1C-ASP9,ASP,9,PCFS3-1A-ASP9,1,ASP9,ASP9-1,5,AB,63,104,,ASP9-1-5,,,,,1.12,1.12,12.08203299,1.3819,0.13501,79.05,33.56194111,,11.92,31.43,16.41949788,24.2,0.44,6.5,313.7,50.35545288,2.521850481,75.47523771,158.547201,52.23088766,6.096915738,280.8,-212,,,195693,WA-075-SW-PCFS31AASP95-63_104-2018
WashingtonState,Palouse,PCFS3,PSLASP9,continuous no-till (hoe-type opener),SHM - no-till,SHM,PCFS3-1C-ASP9,ASP,9,PCFS3-1A-ASP9,1,ASP9,ASP9-1,6,Bw1,104,122,,ASP9-1-6,,,,,1.06,1.06,15.981,1.1099,0.0888,71.11,5.529188889,,1.97,15.14,15.828,37.2,0.73,6.98,365.1,70.08011254,-2.856285345,7.531977403,31.09418961,9.874012347,61.30397411,166,1982.9,,,,
WashingtonState,Palouse,PCFS3,PSLASP9,continuous no-till (hoe-type opener),SHM - no-till,SHM,PCFS3-1B-ASP9,ASP,9,PCFS3-1B-ASP9,2,ASP9,ASP9-2,1,Ap1a,0,5,,ASP9-2-1,,,,,1.07,1.07,12.8,2.5818,0.21536,68.49,21.68118664,,7.7,9.8,12.0056,32.6,0.55,4.7,216.8,13.17429058,1.002054738,14.9126075,111.1584033,22.67733464,134.3284312,780,8189.2,,,195694,WA-075-SW-PCFS3-1B-ASP9-7-0_5-2018
WashingtonState,Palouse,PCFS3,PSLASP9,continuous no-till (hoe-type opener),SHM - no-till,SHM,PCFS3-1B-ASP9,ASP,9,PCFS3-1B-ASP9,2,ASP9,ASP9-2,2,Ap1b,5,10,,ASP9-2-2,,,,,0.77,0.77,8.5,2.193,0.1882,45.08,6.449272928,,2.29,11.17,16.55083058,39.6,0.73,4.52,216.8,15.50045893,15.25815627,-0.650260126,2.896465264,55.7139379,50.61886037,455.7,5510.1,,,195695,WA-075-SW-PCFS3-1B-ASP9-8-5_10-2018
WashingtonState,Palouse,PCFS3,PSLASP9,continuous no-till (hoe-type opener),SHM - no-till,SHM,PCFS3-1B-ASP9,ASP,9,PCFS3-1B-ASP9,2,ASP9,ASP9-2,3,Ap2,10,33,,ASP9-2-3,,,,,0.99,0.99,10,1.5876,0.12869,38,25.82100988,,9.17,18.85,18.16411561,33.5,0.42,5.45,233.9,20.69785415,26.14414693,85.04612597,6.133120708,58.34095652,9.858086184,331.1,4455.8,,,195696,WA-075-SW-PCFS31BASP9-9-10_33-2018
WashingtonState,Palouse,PCFS3,PSLASP9,continuous no-till (hoe-type opener),SHM - no-till,SHM,PCFS3-1B-ASP9,ASP,9,PCFS3-1B-ASP9,2,ASP9,ASP9-2,4,A,33,57,,ASP9-2-4,,,,,1.27,1.27,10.6,1.2529,0.10405,74.9,28.15908236,,10,30.35,16.186298,18.2,0.75,6.3,262.4,22.52255252,0.78935573,18.40674838,27.10484996,59.0521313,20.08902692,175,2736.4,,,195697,WA-075-SW-PCFS31BASP910-33_57-2018
WashingtonState,Palouse,PCFS3,PSLASP9,continuous no-till (hoe-type opener),SHM - no-till,SHM,PCFS3-1B-ASP9,ASP,9,PCFS3-1B-ASP9,2,ASP9,ASP9-2,5,AB,57,87,,ASP9-2-5,,,,,1.23,1.23,11.2,0.91909,0.09247,56.13,31.32597337,,11.14,30.07,18.32355634,19.3,0.18,6.66,256.7,20.91306462,29.98539339,4.820347638,4.173501831,60.97901657,2.211957205,120.2,1891.3,,,195698,WA-075-SW-PCFS31BASP911-57_87-2018
WashingtonState,Palouse,PCFS3,PSLASP9,continuous no-till (hoe-type opener),SHM - no-till,SHM,PCFS3-1B-ASP9,ASP,9,PCFS3-1B-ASP9,2,ASP9,ASP9-2,6,Bw1,87,109,,ASP9-2-6,,,,,1.14,1.14,12.2,0.55295,0.07008,46.25,7.851857924,,2.8,23.22,17.05840484,37.1,0.23,6.86,268.1,28.35701231,84.32059384,17.53233896,16.02349034,108.6406489,1.488238462,0,1354.7,,,,WA-075-SW-PCFS31BASP91287_109-2018
WashingtonState,Palouse,PCFS3,PSLASP9,continuous no-till (hoe-type opener),SHM - no-till,SHM,PCFS3-1B-ASP9,ASP,9,PCFS3-1B-ASP9,2,ASP9,ASP9-2,7,Bw2,109,122,,ASP9-2-7,,,,,0.97,0.97,17.7,0.4585,0.0653,20.74,2.178128783,,0.78,10.12,17.65075276,38.3,0.1,6.91,273.8,27.94796216,6.064881777,12.31316478,17.21986988,81.21157578,4.983339792,0,1165,,,,
WashingtonState,Palouse,PCFS3,PSLASP9,continuous no-till (hoe-type opener),SHM - no-till,SHM,PCFS3-1B-ASP9,ASP,9,PCFS3-1C-ASP9,3,ASP9,ASP9-3,1,Ap1a,0,5,,ASP9-3-1,,,,,1.07,1.07,10.28232133,3.3002,0.2474,39.12,15.06172713,,5.35,11.79,13.6352,36.7,0.6,5.14,319.4,14.21152829,104.1452083,41.92049772,19.02403924,31.69723908,2.479566367,868.8,11284.6,,,195699,WA-075-SW-PCFS31C-ASP9-14-0_5-2018
WashingtonState,Palouse,PCFS3,PSLASP9,continuous no-till (hoe-type opener),SHM - no-till,SHM,PCFS3-1B-ASP9,ASP,9,PCFS3-1C-ASP9,3,ASP9,ASP9-3,2,Ap1b,5,10,,ASP9-3-2,,,,,0.58,0.58,9.122515125,1.9376,0.16347,42.94,4.257100109,,1.51,14.03,15.88815697,41.6,0.36,4.56,273.8,16.69415678,25.61602841,2.511339878,16.44252847,13.34066448,8.41869022,384.8,5861.1,,,195700,WA-075-SW-PCFS31CASP9-15-5_10-2018
WashingtonState,Palouse,PCFS3,PSLASP9,continuous no-till (hoe-type opener),SHM - no-till,SHM,PCFS3-1B-ASP9,ASP,9,PCFS3-1C-ASP9,3,ASP9,ASP9-3,3,Ap2,10,29,,ASP9-3-3,,,,,0.89,0.89,12.07674944,1.3138,0.11551,36.8,22.14800474,,7.87,28.92,21.11340882,27.1,0.29,5.41,313.7,14.5233914,27.81865718,1.841438264,3.801179775,42.75290951,64.77282341,134.3,2802,,,195701,WA-075-SW-PCFS31CASP916-10_29-2018
WashingtonState,Palouse,PCFS3,PSLASP9,continuous no-till (hoe-type opener),SHM - no-till,SHM,PCFS3-1B-ASP9,ASP,9,PCFS3-1C-ASP9,3,ASP9,ASP9-3,4,A,29,51,,ASP9-3-4,,,,,1.06,1.06,11.27525955,0.87273,0.08938,19.71,11.15935951,,3.96,25.54,20.28448262,31.7,0.29,6.06,313.7,11.47664837,72.84909403,2.336115954,5.333570029,75.15774564,1.833212604,22.4,1622.3,,,195702,WA-075-SW-PCFS31CASP9-17-29_51-2018
WashingtonState,Palouse,PCFS3,PSLASP9,continuous no-till (hoe-type opener),SHM - no-till,SHM,PCFS3-1B-ASP9,ASP,9,PCFS3-1C-ASP9,3,ASP9,ASP9-3,5,AB,51,82,,ASP9-3-5,,,,,0.88,0.88,11.6410165,0.63752,0.07657,14.22,14.13075256,,5,18.59,22.96557903,36.8,0.23,6.2,290.9,13.23454594,25.33187286,22.36742352,2.949039764,43.92163303,2.569784318,14,1347.5,,,195703,WA-075-SW-PCFS31CASP918-51_82-2018
WashingtonState,Palouse,PCFS3,PSLASP9,continuous no-till (hoe-type opener),SHM - no-till,SHM,PCFS3-1B-ASP9,ASP,9,PCFS3-1C-ASP9,3,ASP9,ASP9-3,6,Bw1,82,106,,ASP9-3-6,,,,,0.84,0.84,14.0905,0.40291,0.05659,3.5,7.471024964,,2.66,7.96,22.29447097,41.7,0.29,6.36,285.2,46.45422915,0.91910027,-1.484683144,10.16092095,63.30048816,18.69897464,0,799.3,,,,WA-075-SW-PCFS31CASP91982_106-2018
WashingtonState,Palouse,PCFS3,PSLASP9,continuous no-till (hoe-type opener),SHM - no-till,SHM,PCFS3-1B-ASP9,ASP,9,PCFS3-1C-ASP9,3,ASP9,ASP9-3,7,Bw2,106,122,,ASP9-3-7,,,,,0.96,0.96,15.5,0.1583,0.02362,2.22,0.00897487,,0,2.51,8.841935213,55.5,0.34,6.41,268.1,19.00675299,7.084135065,-1.110981333,5.879156761,59.07363885,2.386141849,0,716.7,,,,
WashingtonState,Palouse,PCFS3,PSLPGL9,N/A - PGL/CRP,Ref - CRP,Ref,PCFS3-2A-PGL9,Grass,9,PCFS3-2A-PGL9,1,PGL9,PGL9-1,1,Ap1a,0,5,,PGL9-1-1,,,,,0.91,0.91,7.764642665,3.0774,0.24105,54.87,61.69815594,,15.22,11.17,19.3528,27.6,0.96,4.84,336.5,16.89444115,2.382505596,1.231487718,98.92042746,4.697904033,10.87486414,650.3,16157,,,195797,WA-075-SW-PCFS31C-ASP9-14-0_5-2018
WashingtonState,Palouse,PCFS3,PSLPGL9,N/A - PGL/CRP,Ref - CRP,Ref,PCFS3-2A-PGL9,Grass,9,PCFS3-2A-PGL9,1,PGL9,PGL9-1,2,Ap1b,5,10,,PGL9-1-2,,,,,0.65,0.65,9.745030251,2.1789,0.1724,61.68,33.29204594,,8.22,16.79,21.98029301,24.4,0.44,4.5,342.3,50.99387241,0.322464085,10.66122026,44.79238596,7.9370594,20.15962842,428.1,15944.9,,,195798,WA-075-SW-PCFS31CASP9-15-5_10-2018
WashingtonState,Palouse,PCFS3,PSLPGL9,N/A - PGL/CRP,Ref - CRP,Ref,PCFS3-2A-PGL9,Grass,9,PCFS3-2A-PGL9,1,PGL9,PGL9-1,3,Ap2,10,30,,PGL9-1-3,,,,,1.05,1.05,14.15349887,1.5741,0.13377,49.9,60.57484802,,14.95,24.31,12.25713303,30.8,0.47,5.15,313.7,16.08357444,95.85759752,-1.289943576,81.06327724,33.67786369,7.037614236,268.3,12816.4,,,195799,WA-075-SW-PCFS31CASP916-10_29-2018
WashingtonState,Palouse,PCFS3,PSLPGL9,N/A - PGL/CRP,Ref - CRP,Ref,PCFS3-2A-PGL9,Grass,9,PCFS3-2A-PGL9,1,PGL9,PGL9-1,4,A,30,63,,PGL9-1-4,,,,,1.16,1.16,11.95051911,1.7764,0.14559,77.46,48.67893595,,12,13.26,17.71959014,25.4,0.81,6.11,336.5,14.67848866,2.338849856,16.43005752,81.41290222,35.27510965,62.99485713,364.7,8374.2,,,195800,WA-075-SW-PCFS31CASP9-17-29_51-2018
WashingtonState,Palouse,PCFS3,PSLPGL9,N/A - PGL/CRP,Ref - CRP,Ref,PCFS3-2A-PGL9,Grass,9,PCFS3-2A-PGL9,1,PGL9,PGL9-1,5,AB,63,104,,PGL9-1-5,,,,,1.12,1.12,12.08203299,1.3819,0.13501,79.05,48.32919519,,11.92,31.43,16.41949788,24.2,0.44,6.5,313.7,50.35545288,2.521850481,75.47523771,158.547201,52.23088766,6.096915738,280.8,6160.3,,,195801,WA-075-SW-PCFS31CASP918-51_82-2018
WashingtonState,Palouse,PCFS3,PSLPGL9,N/A - PGL/CRP,Ref - CRP,Ref,PCFS3-2A-PGL9,Grass,9,PCFS3-2A-PGL9,1,PGL9,PGL9-1,6,Bw1,104,122,,PGL9-1-6,,,,,1.06,1.06,15.981,1.1099,0.0888,71.11,7.962032,,1.97,15.14,15.828,37.2,0.73,6.98,365.1,70.08011254,-2.856285345,7.531977403,31.09418961,9.874012347,61.30397411,166,3849.3,,,,
WashingtonState,Palouse,PCFS3,PSLPGL9,N/A - PGL/CRP,Ref - CRP,Ref,PCFS3-2A-PGL9,Grass,9,PCFS3-2B-PGL9,2,PGL9,PGL9-2,1,Ap1a,0,5,,PGL9-2-1,,,,,1.07,1.07,12.8,2.5818,0.21536,68.49,31.22090877,,7.7,9.8,12.0056,32.6,0.55,4.7,216.8,13.17429058,1.002054738,14.9126075,111.1584033,22.67733464,134.3284312,780,3191.6,,,195802,WA-075-SW-PCFS3-2B-PGL9-8-0_5-18
WashingtonState,Palouse,PCFS3,PSLPGL9,N/A - PGL/CRP,Ref - CRP,Ref,PCFS3-2A-PGL9,Grass,9,PCFS3-2B-PGL9,2,PGL9,PGL9-2,2,Ap1b,5,10,,PGL9-2-2,,,,,0.77,0.77,8.5,2.193,0.1882,45.08,9.286953016,,2.29,11.17,16.55083058,39.6,0.73,4.52,216.8,15.50045893,15.25815627,-0.650260126,2.896465264,55.7139379,50.61886037,455.7,14657.5,,,195803,WA-075-SW-PCFS3-2B-PGL9-9-5_10-18
WashingtonState,Palouse,PCFS3,PSLPGL9,N/A - PGL/CRP,Ref - CRP,Ref,PCFS3-2A-PGL9,Grass,9,PCFS3-2B-PGL9,2,PGL9,PGL9-2,3,Ap2,10,33,,PGL9-2-3,,,,,0.99,0.99,10,1.5876,0.12869,38,37.18225423,,9.17,18.85,18.16411561,33.5,0.42,5.45,233.9,20.69785415,26.14414693,85.04612597,6.133120708,58.34095652,9.858086184,331.1,10374.5,,,195804,WA-075-SW-PCFS3-2BPGL9-10-10_22-18
WashingtonState,Palouse,PCFS3,PSLPGL9,N/A - PGL/CRP,Ref - CRP,Ref,PCFS3-2A-PGL9,Grass,9,PCFS3-2B-PGL9,2,PGL9,PGL9-2,4,A,33,57,,PGL9-2-4,,,,,1.27,1.27,10.6,1.2529,0.10405,74.9,40.5490786,,10,30.35,16.186298,18.2,0.75,6.3,262.4,22.52255252,0.78935573,18.40674838,27.10484996,59.0521313,20.08902692,175,8364.1,,,195805,WA-075-SW-PCFS32BPGL9-11-22_45-18R
WashingtonState,Palouse,PCFS3,PSLPGL9,N/A - PGL/CRP,Ref - CRP,Ref,PCFS3-2A-PGL9,Grass,9,PCFS3-2B-PGL9,2,PGL9,PGL9-2,5,AB,57,87,,PGL9-2-5,,,,,1.23,1.23,11.2,0.91909,0.09247,56.13,45.10940166,,11.14,30.07,18.32355634,19.3,0.18,6.66,256.7,20.91306462,29.98539339,4.820347638,4.173501831,60.97901657,2.211957205,120.2,6393,,,195806,WA-075-SW-PCFS3-2BPGL9-12-45_67-18
WashingtonState,Palouse,PCFS3,PSLPGL9,N/A - PGL/CRP,Ref - CRP,Ref,PCFS3-2A-PGL9,Grass,9,PCFS3-2B-PGL9,2,PGL9,PGL9-2,6,Bw1,87,109,,PGL9-2-6,,,,,1.14,1.14,12.2,0.55295,0.07008,46.25,11.30667541,,2.8,23.22,17.05840484,37.1,0.23,6.86,268.1,28.35701231,84.32059384,17.53233896,16.02349034,108.6406489,1.488238462,0,4834.5,,,,WA-075-SW-PCFS32BPGL9-13-67_103-18
WashingtonState,Palouse,PCFS3,PSLPGL9,N/A - PGL/CRP,Ref - CRP,Ref,PCFS3-2A-PGL9,Grass,9,PCFS3-2B-PGL9,2,PGL9,PGL9-2,7,Bw2,109,122,,PGL9-2-7,,,,,0.97,0.97,17.7,0.4585,0.0653,20.74,3.136505448,,0.78,10.12,17.65075276,38.3,0.1,6.91,273.8,27.94796216,6.064881777,12.31316478,17.21986988,81.21157578,4.983339792,0,4640.5,,,,
WashingtonState,Palouse,PCFS3,PSLPGL9,N/A - PGL/CRP,Ref - CRP,Ref,PCFS3-2A-PGL9,Grass,9,PCFS3-2C-PGL9,3,PGL9,PGL9-3,1,Ap1a,0,5,,PGL9-3-1,,,,,1.07,1.07,10.28232133,3.3002,0.2474,39.12,21.68888707,,5.35,11.79,13.6352,36.7,0.6,5.14,319.4,14.21152829,104.1452083,41.92049772,19.02403924,31.69723908,2.479566367,868.8,5341,,,195807,WA-075-SW-PCFS3-2C-PGL9-15-0_5-18
WashingtonState,Palouse,PCFS3,PSLPGL9,N/A - PGL/CRP,Ref - CRP,Ref,PCFS3-2A-PGL9,Grass,9,PCFS3-2C-PGL9,3,PGL9,PGL9-3,2,Ap1b,5,10,,PGL9-3-2,,,,,0.58,0.58,9.122515125,1.9376,0.16347,42.94,6.130224157,,1.51,14.03,15.88815697,41.6,0.36,4.56,273.8,16.69415678,25.61602841,2.511339878,16.44252847,13.34066448,8.41869022,384.8,12987.8,,,195808,WA-075-SW-PCFS3-2C-PGL9-16-5_10-18
WashingtonState,Palouse,PCFS3,PSLPGL9,N/A - PGL/CRP,Ref - CRP,Ref,PCFS3-2A-PGL9,Grass,9,PCFS3-2C-PGL9,3,PGL9,PGL9-3,3,Ap2,10,29,,PGL9-3-3,,,,,0.89,0.89,12.07674944,1.3138,0.11551,36.8,31.89312683,,7.87,28.92,21.11340882,27.1,0.29,5.41,313.7,14.5233914,27.81865718,1.841438264,3.801179775,42.75290951,64.77282341,134.3,13079.9,,,195809,WA-075-SW-PCFS3-2C-PGL9-17-10_23-18
WashingtonState,Palouse,PCFS3,PSLPGL9,N/A - PGL/CRP,Ref - CRP,Ref,PCFS3-2A-PGL9,Grass,9,PCFS3-2C-PGL9,3,PGL9,PGL9-3,4,A,29,51,,PGL9-3-4,,,,,1.06,1.06,11.27525955,0.87273,0.08938,19.71,16.0694777,,3.96,25.54,20.28448262,31.7,0.29,6.06,313.7,11.47664837,72.84909403,2.336115954,5.333570029,75.15774564,1.833212604,22.4,10868.1,,,195810,WA-075-SW-PCFS3-2CPGL9-18-23_42-18
WashingtonState,Palouse,PCFS3,PSLPGL9,N/A - PGL/CRP,Ref - CRP,Ref,PCFS3-2A-PGL9,Grass,9,PCFS3-2C-PGL9,3,PGL9,PGL9-3,5,AB,51,82,,PGL9-3-5,,,,,0.88,0.88,11.6410165,0.63752,0.07657,14.22,20.34828369,,5,18.59,22.96557903,36.8,0.23,6.2,290.9,13.23454594,25.33187286,22.36742352,2.949039764,43.92163303,2.569784318,14,8515.7,,,195811,WA-075-SW-PCFS3-2CPGL9-19-42_65-18
WashingtonState,Palouse,PCFS3,PSLPGL9,N/A - PGL/CRP,Ref - CRP,Ref,PCFS3-2A-PGL9,Grass,9,PCFS3-2C-PGL9,3,PGL9,PGL9-3,6,Bw1,82,106,,PGL9-3-6,,,,,0.84,0.84,14.0905,0.40291,0.05659,3.5,10.75827595,,2.66,7.96,22.29447097,41.7,0.29,6.36,285.2,46.45422915,0.91910027,-1.484683144,10.16092095,63.30048816,18.69897464,0,7045.4,,,,WA-075-SW-PCFS3-2CPGL9-20-65_98-18
WashingtonState,Palouse,PCFS3,PSLPGL9,N/A - PGL/CRP,Ref - CRP,Ref,PCFS3-2A-PGL9,Grass,9,PCFS3-2C-PGL9,3,PGL9,PGL9-3,7,Bw2,106,122,,PGL9-3-7,,,,,0.96,0.96,15.5,0.1583,0.02362,2.22,0.012923813,,0,2.51,8.841935213,55.5,0.34,6.41,268.1,19.00675299,7.084135065,-1.110981333,5.879156761,59.07363885,2.386141849,0,3325.8,,,,
