Bulk_Density,alt_BD,Water_Content,pH,EC,Soil_Respiration,Bglucosidase,Bglucosaminidase,Alkaline Phosphatase,Acid Phosphatase,POX_C,ACE
0.2570667315182041,0.295245200264449,-1.0093299768113697,1.5619040997612412e-15,-4.702586046189735e-16,-0.8325796913492658,-0.43864541710811905,-0.20428472703988287,0.15601502600637598,0.3533048975056605,-0.13727628974490633,-0.2796593756328877
-0.12046679526274373,-0.06486699147696055,-0.9801075019461071,1.5619040997612412e-15,-4.702586046189735e-16,-0.8240929116946665,0.36312327436172015,0.32047303093321183,-0.06415937083182136,0.5720807934252353,1.7691214684100693,4.21679247907592
-0.6306357117183768,-0.5514940951137055,1.3008979876950055,-0.4748078737129371,-0.1610038956743085,1.7591056766605682,-0.1998263397657463,-0.3540119099612494,-0.0650535892372277,0.21041153237465055,0.025471314801784897,1.0310241694882891
0.506693431519906,0.5333528428393194,0.5896800188731081,1.5619040997612412e-15,-4.702586046189735e-16,0.19582773394657488,-0.4606414160929398,-0.33960939918238153,-0.388718210606207,0.0,-0.9217402079355818,-0.7179701502664034
0.01801477491181083,0.06722432813790784,-1.0094155230160202,1.5619040997612412e-15,-4.702586046189735e-16,-0.8349633318675093,-0.5359204995058431,-0.16046154629470927,-0.17463579790198572,-0.39661490403988087,-0.8897671440857106,-0.4469787366181742
0.9616250888152196,0.9672916180205299,0.5236472687423002,1.5619040997612412e-15,-4.702586046189735e-16,-0.6823252174454935,0.47933890980894384,-0.2534848804954327,-0.3945739285912735,0.0,0.4197506038031158,-0.654774236643029
0.37671295800695914,0.4093703356446878,1.0111243358844404,1.5619040997612412e-15,-4.702586046189735e-16,-0.20182643272153153,-0.5723317800413326,-0.33363371705319167,-0.39570002820378625,0.0,-0.8070378778558907,-0.7812162803304434
-0.7931113036095603,-0.7064722291069949,1.4403372117346915,-3.640193698465866,0.7708529539987944,0.9563413276993284,-0.4981580602622451,-0.3653641802880794,-0.3378518068861713,-0.0754279308459691,2.016410229119652,0.15409742005521573
2.476445648410544,2.412210580482196,-0.9738666028186919,1.5619040997612412e-15,-4.702586046189735e-16,-0.8309943605420261,-0.5367626571263255,-0.19802864319759936,-0.10433157688346374,-0.5785112862824013,1.7518960132866275,-0.7191869056122668
0.3171553493768033,0.3525610208228899,-1.006758822524658,1.5619040997612412e-15,-4.702586046189735e-16,-0.8325209411687963,-0.5082561552873491,-0.32931756287405795,-0.1428554949416567,-0.7157537612833035,1.6858396237848556,-0.5295290509230368
1.1873478468179486,1.1825983691940274,-0.95111675930673,1.5619040997612412e-15,-4.702586046189735e-16,-0.8043281708498636,3.1618641789160913,1.8571716068819375,6.4621070071778925,1.2641504969007782,1.7632824832828697,1.3828607495477152
0.0,-1.5433541526707573,-0.14041792025101696,1.389252667530454,-0.8387179681638378,0.4832985586003934,-0.23452970273600826,0.23147190730936656,-0.41456619615074153,-0.42454450512882186,-0.3693663304655806,0.2982481438478993
-0.15560810486343474,-0.09838670065052713,-1.0099107437826127,1.5619040997612412e-15,-4.702586046189735e-16,-0.8349678250116452,-0.5221706901497118,-0.09141355127368905,0.1557864728290204,0.20117377419509394,-0.5307563798919334,-0.3516808910306855
-0.1432089360448272,-0.08655969313383778,1.01306647559417,-0.8265174097965962,2.4651381352226167,1.3341127860340292,-0.4231501020464757,-0.36695295736433187,-0.322112804122039,-0.5824216452801153,-0.3964864919586926,1.6820064750094288
0.8316446153022728,0.8433091108258983,0.6615391881331046,1.5619040997612412e-15,-4.702586046189735e-16,0.36980143186387143,-0.5692025241548475,-0.36298925551283684,-0.3887632545907075,0.0,-1.0596940882365735,-0.7549146810548274
-0.21433850801161897,-0.15440698149785057,-0.9989902636857394,1.5619040997612412e-15,-4.702586046189735e-16,-0.8294254970660425,-0.48990001070560335,-0.276470009258651,0.06479024728464594,-0.4382538629392614,-0.524243321156693,-0.38638485580777215
-0.6652036157096775,-0.5844668585563457,-1.033948778460873,1.5619040997612412e-15,-4.702586046189735e-16,-0.8317891443032408,-0.5449847921810631,-0.3244364614469035,-0.21225595359029234,-0.722010424552098,-0.5395407988148527,-0.5645568744345544
0.6366739050328527,0.6573353500339509,0.4265402832558181,1.5619040997612412e-15,-4.702586046189735e-16,-0.6657562938343223,-0.5140794781544554,-0.3431201124332806,-0.3881326388077003,0.0,-0.6866323373445596,-0.76321220939773
0.36544213018184696,0.3986196016755794,-0.9989902636857394,1.5619040997612412e-15,-4.702586046189735e-16,-0.8339119230088241,-0.5128343366458953,-0.23747911593037738,-0.06401536192516237,-0.305552012415362,-0.30761657076154736,-0.386299773501571
0.45473310032878544,0.4837902280739803,-1.006758822524658,1.5619040997612412e-15,-4.702586046189735e-16,-0.8331573406257943,-0.3458819586095994,-0.19098213795304148,-0.2734129450221143,0.20463475784831087,-0.07766148498923742,0.1651737729167068
-1.289290486691232,-1.1797551574856355,-0.9808636264596675,1.5619040997612412e-15,-4.702586046189735e-16,-0.8327528151690998,2.1852308419066353,1.4191345252489438,-0.018591763794950922,0.7032880493711264,-0.0019051370033477844,-0.0014938708306799164
0.506693431519906,0.5333528428393194,0.5430686658395966,1.5619040997612412e-15,-4.702586046189735e-16,-0.7568853736957634,-0.5702456094503426,-0.34483812104542266,-0.38583539559817426,0.0,-0.47314083076716495,-0.7750721511196077
-1.68350061220827,-1.5557744040861226,-1.0028745431051989,1.5619040997612412e-15,-4.702586046189735e-16,-0.8294382488493166,0.14659562808956322,0.15188003838743622,0.2787379306835432,3.0467269179424568,0.6002689390472736,0.3209982914027559
-0.5006552382054308,-0.4275115879190746,1.2753561548221437,-1.1606414690760711,2.9734236895897643,1.9479914058279186,-0.4860887764256306,-0.35537885191680324,-0.33101660736805316,-0.2548466642724042,0.3600862485182693,-0.7412912560931091
-0.028767992085679057,0.02260035817465543,-1.000932403395469,1.5619040997612412e-15,-4.702586046189735e-16,-0.8335240464290817,-0.26317586313681873,-0.04811030133468355,0.3014367228251626,1.051182630454249,0.028673503142877897,-0.24861297936819293
0.0,-0.303529080724443,1.4836469272616624,2.3212829381521503,-1.9400033359593225,0.672184287767744,0.1753738499089564,-0.38532902128016483,-0.19244994171757268,-0.1857957560979607,-0.9141625157536829,0.50310168268033
0.40920807638519585,0.4403659624433457,0.4692673568698702,1.5619040997612412e-15,-4.702586046189735e-16,0.2869568138080159,-0.5590926205215878,-0.34551038528495653,-0.4011503503283481,0.0,-0.7877347040872639,-0.7328667096944055
-0.13017023730044164,-0.07412266688524978,-1.029206930938609,1.5619040997612412e-15,-4.702586046189735e-16,-0.8311948192832506,-0.4905376378344626,-0.3311658960415774,-0.1064197577630355,-0.3639253413467336,-0.534664257169328,-0.5172589990627104
-0.04966587892322928,0.00266680711761076,-1.000932403395469,1.5619040997612412e-15,-4.702586046189735e-16,-0.831486009342472,0.8656101755660447,0.2536101115332419,0.020060386063889924,1.434708580629168,1.021038583614925,0.7174497606287602
-0.7931113036095603,-0.7064722291069949,0.9513688396000602,-2.8664327190818177,1.1944242493047497,1.8063271089524056,-0.48983554177583,0.40507419407283113,-0.21619750804005228,-0.631163430484601,2.3705676321473494,0.7890104645634004
0.0,-0.303529080724443,1.35592212673055,2.163013646914504,-1.9400033359593225,0.8138485846432568,0.16484686717602115,-0.04097145820655285,-0.338826766003179,-0.5222534211882849,-0.8674998849493578,0.8959124050153926
0.2142373661157757,0.2543922016513983,0.47120949657959976,1.5619040997612412e-15,-4.702586046189735e-16,-0.30123997438855815,-0.019336098768111862,-0.2137465943363202,-0.3881326388077003,0.0,0.08437790086844127,-0.6895092440421718
0.18174224773753972,0.22339657485274114,0.5178208496131114,1.5619040997612412e-15,-4.702586046189735e-16,-0.6491873702231512,0.4441147217533804,-0.25707028977294666,-0.39250190530424994,0.0,0.7904592818596977,-0.6183466398026319
0.44170319476343256,0.47136158924200355,0.3974081876098734,1.5619040997612412e-15,-4.702586046189735e-16,-0.1769730473047749,-0.4338421477317594,-0.3110008209888851,-0.3917361575677412,0.0,-0.4939595429721715,-0.7644823899557395
2.233422242420342,2.1804015220343294,-0.9295326686473457,1.5619040997612412e-15,-4.702586046189735e-16,-0.8372984243046007,-0.5403319333934786,-0.3264952137994517,0.0,-0.6477676935147518,1.7507506287614714,-0.7941589397958703
0.13556538471733007,0.17935054934677616,-1.0048166828149283,1.5619040997612412e-15,-4.702586046189735e-16,-0.8321984631909582,0.09089445711909475,-0.06286862537396853,-0.12717519282246573,0.5933084532985142,-0.0814070879826861,-0.17648105603621217
-0.01322846253188043,0.03742281406079378,0.3017100477480866,-0.9320302706216932,-1.685860558775749,1.8535485412442436,8.346452694959961,10.099151252148516,5.909911805714066,2.076876354629926,-0.8994059572941955,-0.0067133464053108416
-0.0012207786519350826,0.04887640176362592,-1.000932403395469,1.5619040997612412e-15,-4.702586046189735e-16,-0.8327135937930399,-0.3473211070827112,0.006071207559632537,-0.26920700792327557,0.6736199512396016,0.3466032560331057,0.8520073792941424
-0.33511200640447497,-0.2696073706695489,-1.000932403395469,1.5619040997612412e-15,-4.702586046189735e-16,-0.8317420717261588,-0.324062645034676,-0.05946223117461534,0.19274580038259584,1.01952541677491,0.22620484812424746,-0.14711449512301514
0.3117227212504858,0.347379082047372,0.8188525046212057,1.5619040997612412e-15,-4.702586046189735e-16,-0.450360286889098,-0.5482605809145239,-0.3640349998854451,-0.3951595003897801,0.0,-0.8625544437359081,-0.773592243074113
1.713783627812529,1.6847417007319827,-0.960513433868354,1.5619040997612412e-15,-4.702586046189735e-16,-0.8109714532756339,0.3684058033186278,0.4482774025776471,0.2561001641321251,0.04368185661516787,1.7651016235518209,0.6265875048877342
-0.14677528828488628,-0.08996147557324147,-1.0126304076665085,1.5619040997612412e-15,-4.702586046189735e-16,-0.8318834778874888,-0.47842887578700816,-0.2945356223777932,0.1955213557538563,-0.4453534600028401,-0.7186772998135086,-0.4648520649121433
-0.7931113036095603,-0.7064722291069949,0.5673197050789495,-2.145428170110317,-0.3304324137966909,1.6174413797850555,-0.20621433790065408,-0.37322042798095656,-0.3442073666611998,-0.7264161402065745,0.37803341421224046,1.1285917597930504
-1.053072250635454,-0.954437243496258,1.3598206925297138,0.33412405927947814,0.2625673996316471,1.7118842443687305,0.009062274072921893,0.5402922392806497,-0.34242429247187384,-0.6959320425504252,-1.0860564805114954,-0.18374106929251421
-0.05370297169567468,-0.0011839934694116544,-1.0274862138003298,1.5619040997612412e-15,-4.702586046189735e-16,-0.8344904073093958,-0.569073153029764,-0.32345858237336433,-0.26175910846158956,-0.7139870500118203,-1.0207808819746487,-0.6454781102461036
0.604178786654616,0.6263397232352931,0.3585653934152807,1.5619040997612412e-15,-4.702586046189735e-16,0.5603440533923391,-0.5022043532518964,-0.35462330053197105,-0.4000242507158353,0.0,-0.9634972801168882,-0.6923479498939088
0.7341592601675628,0.7503222304299246,-0.31729922557063495,1.5619040997612412e-15,-4.702586046189735e-16,0.7674555985319779,0.508545298082805,-0.264539892434434,-0.4033124615843727,0.0,-0.2767988380751205,-0.6711950127406423
0.0,-1.5433541526707573,2.10503058873033,-0.3165385824752909,-1.685860558775749,1.003562759991166,-0.4152347693166579,-0.1710216825663578,-0.41057225109215745,-0.7055627902674954,0.04123741050455399,0.0
0.3117227212504858,0.347379082047372,0.2653426873482578,1.5619040997612412e-15,-4.702586046189735e-16,-0.15211966188801823,-0.5650301829728673,-0.33400719718626604,-0.38736689107119165,0.0,-1.0200906759385437,-0.7641485983207277
0.7016641417893261,0.7193266036312667,1.12182629933903,1.5619040997612412e-15,-4.702586046189735e-16,0.07156080686279162,0.953381057946232,-0.18349470355729655,-0.3935379169477617,0.0,-0.2674264293238244,-0.7418052361328618
0.40920807638519585,0.4403659624433457,0.5877378791633784,1.5619040997612412e-15,-4.702586046189735e-16,-0.21839535633270263,0.09107046789351787,-0.26222431560937287,-0.3964657759402949,0.0,0.20330778553382345,-0.6998863238102803
-1.1180624873919272,-1.0164284970935737,2.391985669502216,0.24619667525856373,-3.0412887037548075,1.4285556506177048,-0.3796180634501597,-0.327546873962915,-0.349560732645136,-0.6420458083133487,-1.0944318245020155,-0.4445416308428428
0.6691690234110894,0.6883309768326088,0.2226156137342057,1.5619040997612412e-15,-4.702586046189735e-16,0.09641419227954827,-0.038753532730404196,-0.3437923766728144,-0.3952495883587811,0.0,-0.3693663304655806,-0.7659386667350384
-1.8164871603797097,-1.6826242702224572,-0.9724351345680159,1.5619040997612412e-15,-4.702586046189735e-16,-0.8252545382593135,2.313877703924752,1.3015484345468311,2.0942770317608765,6.212320041492506,2.0569004543466445,1.5837410439614075
0.052313089652509734,0.09993994256193807,-1.0212705599643594,1.5619040997612412e-15,-4.702586046189735e-16,-0.8328913524047378,-0.4177162320045193,-0.1982287644597364,0.24989862230737553,-0.08848553787881905,-0.3903130717682594,-0.49896772104634934
-0.8905966587442704,-0.7994591095029686,1.0605372351599354,-0.3692950128878401,-1.4317177815921758,1.9007699735360812,-0.47455440141197736,-0.2789221951818192,-0.39251332128771693,-0.33190021568116357,-0.9500568471416253,-0.2873937106426222
-0.19280909154643502,-0.13387104283222465,-1.0118649175726258,1.5619040997612412e-15,-4.702586046189735e-16,-0.8321069338307557,-0.2644900410851865,0.002127774250871407,0.2787926681335081,0.5053123961833439,-0.2824658215545681,-0.33746422292231393
-1.391880110030559,-1.2776107689478888,-0.9815110062981727,1.5619040997612412e-15,-4.702586046189735e-16,-0.8267808661023005,1.7651657773786695,1.107644786752639,0.7314315942449241,6.693294482731056,2.043695843140341,1.735104171098389
1.8382998781955595,1.8035121321031606,-0.9285199944698329,1.5619040997612412e-15,-4.702586046189735e-16,-0.8355873212835672,-0.5474704859197611,-0.32384641853000345,0.0,-0.5845074155608463,1.7541598037586428,-0.643908230230963
0.3464440541927211,0.38049819444150484,-1.006758822524658,1.5619040997612412e-15,-4.702586046189735e-16,-0.831416009807299,-0.16502780047769683,-0.01984379620943087,-0.22325460904529074,0.871953414666699,0.7366992840536782,1.2300889200965393
0.0,-0.303529080724443,1.0595597348804917,2.497137706193979,3.8205662802016755,1.145227056866679,-0.3923441384601062,-0.11261097540077997,-0.36716557513189124,-0.606407703879157,-0.7585928942846152,0.0
-1.1505576057701639,-1.0474241238922317,1.964714933361695,-0.6330771649505833,-1.0081464862862197,1.3813342183258672,-0.4513599389053327,-0.31993345689014047,-0.410028435589793,-0.7104506530826854,-1.0944318245020155,0.1937388690982038
-0.7931113036095603,-0.7064722291069949,2.2138914581200084,3.0598729639278335,-1.9400033359593225,0.43607712630855583,-0.0699989237596174,-0.18362375812335988,0.25499354334026975,-0.7011112693205643,-1.0944318245020155,-0.651285670970915
-0.7931113036095603,-0.7064722291069949,0.8833667232913598,0.15826929123764935,0.7708529539987944,1.9007699735360812,-0.4474403498877118,-0.37913562695963093,-0.39154902223053273,-0.4137163718865555,-0.3574015533362665,-0.32871888740204114
0.11675201098106634,0.16140532125542534,0.2905905035747431,1.5619040997612412e-15,-4.702586046189735e-16,0.2869568138080159,0.5158468951512706,-0.16855549823432192,-0.40088008642134504,0.0,0.6550180047558619,-0.6526562844102554
0.0,-1.5433541526707573,-0.07716558374579705,-2.163013646914499,0.09313888150926468,0.5777414231840687,-0.07113913185029859,0.03657854089732866,-0.4085869520335132,-0.6971635489749359,0.2747375049958288,1.2344598323489884
2.3249377438841465,2.2676940284547364,-0.9479963098401294,1.5619040997612412e-15,-4.702586046189735e-16,-0.8123343318270079,0.023613716415527255,0.09996082467134847,-0.06336071864481098,-0.6053489800018556,1.7605200854511964,0.27205675902547444
0.4741983131416692,0.5023572160406614,0.8576952988157989,1.5619040997612412e-15,-4.702586046189735e-16,0.2621034283912593,-0.5809171743965611,-0.3183210315971427,-0.40101521837484655,0.0,-1.0006279718081927,-0.7575938758597448
-1.540499026309004,-1.419371645476126,1.6909703412753019,-0.7210045489714977,-1.4317177815921758,1.5229985152013799,-0.23112871751343353,-0.3659838172030344,-0.4117117374480427,-0.6846239337561254,-1.0944318245020155,1.2924745908589945
0.7759713821367191,0.7902049264438561,-0.9771636815406918,1.5619040997612412e-15,-4.702586046189735e-16,-0.827581160306423,1.1712074208343708,0.25027995628162936,2.030545639050522,0.4025802840348562,1.7598463297074014,1.697385994895612
-1.053072250635454,-0.954437243496258,1.1015087912111057,2.884018195886005,-1.685860558775749,0.19996996484936766,-0.3707992037381603,-0.03842478397590169,-0.40951030990148996,-0.5963623345727256,-1.0724963997649395,-0.5083755886534963
0.6641869108554801,0.6835787645265907,-1.0048166828149283,1.5619040997612412e-15,-4.702586046189735e-16,-0.8327999639466617,-0.4313217237219406,-0.2643193504737569,0.03955020524611845,-0.4561029320170372,-0.4444037752164813,-0.40181614323185566
1.3272316073466193,1.3160271749017598,-0.9971345587095772,1.5619040997612412e-15,-4.702586046189735e-16,-0.8273019803474637,0.9570508446447089,0.22644079878936887,0.17839130457029118,0.06273175537851661,1.7643392012318055,0.46890542206947583
0.3117227212504858,0.347379082047372,0.8576952988157989,1.5619040997612412e-15,-4.702586046189735e-16,0.4195082026973847,-0.5511491248097409,-0.36261577537976253,-0.3950694124207791,0.0,-0.9492193127425732,-0.7745788484377761
-1.7679648549566604,-1.636341033066731,0.6052171365509452,-3.9567322809411603,2.2957096171002345,0.9563413276993284,-0.4794935064104683,-0.2588767663422187,-0.4079531636990765,-0.7284416336062361,0.7230178214407972,3.541019108445648
-0.04572358091011712,0.006427187262135889,0.7023241220374273,1.5619040997612412e-15,-4.702586046189735e-16,-0.450360286889098,0.024553720973102842,-0.3012156415023367,-0.3716915844650137,0.0,0.19006676551071586,-0.6943802387867237
1.6176381731395155,1.5930328909118625,-0.9341839046703824,1.5619040997612412e-15,-4.702586046189735e-16,-0.818440267863945,-0.36900667273060367,-0.34900997359349645,-0.33953465199391375,-0.5122863793104455,1.7501442486718213,-0.7618405095020647
-1.053072250635454,-0.954437243496258,0.6661863755717026,-1.7937186340266575,2.4651381352226167,1.9007699735360812,-0.4966441304367047,-0.3493016760236391,-0.3790679459308561,-0.2824225541482446,-0.9931300448071559,0.9948683322091405
0.13983995181488346,0.183427865974443,-1.0206124600972983,1.5619040997612412e-15,-4.702586046189735e-16,-0.8351146603204594,-0.5259432300813969,-0.025927265601378285,0.24660666603152687,-0.3925950293181919,-0.5704082455490778,-0.49132549805372744
-0.4321379065614109,-0.3621559976990904,-1.0087009622343877,1.5619040997612412e-15,-4.702586046189735e-16,-0.8329121765510262,-0.15132585995866488,-0.0699617101643711,0.5037453117939144,1.7051184187669803,0.27119245719192525,-0.0696253238667478
-0.728121066853087,-0.6444809755096792,0.9221487261824708,-1.2837398067053523,-1.2622892634697933,1.9479914058279186,-0.5051644349054597,-0.3975838106510601,-0.15439084555315205,-0.7097996734096342,-1.050162149123553,0.10698258307789393
-1.053072250635454,-0.954437243496258,1.1822355917088745,1.1958124226844427,-0.1610038956743085,1.7591056766605682,-0.16036898365109437,-0.2486389209419093,-0.2171348806546334,-0.6909698898749085,-1.0792764401382176,-0.3826867915760642
0.737552601898352,0.7535589859531265,-0.9944262441075034,1.5619040997612412e-15,-4.702586046189735e-16,-0.8095845592541638,2.262406560524259,0.5793927685236436,1.1601744631606556,0.15901260995994734,1.7636867368089122,0.8849407162134447
0.4376891085347991,0.46753273355875474,-0.9525768941221636,1.5619040997612412e-15,-4.702586046189735e-16,-0.8261342275807162,-0.28405789757556893,-0.2966962670200265,0.0,-0.3778274741457447,1.7576440270227058,-0.4948030959530356
-0.5006552382054308,-0.4275115879190746,2.1072194345631075,1.2309833762928077,-0.3304324137966909,1.8063271089524056,-0.07195085055687454,0.04432419213687063,-0.11574781052475085,-0.7015352871118719,-1.0944318245020155,-0.5414298222444827
0.0,1.618199780792345,1.7249665782245338e-16,1.5619040997612412e-15,-4.702586046189735e-16,-0.8327054635630596,0.133547425312254,-0.15962111179433483,0.05699616908172293,-0.3078830145680551,1.7562080491694991,0.4504193199781248
1.2153246002234874,1.209284131575399,-0.9598186922340313,1.5619040997612412e-15,-4.702586046189735e-16,-0.8342064311275499,-0.33902475206405097,-0.21657021006132815,0.0,-0.5481962834371813,1.7579172997405579,-0.17343112358854051
0.0,1.6801910343896607,1.7249665782245338e-16,1.5619040997612412e-15,-4.702586046189735e-16,-0.8392797014864141,-0.5253409730842735,-0.3629161487637019,0.23613385900642586,-0.2376904086762031,1.7504811261448925,-0.7859888234966234
-0.24069429117953728,-0.17954657352981146,1.3328816610439962,1.2661543299011744,-1.2622892634697933,2.1849270134676657,-0.1997457651978238,-0.06863942399584455,-0.4005025884445353,-0.7175465063082687,-1.065317533487351,-0.5162920628289962
-1.2480429609048738,-1.140411004288205,0.1410457459255607,1.5619040997612412e-15,-4.702586046189735e-16,-0.08584396744333384,-0.4887244817408834,-0.2873221805519703,-0.39844771125831746,0.0,-0.9217402079355818,-0.7775563879784119
-0.07821869928835382,-0.024568439536522,1.373418208874422,1.740962203614113,1.8721383217942793,0.9563413276993284,-0.17717114513551274,0.37909229194476324,-0.41484486763006156,-0.7244789206516633,-1.0944318245020155,0.0
0.0,-1.5433541526707573,0.006849643824206791,1.7233767268099305,1.8721383217942793,0.10552710026569233,-0.446498428139363,-0.03445712599874905,-0.33774979442315345,-0.35022534777576403,-0.48741879814147987,0.20709053449867362
-0.6597234017320077,-0.5792395297849448,-1.0087009622343877,1.5619040997612412e-15,-4.702586046189735e-16,-0.8330038830330223,-0.5121488351917035,-0.3267315517886339,-0.21124250542454057,-0.6942410951166925,-0.8346074721526633,-0.5496480628448897
1.0474640862892788,1.0491695634862959,-0.9169095671047244,1.5619040997612412e-15,-4.702586046189735e-16,-0.8188155097529964,-0.1277235972379466,-0.15564791891630608,0.0,-0.48353170752418256,1.7540520310286503,-0.6818188090719612
0.06592555470209996,0.1129242585929101,-1.018936082979662,1.5619040997612412e-15,-4.702586046189735e-16,-0.8332344804888907,-0.5142858002654296,-0.06854484104849577,0.29904586515308884,-0.3751413399908861,-0.6794533542109812,-0.47403344485164683
-0.33817964631424735,-0.27253345392578515,0.7042662617471569,1.5619040997612412e-15,-4.702586046189735e-16,-0.7320319882790067,-0.02487247456727787,-0.288069140818119,-0.38736689107119165,0.0,0.2950377435252316,-0.6964981910194974
-1.4773714617301603,-1.359157110799912,-1.0028745431051989,1.5619040997612412e-15,-4.702586046189735e-16,-0.831295944775812,0.6843753660022411,0.21978399459232903,-0.1431222103736488,1.3286886003296987,0.651710963888048,0.6710923736728952
0.0,-1.5433541526707573,-0.14717482880847788,0.7385900257756864,3.1428522077121457,0.4832985586003934,0.49450968918093857,0.28848121976142266,-0.2485243269616869,-0.7019006125502534,-0.4012724028104182,1.1142948437447593
-0.10523525769044602,-0.0503383152411827,-1.0077737173447148,1.5619040997612412e-15,-4.702586046189735e-16,-0.8321457476775707,-0.5461784631512121,-0.3262164648255821,-0.07081136957324621,-0.4904384900306215,-0.8444438632355525,-0.5382714643486274
0.008314793604220822,0.057971953763873256,-1.0253620233522014,1.5619040997612412e-15,-4.702586046189735e-16,-0.8335150151313289,-0.5636965151683229,-0.10900548678556761,0.13652021878843576,-0.40884203142450304,-0.8133589485409538,-0.4876462011828504
-0.5981405933401409,-0.5204984683150483,1.3956679984109097,1.6002783891806494,0.2625673996316471,1.3813342183258672,-0.46082877860415916,-0.14460825850469475,-0.40762104859968906,-0.6741336344167015,-1.0944318245020155,0.7999103860960848
0.38206544992184377,0.41447583610495725,-1.0295578538321923,1.5619040997612412e-15,-4.702586046189735e-16,-0.8314905218225418,-0.5151616513864151,-0.33693743933802117,-0.16143832773080832,-0.37530720799110195,-0.660277933153675,-0.5519679304230134
0.8966348520587463,0.905300364423214,0.4265402832558181,1.5619040997612412e-15,-4.702586046189735e-16,-0.002999349387478331,-0.4745224742560662,-0.3225040090875756,-0.39682612781629906,0.0,-0.12309133455386524,-0.7583412146531782
-0.4356650014489574,-0.3655203343217588,-0.06357526963198862,-1.9871588788726706,0.09313888150926468,1.996041284300315,-0.44784409570947914,0.047518582504868956,-0.31057617345059213,-0.3643183684562917,-0.03873965579220089,1.2355527784105311
-0.04572358091011712,0.006427187262135889,1.1482339575158864,1.2133978994886252,2.0415668399166607,1.3341127860340292,-0.23881254259710544,0.36383693897576636,-0.3838574315199837,-0.7167884271272628,-1.0944318245020155,-0.320566100564586
0.6691690234110894,0.6883309768326088,0.44013526122392566,1.5619040997612412e-15,-4.702586046189735e-16,-0.03613719660982053,-0.5194553792927761,-0.3465561296575647,-0.37718695057407614,0.0,-0.8033686795362343,-0.6962205236417
-1.3780234344178204,-1.2643935114828366,1.2998718484686713,-2.3916248453688773,-1.4317177815921758,1.7591056766605682,-0.48733323543545803,-0.16505481531526878,-0.3967295613331656,-0.7229845820931495,-0.5588086350130539,0.03901315368302409
-0.4847218710663996,-0.41231346813569897,-1.0310147305140491,1.5619040997612412e-15,-4.702586046189735e-16,-0.8313749791959096,-0.5201560541878122,-0.325631156292241,-0.25622080876878855,-0.4671925618636494,-0.6609451629091978,-0.5110959747049719
0.4741983131416692,0.5023572160406614,0.873232416493636,1.5619040997612412e-15,-4.702586046189735e-16,-0.05270612022099163,-0.5754610359278177,-0.3217570488214268,-0.3916460695987402,0.0,-1.020369854071561,-0.7137992317828938
-0.3311540717403992,-0.2658320754294082,-1.0244538731917265,1.5619040997612412e-15,-4.702586046189735e-16,-0.83127764699272,-0.47697808214918286,-0.33744504190859814,-0.18479855934411651,-0.5987482573553659,-0.7316313590149022,-0.533709529169434
0.0,-0.9234416166976002,1.7165094784582464,2.4092103221730663,2.4651381352226167,0.7194057200595816,0.7354191140290112,0.17746700140911975,-0.34838642826668625,-0.19357812714431138,-0.9935288707114664,0.14547200789385029
1.4962742351962157,1.4772693081016706,-0.932476489052761,1.5619040997612412e-15,-4.702586046189735e-16,-0.8146518257392904,-0.5360488018777091,-0.30199385755145336,-0.11471405558486256,-0.5023671321011818,1.7540520310286503,-0.6626054482057666
-1.2805380792831103,-1.171406631086863,0.8790588356228248,1.5619040997612412e-15,-4.702586046189735e-16,-0.4255069014723414,0.5688035332302499,-0.11574540741760656,-0.38299762457464204,0.0,0.5380822496120321,-0.6454576099454445
0.7341592601675628,0.7503222304299246,0.7100926808763457,1.5619040997612412e-15,-4.702586046189735e-16,-0.2515332035550448,-0.5768250705450036,-0.34102862368806414,-0.3955198522657842,0.0,-0.6389327591890275,-0.7731668802825937
-0.003020598771597679,0.04715963458387808,-1.0274862138003298,1.5619040997612412e-15,-4.702586046189735e-16,-0.8315796640896352,-0.525970996378088,-0.35928939557158873,-0.25388415342414405,-0.6551375389537888,-0.763534068619245,-0.5880195778039747
0.8641397336805096,0.8743047376245562,0.5061680113547334,1.5619040997612412e-15,-4.702586046189735e-16,0.7011799040872935,0.551873456511061,-0.24982477519130397,-0.39583516015728776,0.0,0.14456072982889134,-0.7772580432426934
-2.3203818673866836,-2.163266688643915,1.5442416862052275,1.9344024484601259,-0.3304324137966909,1.996041284300315,-0.02319550312821722,0.6912101881708066,-0.31071943021279796,-0.689871535868812,-1.0944318245020155,-0.46445097261257007
0.3117227212504858,0.347379082047372,0.7605883133293168,1.5619040997612412e-15,-4.702586046189735e-16,-0.3840845924444136,-0.5547598046787622,-0.3668734488968103,-0.3943036646842704,0.0,-0.8812992612385002,-0.7143959212543308
0.929129970436983,0.9362959912218719,0.5061680113547334,1.5619040997612412e-15,-4.702586046189735e-16,1.281092230478282,-0.5992112857329358,-0.3486476184027812,-0.38727680310219065,0.0,-0.8403398408658148,-0.7367392834421967
0.4741983131416692,0.5023572160406614,0.6654234675525642,1.5619040997612412e-15,-4.702586046189735e-16,0.2952412756136015,-0.5123944942155788,-0.3221305289545012,-0.38110577722562056,0.0,-0.8418154967117636,-0.7847077999108317
0.7341592601675628,0.7503222304299246,0.6731920263914826,1.5619040997612412e-15,-4.702586046189735e-16,-0.2929555125829726,-0.45518527762419647,-0.2809730182897061,-0.3884479466992039,0.0,-0.4482939769286227,-0.761171058780092
-0.33817964631424735,-0.27253345392578515,0.43819312151419587,1.5619040997612412e-15,-4.702586046189735e-16,0.12955203950189048,0.7343331458922717,-0.21807896387998285,-0.38795246286969826,0.0,0.04732697435799851,-0.7400181216268253
-0.34318618869985296,-0.2773089687440301,-1.0028619726059274,1.5619040997612412e-15,-4.702586046189735e-16,-0.8316331462885406,0.4760092058259701,0.7236597593012837,0.5609258064905718,3.3394419380373277,0.38486314191198107,0.366728081258736
0.0,0.0,-1.000932403395469,1.5619040997612412e-15,-4.702586046189735e-16,-0.8324027813895508,-0.4141948298861767,-0.2711370929370365,0.3208089545507205,-0.4153174895742885,-0.5483835384485853,-0.5044708368013084
0.8316446153022728,0.8433091108258983,0.7256297985541829,1.5619040997612412e-15,-4.702586046189735e-16,-0.27638658897180146,-0.5299664695781492,-0.3089093322436686,-0.3943036646842704,0.0,-0.4756135513738899,-0.7621547102354805
0.5716836682763793,0.5953440964366351,0.5430686658395966,1.5619040997612412e-15,-4.702586046189735e-16,0.06327634505720607,0.12990533581810276,-0.23339164933603185,-0.4039881213518803,0.0,0.4540097489833851,-0.6969205999027422
-1.9954306836043172,-1.8533104206573363,-0.2210328199024885,-1.8640605412433895,0.5167101768152208,1.1924484891585165,0.49551926335538254,0.020327661694416722,-0.38828626675364825,-0.7193601383499565,-0.28481523875176096,0.5096002808840985
0.7215940315455066,0.7383368259616058,-1.0116652558997672,1.5619040997612412e-15,-4.702586046189735e-16,-0.7973301162306321,3.9618103753089886,0.8661248563349726,0.8854381038022245,0.9606884027313943,1.76523637486011,1.4429063306304688
0.5303799941749754,0.5559463858956595,-1.0059082503975156,1.5619040997612412e-15,-4.702586046189735e-16,-0.8326530273437329,-0.3667083397940698,-0.23955779266371677,0.15359920721029133,-0.17513366559698088,-0.5496931008537285,-0.48328762149744725
-0.08576222655208002,-0.031763869726693414,-1.0087009622343877,1.5619040997612412e-15,-4.702586046189735e-16,-0.8320707504662535,-0.4720606027159875,-0.3140016511771058,-0.02081171697739622,-0.6639656520092321,-0.6527378255273465,-0.47931315711459166
0.01763116029082021,0.06685841546486163,-0.9917356552203463,1.5619040997612412e-15,-4.702586046189735e-16,-0.8325009311365693,-0.34034323265902533,-0.15029786217216026,0.2586993759075847,-0.11862168934766577,-0.3561459983397814,-0.3756409919077438
-0.07072208197751864,-0.01741775463319732,-1.0258801097064525,1.5619040997612412e-15,-4.702586046189735e-16,-0.8334088263331167,-0.5521547571568295,-0.1934022819698488,-0.026240245651113176,-0.676708119763973,-0.8974470498032042,-0.542313492677889
0.5716836682763793,0.5953440964366351,0.8071996663628278,1.5619040997612412e-15,-4.702586046189735e-16,-0.359231207027657,-0.5839661929526235,-0.37240095486631086,-0.38975422224971873,0.0,-0.6774593415454188,-0.782273779492693
-0.17220348530065008,-0.11421628503998356,-1.000932403395469,1.5619040997612412e-15,-4.702586046189735e-16,-0.8334895241820159,-0.28178854363471456,-0.264272009999489,-0.31095261535316765,0.3699948526641792,-0.04401171587881171,0.37884731852589815
0.07979245327908031,0.12615126728215328,-1.0276741733045816,1.5619040997612412e-15,-4.702586046189735e-16,-0.8316704577150692,-0.5207906962472676,-0.34576060322257784,-0.12049396607551015,-0.43867347047585076,-0.5820367147287115,-0.5562562766560247
0.7666543785457994,0.7813178572285825,0.37021823167365847,1.5619040997612412e-15,-4.702586046189735e-16,-0.16868858549918933,-0.49698892677442114,-0.33288675678704294,-0.36574577851094625,0.0,-0.783626797272866,-0.7328667096944055
2.185842061465409,2.13501693488725,-0.9969697048414523,1.5619040997612412e-15,-4.702586046189735e-16,-0.814564769615662,0.045743229194848696,-0.11525379103667917,-0.24609234372636843,-0.32620202481402294,1.7616064772438904,1.6121119516898967
-0.12821105787074025,-0.07225389405211856,-1.0093299768113697,1.5619040997612412e-15,-4.702586046189735e-16,-0.8318138195727287,-0.45353516161962837,-0.22461182383962022,0.23048017725547937,-0.25890753890710316,-0.6804945163543452,-0.4559925915577094
1.3190713909758225,1.308243512805766,-0.04345752649875534,1.5619040997612412e-15,-4.702586046189735e-16,-0.13555073827684713,-0.42670102532413945,-0.28478251564706464,-0.4018710540803563,0.0,-0.5250679635083882,-0.7731668802825937
1.2342384586143127,1.2273252074435,-0.9416729835844376,1.5619040997612412e-15,-4.702586046189735e-16,-0.8384991983479084,-0.541045788642095,-0.3377525937002089,-0.2989631198487661,-0.35056921341223757,1.7510875062345432,-0.7789268866377383
0.6366739050328527,0.6573353500339509,0.6168699748093232,1.5619040997612412e-15,-4.702586046189735e-16,-0.7900232209181056,-0.5440882397325436,-0.34132740779452364,-0.3951144564052796,0.0,-0.8033686795362343,-0.7663906147010279
-0.7931113036095603,-0.7064722291069949,0.9513688396000602,-2.8664327190818177,1.1944242493047497,1.8063271089524056,-0.48983554177583,0.40507419407283113,-0.21619750804005228,-0.631163430484601,2.3705676321473494,2.5446953865597
-0.42663491025624584,-0.3569069378937405,-0.9345607137615147,1.5619040997612412e-15,-4.702586046189735e-16,-0.7984533838151241,2.4361589293100505,1.177755620182566,6.5228045735708555,0.7554157102099395,1.7698852886148795,0.9843278416445085
-1.6054892630654773,-1.481362899073442,0.6887291440693197,1.5619040997612412e-15,-4.702586046189735e-16,-0.5994805993896379,0.16769711844719254,-0.3346794614257999,-0.40241158189436244,0.0,0.23999976873038667,-0.6820978881816012
0.0,-1.5433541526707573,-0.12735146103482553,0.15826929123764935,-0.1610038956743085,0.7666271523514193,0.030365471210042325,-0.36932335390957927,-0.245304467682034,-0.22595498251835197,-0.41363600584404286,2.422964826570018
1.8532733492862328,1.8177946503695914,-0.997087457548909,1.5619040997612412e-15,-4.702586046189735e-16,-0.8307842250854829,-0.30832897623714306,-0.22054340301405292,-0.28882023681247926,-0.44324177206859694,1.7597618882928114,-0.0008571499943078342
-0.7506949674092793,-0.6660132004083693,-0.9912217048468208,1.5619040997612412e-15,-4.702586046189735e-16,-0.8292293124194994,0.10433668608891312,0.03865640150188132,0.21444276881449945,4.519565247655857,0.8590308581528336,0.5039937804072696
1.1857716905980835,1.1810949449135348,-0.9841817492364919,1.5619040997612412e-15,-4.702586046189735e-16,-0.8183021788425442,1.018442396779949,0.11717799393396636,0.046054633903469686,0.23524592636059363,1.7628782301556531,0.35035970956164714
0.44170319476343256,0.47136158924200355,0.6285228130677007,1.5619040997612412e-15,-4.702586046189735e-16,-0.08584396744333384,-0.5765041212233128,-0.35044032304153816,-0.38380841629565127,0.0,-0.8793051317169478,-0.788205227307769
-0.1432089360448272,-0.08655969313383778,0.7450511956514796,1.5619040997612412e-15,-4.702586046189735e-16,-0.7486009118901779,0.03883596578834274,-0.26767712555225864,-0.40205123001835835,0.0,0.2950377435252316,-0.6854860209723841
-2.1579062754955003,-2.0082885546506253,0.8470194055791215,-3.9919032345495253,-0.1610038956743085,1.996041284300315,-0.19470383188805504,-0.37044045243845003,-0.35700174898059434,-0.47573407266133616,0.6129418718511075,3.921305259697084
0.18468100550880018,0.22619972325396837,-1.0096189807951554,1.5619040997612412e-15,-4.702586046189735e-16,-0.8319062083132922,-0.5052946866512921,-0.3367944299706304,-0.07130408252204527,-0.5134523103029058,-0.9045905832563954,-0.5020493726792282
0.3464440541927211,0.38049819444150484,-1.0106431019441173,1.5619040997612412e-15,-4.702586046189735e-16,-0.8274424042367265,0.16696336137987383,0.4588813102727157,1.5360295381114255,1.172767767230664,1.918076211488765,1.159617692562783
0.0,-0.303529080724443,1.6283905155080032,2.3388684149563326,-1.685860558775749,0.2471913971412052,0.1907959552267622,0.9436217404388568,-0.22261439312795497,-0.4114259798723474,-0.8643092777148742,0.513322205309893
0.0,-1.5433541526707573,-0.04462451921332371,0.4220514433003925,-1.9400033359593225,0.3416342617248805,-0.16102364749208492,-0.18933204214664134,-0.3218395637085401,-0.2752334286147104,0.20613944945442794,-0.14507440998009147
0.40920807638519585,0.4403659624433457,0.7741832912974239,1.5619040997612412e-15,-4.702586046189735e-16,-0.7734542973069345,-0.542162543802399,-0.28545477988659845,-0.3894389143582152,0.0,-0.8822963259992763,-0.7298891701537698
-1.7074856847692972,-1.5786526822689226,-1.0211061609453544,1.5619040997612412e-15,-4.702586046189735e-16,-0.8326225575985642,-0.44641149580608985,-0.1907116177026127,-0.024608415468368623,-0.0833664478470485,-0.5875197545163545,-0.35509374891989803
0.13568412187988407,0.17946380736709835,-1.0309202151197912,1.5619040997612412e-15,-4.702586046189735e-16,-0.8327053511594819,-0.460371549225764,-0.28027758423906857,-0.0025487066581387262,-0.4708861734125105,-0.6378613959540596,-0.4996274042659273
-1.1505576057701639,-1.0474241238922317,1.964714933361695,-0.6330771649505833,-1.0081464862862197,1.3813342183258672,-0.4513599389053327,-0.31993345689014047,-0.410028435589793,-0.7104506530826854,-1.0944318245020155,-0.5769653387859986
-1.4430136711742938,-1.3263847650801524,0.5575797474187181,-1.7233767268099258,0.5167101768152208,1.5702199474932175,0.4960316003742105,-0.3711125587108268,-0.40238119627644764,-0.6599482433864992,0.25040912483288996,0.9967883725875267
0.14444978079728013,0.18782497378247914,-1.0093299768113697,1.5619040997612412e-15,-4.702586046189735e-16,-0.8331135229557644,-0.44368438340188343,-0.17569068402090146,0.26174382404696,-0.2810238925990071,-0.611559578155136,-0.473598612716372
0.604178786654616,0.6263397232352931,0.23426845199258348,1.5619040997612412e-15,-4.702586046189735e-16,0.12126757769630492,-0.5815590730399427,-0.3402816634219154,-0.4034475935378742,0.0,-0.5673833919557291,-0.788205227307769
0.0,-1.5743497794694152,1.5923679082123279,1.9168169716559433,7.547993678894086,1.8063271089524056,0.34671906909425515,0.9753660757566918,-0.3310843348725324,-0.07319771122406374,1.198817125283188,-0.6144504347886452
0.0,-0.9234416166976002,1.011624730122792,1.5475219587681017,1.363852767427132,0.9563413276993284,-0.3013266370502247,0.08780939218501063,-0.3983159433562411,-0.6217022990511744,-1.0944318245020155,0.0
-1.5729941446872406,-1.450367272274784,-0.24521434704842052,-2.426795798977244,0.2625673996316471,2.0432627165921526,-0.2706232219073246,-0.34691246508802553,-0.3884228480649171,-0.49769695984201934,-0.31592365928797767,1.5983813317600255
0.5391885498981426,0.5643484696379772,0.9392651666244438,1.5619040997612412e-15,-4.702586046189735e-16,-0.30123997438855815,-0.5801148010923343,-0.33751791043716506,-0.40060982251434196,0.0,-0.6591133499471372,-0.7879925459120092
2.31114638670886,2.2545390752991117,-0.9346195901152431,1.5619040997612412e-15,-4.702586046189735e-16,-0.8193768716202104,-0.5588921699698368,-0.3404013889696571,0.0,-0.43485815210299256,1.7524518513659022,-0.7477982982799928
0.038675184174740966,0.08693136005474514,-1.030081277769008,1.5619040997612412e-15,-4.702586046189735e-16,-0.831398506876895,-0.5664812137842177,-0.3514338035604331,-0.2764387506724924,-0.5192389266661603,-0.7739469820494018,-0.5933134768908066
-0.728121066853087,-0.6444809755096792,0.8791937828699876,0.5979062113422229,-1.685860558775749,1.8063271089524056,-0.3090434469782974,-0.051429522283136124,-0.38632733571832245,-0.3728707575340476,0.9615157122184583,-0.3651110373431448
0.0,1.308243512805766,1.7249665782245338e-16,1.5619040997612412e-15,-4.702586046189735e-16,-0.8344766052883297,0.027896847859083102,-0.05764249389443438,-0.033650856531286036,-0.22908629756851334,1.7566123026955411,0.3241048304808631
0.11348011650570362,0.15828440878782052,-1.028713445279633,1.5619040997612412e-15,-4.702586046189735e-16,-0.8315205385402011,-0.518200807891958,-0.34372269204744277,-0.2637433180954335,-0.46189991727536195,-0.6361851306782426,-0.5168943556871953
1.2117782487287905,1.2059014269442903,-0.9260589606699468,1.5619040997612412e-15,-4.702586046189735e-16,-0.8353771858270239,0.6739358514274715,-0.3205354244450606,0.0,-0.31042758197606757,1.7538182133598599,-0.7003901934195648
-0.3374867659031153,-0.2718725465738079,-1.0048166828149283,1.5619040997612412e-15,-4.702586046189735e-16,-0.8322278507617348,0.14914530398222212,0.009295335760354696,-0.09102903796987621,0.7055797034175827,0.08819931029682596,0.006539429235510669
-0.27720440240021016,-0.21437192078970582,-1.0305332913650505,1.5619040997612412e-15,-4.702586046189735e-16,-0.83399407786259,-0.5314618929843768,-0.05635474134232446,0.1258602458998178,0.22533732170889173,-0.5546408927470583,-0.39022429586183977
0.4674390328134186,0.49590984360633655,-0.9678612093004043,1.5619040997612412e-15,-4.702586046189735e-16,-0.8163509210128491,1.236882104252692,0.44893960152759455,1.4227713087900544,0.2280906938994848,1.7628782301556531,2.036711362330801
-2.385372104143157,-2.2252579422412304,0.7261182709679264,-3.8863903737244283,-0.8387179681638378,1.4285556506177048,-0.46991559352893714,-0.18150757703792933,-0.3937120575413773,-0.6467345715265492,0.4402502552846739,0.9426432339170373
1.7031445830769738,1.6745935961373446,-0.9952740642226771,1.5619040997612412e-15,-4.702586046189735e-16,-0.8125894963075863,2.036114445164285,0.45821038458597885,0.7384860975185324,1.0150993744392731,1.7656406279873267,0.6679782749527321
-0.5656454749619042,-0.4895028415163904,1.150637897263656,1.406838144334638,-1.0081464862862197,1.8063271089524056,0.22858785644662633,-0.29437328654889544,0.4413769041096808,-0.7039241598157245,-0.5958994441139277,-0.4991298557544984
0.6366739050328527,0.6573353500339509,0.47315163628932955,1.5619040997612412e-15,-4.702586046189735e-16,-0.4089379778611703,-0.5801950384227569,-0.36298925551283684,-0.4014206142353512,0.0,-0.9611840898718873,-0.7884149547952543
1.7920003233568897,1.7593490764090924,-0.9161677243097335,1.5619040997612412e-15,-4.702586046189735e-16,-0.8109774571493714,-0.40898256684569073,-0.3000072610974998,0.0,-0.20746456762818455,1.7516265110688747,-0.7161896729264079
-0.1432089360448272,-0.08655969313383778,1.01306647559417,-0.8265174097965962,2.4651381352226167,1.3341127860340292,-0.4231501020464757,-0.36695295736433187,-0.322112804122039,-0.5824216452801153,-0.3964864919586926,0.01963551540269616
0.7666543785457994,0.7813178572285825,0.17988854012015343,1.5619040997612412e-15,-4.702586046189735e-16,-0.7734542973069345,-0.562462588399341,-0.30995507661627686,-0.4034025495533737,0.0,-0.5490374003574474,-0.7708362466540604
-1.540499026309004,-1.419371645476126,1.6909703412753019,-0.7210045489714977,-1.4317177815921758,1.5229985152013799,-0.23112871751343353,-0.3659838172030344,-0.4117117374480427,-0.6846239337561254,-1.0944318245020155,-0.5525660564391224
-0.5331503565836675,-0.4585072147177325,1.4011200079625776,0.8441028866007835,1.8721383217942793,1.9007699735360812,0.33536715898540964,0.013242659238181959,-0.4115121525345856,-0.6112173469574042,-1.054948059975279,-0.5242971542527293
0.26807698098904187,0.30574738030225956,-0.9989902636857394,1.5619040997612412e-15,-4.702586046189735e-16,-0.8336905224156778,-0.4028998481632662,-0.15929041911392203,-0.13600750694085514,0.11696671210080868,-0.08189392240047495,-0.07087452104193875
0.5716836682763793,0.5953440964366351,0.7003819823276977,1.5619040997612412e-15,-4.702586046189735e-16,0.46093051172531246,-0.5249115177615193,-0.3431201124332806,-0.40394307736737983,0.0,-0.4780862719806148,-0.7583412146531782
-0.12945780782609348,-0.07344311256419063,-0.9942501260232759,1.5619040997612412e-15,-4.702586046189735e-16,-0.8298087063788306,0.04365960983001671,0.3647679674315803,0.48743686108587914,3.7634584686998775,0.5164861985993631,0.4799397245697261
-1.8004599733348972,-1.667336659865389,1.887029344972509,0.08792738402091752,-1.685860558775749,1.2396699214503542,-0.2887675423438743,-0.04910509868477087,-0.41029843044006786,-0.6802196284979326,-0.1356426222662771,0.0
-0.20390652866939343,-0.14445638723629867,-0.9993291604618123,1.5619040997612412e-15,-4.702586046189735e-16,-0.8326655438482917,0.004083685006265917,0.1874019116953785,0.2125930330865875,1.2946676653329792,-0.16876272425326888,-0.00919613584906059
0.506693431519906,0.5333528428393194,0.2847640844455541,1.5619040997612412e-15,-4.702586046189735e-16,-0.07755950563774829,-0.562221876408073,-0.33819017467669893,-0.40358272549137575,0.0,-0.5123055345704531,-0.780368508655679
3.0154906694155117,2.926381296965406,-0.9860422437233921,1.5619040997612412e-15,-4.702586046189735e-16,-0.8110434997190609,0.09856851796155285,-0.06227788564771462,0.12831581105738585,-0.15129265059145344,1.7579598137843055,-0.1954598945451786
0.0659724224113372,0.1129689635854421,-1.0234429756836203,1.5619040997612412e-15,-4.702586046189735e-16,-0.8341909524805347,-0.5406978837096047,-0.2898534995951263,-0.2267238037607361,-0.7440033655321673,-0.814202924018243,-0.5742223692786707
-2.125411157117264,-1.9772929278519675,-0.1662943338828748,-2.145428170110317,2.7192809124061905,2.1849270134676657,-0.17432372985278508,0.6436625452201091,-0.38349580725501864,-0.1820632072080305,-0.3725569377000644,0.9785627585342305
-0.1432089360448272,-0.08655969313383778,0.5488950849687857,1.5619040997612412e-15,-4.702586046189735e-16,-0.359231207027657,0.4694697181669523,-0.19918086914641994,-0.39934859094832764,0.0,0.9291709313788792,-0.5558685258899465
-0.8581015403660337,-0.7684634827043108,1.7032056019848112,-2.848847242277633,0.09313888150926468,1.7591056766605682,-0.4748147432254214,0.34316903453317216,-0.4108345528397799,-0.25695553011121236,-0.024381923237023876,2.9971750560384556
-0.30568452793601064,-0.24153782712712724,0.6168699748093232,1.5619040997612412e-15,-4.702586046189735e-16,-0.34266228341648586,-0.14474704621878567,-0.2585642103052441,-0.40169087814235427,0.0,-0.02119131600254007,-0.7003116866017997
-0.3667754707190332,-0.2998097201924228,-1.0087009622343877,1.5619040997612412e-15,-4.702586046189735e-16,-0.8295988024895639,-0.4246994039374716,-0.13271008409173105,0.3567328299070717,-0.08245654931711355,-0.25036503721850933,-0.42017781902652596
0.5391885498981426,0.5643484696379772,0.7023241220374273,1.5619040997612412e-15,-4.702586046189735e-16,0.2206811193633315,-0.1023014984251795,-0.3121212613881082,-0.39745674359930616,0.0,-0.5884015171128909,-0.7432940059031796
0.5085214086596431,0.5350964677296881,-1.0048166828149283,1.5619040997612412e-15,-4.702586046189735e-16,-0.8339719635356422,-0.44204182182221197,-0.2524714694930812,-0.19652589466963452,-0.07580488720563694,-0.29286268403679294,-0.11970366193563106
-0.7931113036095603,-0.7064722291069949,0.9942638655719302,0.28136762886692884,-2.363574631265278,1.003562759991166,0.1257831806791821,0.3103362704705839,-0.3910489847064404,-0.7118827573585484,-0.3710262291227624,0.0
-1.410518552796057,-1.2953891382814946,1.2152464239075467,-1.002372177838425,-1.9400033359593225,1.5702199474932175,-0.4976745873392392,-0.18363010609048572,-0.3042723451602669,-0.7281245150552607,-1.0385961978985496,-0.3906328048343085
0.04288780257861821,0.09094958661948316,-1.0028745431051989,1.5619040997612412e-15,-4.702586046189735e-16,-0.8327197713090967,-0.39889987289473733,-0.2798325957323151,0.14973203654973224,-0.5346881715460993,-0.5955920793589491,-0.4825104517751319
-0.6306357117183768,-0.5514940951137055,2.177087910620631,1.406838144334638,-0.8387179681638378,1.6174413797850555,-0.49927092700116077,0.25861312321752444,-0.3557524414131131,-0.6341899685087499,-1.0944318245020155,-0.6019849418705076
-0.5656454749619042,-0.4895028415163904,0.4517880994823034,1.5619040997612412e-15,-4.702586046189735e-16,-0.30123997438855815,-0.4849533272110167,-0.3479753541632474,-0.3981774473513144,0.0,-0.9634972801168882,-0.749550383628444
-0.9555868955007438,-0.8614503631002844,1.3906513757972294,-1.4068381443346334,-0.1610038956743085,1.7118842443687305,0.021243610143844998,-0.3312019390630127,-0.3728853208589165,-0.6607086218873586,0.08689050406559722,0.26785242770390927
1.4444581368375287,1.4278442705254397,-0.9555795908813074,1.5619040997612412e-15,-4.702586046189735e-16,-0.8173475634816354,-0.08703384780202952,0.15161233245920216,-0.20056916789563334,-0.2504851231063157,1.7644952434621706,0.910440266178913
-0.07821869928835382,-0.024568439536522,0.40323460673906236,1.5619040997612412e-15,-4.702586046189735e-16,-0.8231610681404478,-0.5729736786847143,-0.37240095486631086,-0.4016458341578537,0.0,-0.6389327591890275,-0.784817094516986
1.0266153255716923,1.029282871617845,0.4517880994823034,1.5619040997612412e-15,-4.702586046189735e-16,0.33666358464152923,0.1322322184003609,-0.16930245850047065,-0.3899343981877208,0.0,0.07556384838317996,-0.6869688829261531
0.2467324844940124,0.2853878284500562,0.3896396287709548,1.5619040997612412e-15,-4.702586046189735e-16,-0.3840845924444136,-0.5528341087486175,-0.33124344420151575,-0.40015938266933687,0.0,-0.4963524983980343,-0.7862970025624806
0.3117227212504858,0.347379082047372,0.5935642982925672,1.5619040997612412e-15,-4.702586046189735e-16,-0.08584396744333384,-0.5805159877444477,-0.3594785422619378,-0.40227644994086087,0.0,-0.7031836123734442,-0.7841111104393947
0.3521434769894587,0.38593461661172707,-1.0028745431051989,1.5619040997612412e-15,-4.702586046189735e-16,-0.8316410880635835,-0.15753837832980225,-0.14471264485736057,-0.2524930892393167,0.5303944483906832,-0.06164454813277825,0.1258881944961279
-0.6956259484748503,-0.6134853487110212,0.8188525046212057,1.5619040997612412e-15,-4.702586046189735e-16,0.2952412756136015,-0.2096590465307467,-0.17438178831028203,-0.40015938266933687,0.0,-0.029726190354784302,-0.7483599585938446
-0.2007006025338502,-0.14139839899065765,-1.0048166828149283,1.5619040997612412e-15,-4.702586046189735e-16,-0.8314334202913938,0.6093896386621879,0.3358681193278138,-0.07618014298721269,0.7696876687627656,0.32449945497574806,0.14706158953193066
0.4330314467381496,0.4630900001880709,-1.005630218337806,1.5619040997612412e-15,-4.702586046189735e-16,-0.8351234193659441,-0.22893597610136268,-0.11694395020634624,-0.07709117473549364,1.3081536389116837,-0.261143606800754,0.004922981506283396
0.0,1.5252129003963713,1.7249665782245338e-16,1.5619040997612412e-15,-4.702586046189735e-16,-0.8351070116662441,0.07072816309701549,-0.13511975557621492,0.13366678101665447,-0.3597082951221817,1.7559385469517461,0.4909610334182589
0.7666543785457994,0.7813178572285825,0.9683972622703881,1.5619040997612412e-15,-4.702586046189735e-16,-0.6160495230008091,-0.5723317800413326,-0.35320407602628845,-0.39538472031228267,0.0,-0.4756135513738899,-0.775919922794372
0.506693431519906,0.5333528428393194,-0.154159489953345,1.5619040997612412e-15,-4.702586046189735e-16,0.36151697005828587,-0.5809171743965611,-0.3552955647715049,-0.40403316533638084,0.0,-1.0403111492870847,-0.770404976045992
-0.5056197579039498,-0.43224701919274366,-1.0028745431051989,1.5619040997612412e-15,-4.702586046189735e-16,-0.829623089449758,0.12365215124221124,0.516078970996762,0.22743551020233935,0.7459618437104167,0.3530965022938977,-0.0978889471236637
0.033767348960721096,0.08224999755246379,-1.0028745431051989,1.5619040997612412e-15,-4.702586046189735e-16,-0.8332759169477794,-0.3820920884584403,-0.15376169925929287,0.34553539579891246,-0.2525136800119015,-0.37287663255670067,-0.41344895038017754
0.44170319476343256,0.47136158924200355,0.7275719382639128,1.5619040997612412e-15,-4.702586046189735e-16,-0.284671050777387,-0.4787750527684691,-0.33400719718626604,-0.3779076543260843,0.0,-0.8831338603983283,-0.7647452877921646
0.4741983131416692,0.5023572160406614,0.4886887539671667,1.5619040997612412e-15,-4.702586046189735e-16,0.3449480464471148,-0.5954401312030692,-0.3514860674141464,-0.40146565821985164,0.0,-0.6939707339838723,-0.7841111104393947
1.4379564973048518,1.4216426500177508,-0.9699336588160979,1.5619040997612412e-15,-4.702586046189735e-16,-0.8225679286517953,1.3525266553148716,0.44893960152759455,0.5827489169975504,0.6724283902498827,1.759239949617751,1.3713658007077798
-1.9304404468478438,-1.7913191670600204,0.2763382620249336,-0.9672012242300598,-0.1610038956743085,1.8535485412442436,-0.5106405125915251,0.14105806229061174,-0.3614773273479428,-0.7216315171483594,-0.22698548262674278,0.6214647872371503
0.14924712935930304,0.19240094805408325,0.5255894084520298,1.5619040997612412e-15,-4.702586046189735e-16,-0.15211966188801823,-0.4796576634031188,-0.3333349329467322,-0.4018710540803563,0.0,-0.4915665875463087,-0.7602464854901921
0.19072766139199215,0.23196735539347307,-1.02440677358477,1.5619040997612412e-15,-4.702586046189735e-16,-0.8338988647833078,-0.4962215297248987,-0.23332539328816024,-0.025523229019500215,-0.643736279307741,-0.5700716927202922,-0.4971947999514153
0.16993977053015263,0.2121387245331422,-0.9802959063945662,1.5619040997612412e-15,-4.702586046189735e-16,-0.8272929745409998,2.639322134297114,0.4482774025776471,0.7416807065368378,0.7024759075225449,1.766935289060207,1.963783366626675
-1.053072250635454,-0.954437243496258,1.425116897828445,1.635449342789016,-0.8387179681638378,1.996041284300315,-0.08311929608401258,-0.33207607416971496,-0.36087399691350286,-0.6697646608137909,-1.0944318245020155,-0.4651894496811801
-1.3455283160395837,-1.2333978846841787,1.206467798990532,1.8816460180475767,-1.0081464862862197,0.3416342617248805,0.516842012163519,-0.06804994491443178,-0.2761724999142444,-0.43115495597322845,-0.0738363353715222,1.3854931624211178
-0.18075261949575683,-0.12237091829531724,-1.0080566725343747,1.5619040997612412e-15,-4.702586046189735e-16,-0.8326464858581311,-0.22598794160153832,-0.12042296223946188,0.1779378089413776,0.49037537383923135,-0.2058358924867431,-0.31202706156733767
0.0,-0.303529080724443,2.148052921960173,1.090299561859344,2.0415668399166607,1.9479914058279186,0.04986710004860586,-0.3222042741529845,0.0494651711711549,-0.7109704383058925,1.2542539259823433,-0.6732627485327505
0.5391885498981426,0.5643484696379772,0.5819114600341896,1.5619040997612412e-15,-4.702586046189735e-16,-0.5083515195281969,-0.527639586995891,-0.33542642169194864,-0.39250190530424994,0.0,-0.4598200455631952,-0.7649077527472589
1.7039326611869063,1.6753453082775909,-0.9333714103286029,1.5619040997612412e-15,-4.702586046189735e-16,-0.8131478562420736,-0.4054132905624901,0.0721484743757553,0.0,-0.49044174490727227,1.7507506287614714,-0.7193579151015138
-1.0855673690136907,-0.985432870294916,1.6021749058163435,2.092671739697772,-0.5845751909802641,0.15274853255753,-0.28271672305524453,-0.20263699909752647,-0.3658717158521028,-0.5457047783237182,-1.0944318245020155,-0.5610437731867658
-2.3203818673866836,-2.163266688643915,1.1066150144402942,0.24619667525856373,-0.8387179681638378,1.664662812076893,-0.42040766519476924,-0.33009444759348344,-0.1829870371759394,-0.5206278492808876,-0.8108666065372712,-0.22742937267148536
0.29514924252305774,0.33157038871037825,-1.0057628534676446,1.5619040997612412e-15,-4.702586046189735e-16,-0.8341468761033315,-0.16851497784417158,-0.11808899965971381,-0.23808748138718355,0.7873195699756502,0.19127887520496675,0.646102742418693
0.0,-1.5433541526707573,3.0328917737129983,-0.12309833762927797,-1.4317177815921758,0.8618984631156531,0.7126167214485225,-0.34969848026739925,-0.41270879285110756,-0.5374751340130618,0.24625005663148725,0.0
0.0,-0.303529080724443,1.7598191939852177,2.778505335060906,-1.9400033359593225,0.15274853255753,-0.20987216329933586,0.28359964596406556,-0.40708477005050037,-0.65666284700436,-1.0776811365209757,0.18794920888030084
0.13627781094216612,0.18003010056827237,-1.0007463015478497,1.5619040997612412e-15,-4.702586046189735e-16,-0.8346232373958647,-0.18470635961049023,-0.07269947027638793,0.00673016735156282,1.7163363630265893,-0.3531695741759931,-0.0726730594928357
-1.8004599733348972,-1.667336659865389,-0.20258934083888738,-3.2533132087738417,-0.1610038956743085,1.664662812076893,0.13692553824189316,0.0005297565889232047,-0.35398742202391853,-0.6771768701354036,1.0225360755779602,1.424661986140195
0.2142373661157757,0.2543922016513983,0.5391843864201373,1.5619040997612412e-15,-4.702586046189735e-16,-0.7071786028622501,-0.5399158985505634,-0.3508138031746125,-0.3948441924982765,0.0,-0.7863388134221772,-0.7752848325153673
-0.01322846253188043,0.03742281406079378,0.6401756513260787,1.5619040997612412e-15,-4.702586046189735e-16,0.8088779075599056,0.39845968074286625,-0.17766841348133647,-0.4048890010418905,0.0,0.5401162617240155,-0.6477852896657035
2.3264200607011585,2.2691079435641592,-0.41052193163765777,1.5619040997612412e-15,-4.702586046189735e-16,-0.3509467452220714,-0.15389410188697303,-0.3321397965208942,-0.3956099402347852,0.0,-0.2904386840025386,-0.7549146810548274
-0.42867754039945477,-0.3588553105960537,-0.9951059842662802,1.5619040997612412e-15,-4.702586046189735e-16,-0.8318834598770688,-0.1993549653483709,-0.08180004013760368,-0.23120410683215836,0.9984794092018424,0.6230581826439006,1.0632215132804494
-0.825606421987797,-0.7374678559056528,1.068841834269438,0.28136762886692884,0.7708529539987944,1.9007699735360812,-0.41421386482878486,0.1964018745240911,-0.25361786663070846,-0.6775576778558259,-0.8108666065372712,-0.11506270191177868
-0.25769483700025186,-0.19576262689200716,-1.0087009622343877,1.5619040997612412e-15,-4.702586046189735e-16,-0.8318026597067819,-0.38707565376409164,0.03895134033158667,0.3557526682999421,0.1824104459622657,-0.2159157322458906,-0.3599966700958618
-0.12945780782609348,-0.07344311256419063,-1.0254957651132464,1.5619040997612412e-15,-4.702586046189735e-16,-0.8339713825049134,-0.5144284446669458,-0.28795883129463073,-0.22548193173890826,-0.6872580958812863,-0.963043576406266,-0.5902475931907576
1.2204471014390268,1.2141702542878758,-0.9365507363431459,1.5619040997612412e-15,-4.702586046189735e-16,-0.8312645347028059,-0.47465725010353715,-0.2721949108019066,0.0,-0.6199492203276724,1.756477551387252,-0.6418953970482241
-0.5331503565836675,-0.4585072147177325,1.0111243358844404,1.5619040997612412e-15,-4.702586046189735e-16,0.4112237408917992,0.08392934548589794,-0.18244895918468834,-0.39470906054477495,0.0,0.47893636800278944,-0.7108187383339837
-0.6964408415564692,-0.6142626384425025,-1.0300644990414136,1.5619040997612412e-15,-4.702586046189735e-16,-0.8315654956882457,-0.4724791394070076,-0.2577065045895958,0.055966531612457834,-0.5319058695447318,-0.3292994370005891,-0.449311944282378
0.604178786654616,0.6263397232352931,0.3915817684806846,1.5619040997612412e-15,-4.702586046189735e-16,0.618335286031438,-0.569362998815693,-0.36366151975237077,-0.4004746905608404,0.0,-0.5123055345704531,-0.783756641446462
0.8316446153022728,0.8433091108258983,0.07501299579475273,1.5619040997612412e-15,-4.702586046189735e-16,1.0491272999218866,-0.6016986429760395,-0.3727744349993853,-0.4016458341578537,0.0,-1.0417868051330335,-0.7584889100669002
0.40920807638519585,0.4403659624433457,0.801373247233639,1.5619040997612412e-15,-4.702586046189735e-16,0.2621034283912593,-0.5343795227513974,-0.324595497832792,-0.398853107118822,0.0,-0.6205070024098838,-0.7718966997245844
-0.30568452793601064,-0.24153782712712724,1.5967653359016125,3.007116533515286,-1.685860558775749,0.672184287767744,-0.3863266630779309,0.10328053749313633,-0.37956038542212966,-0.7198844970421943,-1.0553468858795894,-0.6326169706764527
-1.0556141260288903,-0.9568618237100176,-0.9970481239760097,1.5619040997612412e-15,-4.702586046189735e-16,-0.8313753733043266,0.03176687427770184,0.3048135892668344,-0.18646804355022042,1.3499228131439238,0.8250511375799904,1.3865068199721489
1.4635690163805923,1.4460732759783828,-0.9139539715062489,1.5619040997612412e-15,-4.702586046189735e-16,-0.8126525369445493,-0.5938710773606567,0.3449743871513318,0.0,-0.5288481786921486,1.7502789995812846,-0.7956140518934454
2.2402194120566206,2.1868850353695,-0.9506575232815349,1.5619040997612412e-15,-4.702586046189735e-16,-0.8148559573220963,0.7805144410865757,0.24299576925143127,0.6698020079041447,0.14080131814431138,1.7611938407961656,-0.05878913940368255
0.27922760287224907,0.31638345524871414,0.6887291440693197,1.5619040997612412e-15,-4.702586046189735e-16,-0.6243339848063946,-0.5553214659917212,-0.3539510362924372,-0.4049340450263911,0.0,-0.587763395665994,-0.7708362466540604
-0.19099973410952864,-0.13214517843601165,-0.9715586476938707,1.5619040997612412e-15,-4.702586046189735e-16,-0.8220125706583189,3.987794706804745,0.5707841836682466,1.4934520293224078,1.0227004155847987,1.761530718668063,2.8781407024114434
0.7016641417893261,0.7193266036312667,0.5799693203244597,1.5619040997612412e-15,-4.702586046189735e-16,0.18754327214098931,-0.5870954488391087,-0.3434188965397401,-0.3987179751653205,0.0,-0.6705995359912789,-0.7567017955608638
-0.5656454749619042,-0.4895028415163904,0.8965380930103916,1.5619040997612412e-15,-4.702586046189735e-16,-0.002999349387478331,0.6820184064566739,-0.2369023625869309,-0.4001143386848363,0.0,-0.2055286489748395,-0.761171058780092
-2.1579062754955003,-2.0082885546506253,0.8470194055791215,-3.9919032345495253,-0.1610038956743085,1.996041284300315,-0.19470383188805504,-0.37044045243845003,-0.35700174898059434,-0.47573407266133616,0.6129418718511075,-0.0605630942483563
0.2467324844940124,0.2853878284500562,0.5527793643882449,1.5619040997612412e-15,-4.702586046189735e-16,0.49406835894765466,1.1948954225185469,-0.15413916509765138,-0.38421381215615585,0.0,0.728043027835109,-0.7835144209679579
0.0,-1.2333978846841787,1.1075845111619942,0.7034190721673198,3.3969949848957195,0.8138485846432568,0.09984107038764384,0.1546354309447117,-0.22718221931885682,-0.262915067873573,-0.44394677457163856,1.3424842579452678
0.8316446153022728,0.8433091108258983,0.37604465080284744,1.5619040997612412e-15,-4.702586046189735e-16,-0.6243339848063946,-0.5464151223148018,-0.36366151975237077,-0.40434847322788436,0.0,-1.0403111492870847,-0.7298891701537698
-0.25504867502340434,-0.19323857241316286,-0.9970481239760097,1.5619040997612412e-15,-4.702586046189735e-16,-0.8316523314700432,-0.3727504413769865,-0.15013922566398064,0.31219287092684694,0.05611297136949754,-0.28082586618673144,-0.39148663645189785
-2.6128379327908138,-2.4422273298318355,-0.11671691847735015,-2.725748904648354,-0.1610038956743085,1.9007699735360812,-0.38991225538156093,-0.027300925530825814,-0.3929671105944007,-0.16175619795962629,-0.19747236570776797,0.8997820248549093
-0.5656454749619042,-0.4895028415163904,1.959772762673787,1.2133978994886252,0.7708529539987944,1.7591056766605682,-0.45019854984440383,-0.22005020830608316,-0.4039214801776797,-0.7182286815329507,-1.0756870069994233,-0.5196595182618581
3.7097869643443007,3.588639196592464,-0.9988890756820809,1.5619040997612412e-15,-4.702586046189735e-16,-0.8172364918796263,-0.5753108407842984,-0.31192683981375163,-0.36988343586605577,-0.6806085281112092,1.7546380307157645,-0.1988767552754938
0.604178786654616,0.6263397232352931,0.6906712837790494,1.5619040997612412e-15,-4.702586046189735e-16,-0.18525750911036043,-0.508382627694444,-0.3490210985358556,-0.40227644994086087,0.0,-0.16740089252275853,-0.7625771191187254
-0.05251559032159844,-5.1403967500698666e-05,-1.0096189807951554,1.5619040997612412e-15,-4.702586046189735e-16,-0.8317580576142014,-0.2045104593542602,0.08262139997379384,0.3246346135760437,0.8186698968360897,-0.16840050498341141,-0.376049673093065
2.454576495482716,2.3913505825383905,-0.9875965808601623,1.5619040997612412e-15,-4.702586046189735e-16,-0.8140034077484483,-0.1548500968618913,-0.18610906448881712,-0.20855568994591303,-0.5312555465530878,1.7574881850029445,-0.08732059854548596
-1.2351459636231998,-1.1281091406693977,-0.9964396842328985,1.5619040997612412e-15,-4.702586046189735e-16,-0.8319941419768218,1.175262877890004,0.8972682778048567,-0.22978088601706004,2.0852908748727517,0.8349240883954064,1.688639372062113
-0.5331503565836675,-0.4585072147177325,1.0057141503114218,1.3716671907262714,-1.9400033359593225,0.672184287767744,-0.1875232575874396,-0.37670749437457807,-0.3900357872555063,-0.7161979575304667,-1.0944318245020155,0.0
0.44170319476343256,0.47136158924200355,0.7780675707168835,1.5619040997612412e-15,-4.702586046189735e-16,-0.6077650611952234,-0.5601357058170828,-0.2725323672822254,-0.3903397940482254,0.0,-0.7823904369695035,-0.7343554794647233
0.2142373661157757,0.2543922016513983,0.07862355082037877,-1.0551286082509743,-1.9400033359593225,1.3341127860340292,0.03110128179135849,-0.21835319988425564,-0.14219147904414245,-0.4801489730671902,-0.22219957177501717,-0.4251639925625149
0.0,-0.303529080724443,1.1524789855021487,2.057500786089407,-2.363574631265278,1.003562759991166,-0.4924882308465761,0.1292406858226771,-0.4128807007630566,-0.6719987712443831,-1.0944318245020155,0.0
-0.6306357117183768,-0.5514940951137055,0.40711888615852176,1.5619040997612412e-15,-4.702586046189735e-16,0.09641419227954827,0.1272575039141538,-0.3183210315971427,-0.38745697904019266,0.0,-0.465483373404404,-0.7811306169904846
-0.5006552382054308,-0.4275115879190746,1.3398620044238605,0.6506626417547705,-0.1610038956743085,1.664662812076893,0.02259335585651717,-0.24628042788823679,-0.41443497912308247,-0.6871262496599152,-1.0868541323201166,-0.5083165104880076
0.7991494969240361,0.8123134840272404,0.5469529452590558,1.5619040997612412e-15,-4.702586046189735e-16,0.2869568138080159,-0.45398171766785606,-0.30465165872662087,-0.4000242507158353,0.0,-0.725916688919141,-0.7322700202229686
0.2142373661157757,0.2543922016513983,0.7081505411666161,1.5619040997612412e-15,-4.702586046189735e-16,-0.03613719660982053,1.1507648907860641,-0.16018954325345613,-0.3997089428243317,0.0,0.1632656647410524,-0.7173734607949666
-1.313033197661347,-1.202402257885521,0.4624004684364989,-3.3939970232073056,4.24413757550763,1.9479914058279186,-0.468308565211518,-0.35505276088511006,-0.39947702162717585,-0.1492448794665608,1.499133031228972,3.9839576541979618
0.18174224773753972,0.22339657485274114,0.7003819823276977,1.5619040997612412e-15,-4.702586046189735e-16,-0.3758001306388281,-0.5568459752697523,-0.3570882694102619,-0.3984026672738169,0.0,-0.7705054250210516,-0.7831215511674573
-1.7679648549566604,-1.636341033066731,0.3970122979671627,-1.125470515467706,0.9402814721211759,1.8535485412442436,0.10637007969320704,0.11916223434825722,-0.4048452924538765,-0.5928284658579609,0.01988775214143818,0.5069417634371023
-0.6631308300966136,-0.5824897219123634,0.5997189547640323,-0.12309833762927797,-1.2622892634697933,-0.03613719660982053,0.01623050899544098,-0.3792734214762108,-0.3930595679941008,-0.710566328329878,-0.7311014256751771,0.0493813717263093
0.37671295800695914,0.4093703356446878,0.731456217683372,1.5619040997612412e-15,-4.702586046189735e-16,0.13783650130747602,1.5507479829432034,-0.15764987834855046,-0.39146589366073814,0.0,0.487790303078482,-0.7450811204092159
0.2903997235257763,0.3270400369018596,-1.0106431019441173,1.5619040997612412e-15,-4.702586046189735e-16,-0.8324263411314032,-0.44642416046632377,-0.2886209303759907,0.018091799035190294,-0.6057552396609791,-0.5963705452486173,-0.46856352157318587
0.7275046141204898,0.7439746639138911,-1.0066725365589921,1.5619040997612412e-15,-4.702586046189735e-16,-0.8156364604606019,1.3339664184175644,0.30987784982554045,0.24332172895978307,0.32730545708983977,1.7628108545015089,0.6173618219365398
-1.0855673690136907,-0.985432870294916,-0.003359174911407011,-3.3588260695989387,-1.0081464862862197,1.9479914058279186,-0.44910698186413683,-0.11779161931568247,-0.21732510784246886,-0.6583244777601179,0.38122402144672424,0.9265148947385935
-1.1180624873919272,-1.0164284970935737,2.391985669502216,0.24619667525856373,-3.0412887037548075,1.4285556506177048,-0.3796180634501597,-0.327546873962915,-0.349560732645136,-0.6420458083133487,-1.0944318245020155,0.5820891899388618
0.0,-1.5433541526707573,0.22820033707237017,0.1758547680418319,-1.2622892634697933,0.7666271523514193,0.04350796913877626,0.7978418653016822,-0.3134062453310736,-0.7157738866654042,-0.650538593004462,1.9724938147178817
0.18174224773753972,0.22339657485274114,0.7702990118779647,1.5619040997612412e-15,-4.702586046189735e-16,-0.08584396744333384,-0.5467360716364926,-0.3350529415588743,-0.3856101756756717,0.0,-0.9813646806299972,-0.767129091769638
0.6366739050328527,0.6573353500339509,0.6285228130677007,1.5619040997612412e-15,-4.702586046189735e-16,0.09641419227954827,-0.5601357058170828,-0.3431201124332806,-0.39137580569173713,0.0,-0.6942100295264586,-0.7829088697716976
0.04532451077093471,0.09327385258667097,-1.025923549156912,1.5619040997612412e-15,-4.702586046189735e-16,-0.8339763759311289,-0.5295158880150305,-0.29686380311160115,-0.23307935083336104,-0.7432863320635829,-0.5772986901056647,-0.5300935637965702
-0.4356650014489574,-0.3655203343217588,1.1123313938756696,0.9144447938175153,0.2625673996316471,1.6174413797850555,0.7883922938360304,-0.38711334046827794,-0.39816543671067717,-0.7200602398008563,-1.0389950238028602,-0.35155259836346414
2.513091251276806,2.4471651671075896,-1.001173480226568,1.5619040997612412e-15,-4.702586046189735e-16,-0.8282025608778735,-0.4917897761987101,-0.31391343626770524,-0.2361091911184748,-0.6652211106271967,1.753176148721247,-0.27941866755542005
-0.04572358091011712,0.006427187262135889,0.3954660479001438,1.5619040997612412e-15,-4.702586046189735e-16,0.22896558116891708,0.11618475231582169,-0.20500715922238005,-0.4032674175998721,0.0,0.20330778553382345,-0.694167557390964
-2.1579062754955003,-2.0082885546506253,-0.01829376277726959,-2.989531056711097,-0.8387179681638378,2.09048414888399,-0.26590326150687077,-0.36963453469559904,-0.24662646651099854,-0.07782008061141064,-1.0102795586925062,1.1397575330704341
-0.5103279788552846,-0.43673797865916403,-1.0229069503675121,1.5619040997612412e-15,-4.702586046189735e-16,-0.8340925889695482,-0.540303574552126,-0.12282308473329534,0.19841656731686338,0.3359847839442592,-0.2918496534774154,-0.3320737585948722
0.5716836682763793,0.5953440964366351,0.5236472687423002,1.5619040997612412e-15,-4.702586046189735e-16,-0.33437782161090035,-0.5511491248097409,-0.3539510362924372,-0.3923667733507484,0.0,-0.5123055345704531,-0.7608845296774711
-0.2315131106844144,-0.17078905983543027,-1.024359463644083,1.5619040997612412e-15,-4.702586046189735e-16,-0.8339727053677747,-0.5802700343057359,-0.3153358458493106,-0.3182564124869708,-0.7459125152593263,-0.9737429987883871,-0.611743431743537
-1.0855673690136907,-0.985432870294916,0.9781079608190365,1.5619040997612412e-15,-4.702586046189735e-16,0.21239665755774598,1.716759019587762,-0.18073095057254626,-0.3943036646842704,0.0,0.1545313774366531,-0.7367392834421967
2.9081151097997364,2.82396059689568,-0.976457164713309,1.5619040997612412e-15,-4.702586046189735e-16,-0.811208606151569,-0.1477115442954901,-0.18677126328937257,-0.21262881620777155,-0.3392902491123225,1.7549279133360536,-0.18148083793223058
0.7341592601675628,0.7503222304299246,0.5707651945432218,2.655406997431625,-0.5845751909802641,0.5305199908922311,0.16622777385833623,0.5243695606746146,-0.4122049281828898,-0.707726771979389,-0.8080748252070978,-0.3961270742247673
2.0286205987657793,1.9850504775919111,-0.9754994418251713,1.5619040997612412e-15,-4.702586046189735e-16,-0.8227150234796602,0.3783997768473996,0.09466323411751282,0.4190252146064645,-0.0722061578867226,1.7580945650925952,0.7678709812807606
1.1767087988328815,1.1724502614998265,-0.9943320417861669,1.5619040997612412e-15,-4.702586046189735e-16,-0.8259511095352803,1.236882104252692,0.21054802720255786,0.48132008663468145,-0.0878317583676526,1.7577576872206977,1.261819043330759
-0.14940579086418757,-0.0924705932595317,-1.000932403395469,1.5619040997612412e-15,-4.702586046189735e-16,-0.8318488911790258,0.029093549048181667,0.38555556732688706,-0.28983106639123607,0.7307753469717502,0.7316532398035179,1.2223168373883566
-0.36673380547824874,-0.29976997759974167,-1.006758822524658,1.5619040997612412e-15,-4.702586046189735e-16,-0.8319335906135197,-0.4624834362021039,-0.26853720241857587,-0.09040740702036938,-0.6258096722425652,-0.6345110465812964,-0.5346107189374253
0.0,-1.5433541526707573,0.12392019762520484,0.33412405927947814,3.3969949848957195,0.294412829433043,0.16579720477724597,0.1128865272622138,-0.3921141214254739,-0.30017543215710457,0.08250341911818218,-0.2873937106426222
-0.4356650014489574,-0.3655203343217588,0.3721603713833881,1.5619040997612412e-15,-4.702586046189735e-16,0.19582773394657488,-0.5053336091383815,-0.3346794614257999,-0.38056524941161446,0.0,-0.8831338603983283,-0.761171058780092
1.838993285027609,1.8041735415842914,0.48286233483797775,1.5619040997612412e-15,-4.702586046189735e-16,0.16268988672423268,-0.5667954042421666,-0.29807840838451205,-0.3824570967606359,0.0,-0.7185384096893973,-0.7632565180218467
2.80172464294711,2.722479532351919,-0.9739608051400286,1.5619040997612412e-15,-4.702586046189735e-16,-0.8186564071942257,-0.109877215902181,-0.3298062078843946,-0.19386048936258782,-0.6361532801023679,1.7536815772003465,-0.6777063086440583
-1.7679648549566604,-1.636341033066731,0.6052171365509452,-3.9567322809411603,2.2957096171002345,0.9563413276993284,-0.4794935064104683,-0.2588767663422187,-0.4079531636990765,-0.7284416336062361,0.7230178214407972,0.838961053484185
-0.5331503565836675,-0.4585072147177325,1.0346571029131755,1.1958124226844427,1.1944242493047497,1.7118842443687305,-0.4370322437345122,0.09911447962378007,-0.3897217338840151,-0.6641242670184959,-1.0697046184347663,-0.35545175728572526
0.5716836682763793,0.5953440964366351,0.6207542542287824,1.5619040997612412e-15,-4.702586046189735e-16,-0.30123997438855815,-0.5099071369724751,-0.36366151975237077,-0.3948441924982765,0.0,-0.5123055345704531,-0.7630024819102448
0.0,0.0,-1.0048166828149283,1.5619040997612412e-15,-4.702586046189735e-16,-0.8323923555186353,-0.4564264321398078,-0.32876917673606454,-0.012924499571006096,-0.6396243295530093,-0.7068219485874428,-0.5317314296057575
-0.273189409557774,-0.21054220032846935,1.1295948581779485,-0.19344024484600977,-2.363574631265278,1.2868913537421918,-0.43606420329083884,-0.14887015675431184,-0.3833113665660772,-0.720738812168663,-0.6150430875208303,1.0997616150345135
1.676517693136426,1.6491954075910027,-0.49014965973657315,1.5619040997612412e-15,-4.702586046189735e-16,-0.5994805993896379,0.6356412294723556,-0.21807896387998285,-0.38056524941161446,0.0,-0.18243662911526332,-0.7641485983207277
0.0,-0.303529080724443,1.5941546767452792,2.3564538917605153,0.2625673996316471,1.0507841922830035,-0.30070157693276833,0.1576538318718033,-0.4132942563954063,-0.7114857516837334,-1.0944318245020155,0.0
-0.28880418805720104,-0.22543643278758535,-1.0302142143189295,1.5619040997612412e-15,-4.702586046189735e-16,-0.8317145762767518,-0.5646385050782838,-0.36824326833751897,-0.30704363112754446,-0.5531283280814525,-0.8357666577690599,-0.5980279687601082
-0.6623539043113084,-0.5817486474712342,-0.9931638445565506,1.5619040997612412e-15,-4.702586046189735e-16,-0.8309086141752404,0.01862142931205881,0.40703520902747864,-0.2587643355490252,0.915941611701737,0.8842198065061019,1.5737976091528383
-0.728121066853087,-0.6444809755096792,1.341990931362313,1.7585476804182956,0.9402814721211759,1.9479914058279186,-0.4158225839072307,-0.3564678833837951,-0.014469817961811095,-0.7060082362239515,-1.0892470877459792,-0.5353743102818801
-0.1757040544230639,-0.11755531993249568,1.545795397973011,1.7233767268099305,-1.4317177815921758,2.1849270134676657,-0.27120095652278836,0.35252548833188174,-0.4094902352930584,-0.710338441213165,-1.0944318245020155,0.5516343956293829
0.22227804269459445,0.262061840135088,-1.0153113643175613,1.5619040997612412e-15,-4.702586046189735e-16,-0.8347103288278692,-0.5347612748870211,-0.14800064884237027,0.06721118848264794,-0.5582124445655475,-0.7541080326999081,-0.4248994242909605
-0.11071381766659051,-0.05556406633517989,0.6099653362295578,-0.7913464561882295,0.7708529539987944,1.9479914058279186,-0.2883522678619972,-0.27331059366180255,-0.41421115490645727,-0.6463614946357956,-0.49300236080182636,0.45489389964146504
-0.8581015403660337,-0.7684634827043108,0.7276747798053201,-2.0926717396977677,-0.8387179681638378,1.8063271089524056,-0.36480204436781066,-0.3736983653756349,-0.29930121121284997,-0.7155629625215425,-0.5356767325630467,0.46783201788351336
-0.8361863191088803,-0.7475595422603922,-0.9951059842662802,1.5619040997612412e-15,-4.702586046189735e-16,-0.8304807658874478,2.387076805082869,1.112872290323486,1.4304623011318087,0.5645574604843346,0.264720618709199,1.108853117588514
-0.6794521759510339,-0.5980579170814646,-0.9970481239760097,1.5619040997612412e-15,-4.702586046189735e-16,-0.8320115116019507,-0.05999351929980433,0.03870036780723491,0.24054887307451378,3.019161035717547,0.21357744169621662,0.2575612747643776
0.5886695522996814,0.611546164572019,-0.9912217048468208,1.5619040997612412e-15,-4.702586046189735e-16,-0.8313714594428981,0.14519977038428375,0.26759388580607574,-0.30072997207769003,1.3685488710164182,0.909807161996481,1.6843682440127379
1.254081154219349,1.2462522592084502,0.34885469486663234,1.5619040997612412e-15,-4.702586046189735e-16,-0.6988941410566646,-0.584126667613469,-0.3619435111402286,-0.4047088251038885,0.0,-0.8667819983215991,-0.7748742392652201
0.8365944732033793,0.8480305568727555,-1.0106431019441173,1.5619040997612412e-15,-4.702586046189735e-16,-0.832861531399204,-0.5498818802836506,-0.3418698224408349,-0.2443829995578522,-0.6883142658849661,-0.8199377930108712,-0.5700868848744924
1.584735936421165,1.561648932303295,-0.9910820642248355,1.5619040997612412e-15,-4.702586046189735e-16,-0.8166270990473663,0.854255688234146,0.5522426168045178,1.0691281113190096,0.8888463035008404,1.7631477323734064,1.6797584432903185
2.643025532978979,2.5711036140187273,-0.9811555018970141,1.5619040997612412e-15,-4.702586046189735e-16,-0.8153542785523472,0.35127327738392955,-0.07353526548124534,0.48132008663468145,-0.15040103286071171,1.7613285921044548,0.2835145497670531
0.604178786654616,0.6263397232352931,0.5255894084520298,1.5619040997612412e-15,-4.702586046189735e-16,-0.20182643272153153,-0.1103252314674491,-0.2785827454380302,-0.3961955120332919,0.0,0.17168089132200315,-0.6856957484598694
0.3250712154554428,0.3601116082036084,-1.0285653035237101,1.5619040997612412e-15,-4.702586046189735e-16,-0.8341143047310385,-0.5718794185895606,-0.29445271576393284,-0.217467837590056,-0.6649773771734874,-0.9538031570141068,-0.6079592508060284
-0.2265958096424106,-0.16609866830706213,-1.0100413120873721,1.5619040997612412e-15,-4.702586046189735e-16,-0.8318850545531218,-0.49806253274566237,-0.3235974466416197,-0.13140013276217763,-0.4455295755384318,-0.8181742864429682,-0.5680447428366201
0.0665616498938662,0.11353100108705691,-1.0323220290334534,1.5619040997612412e-15,-4.702586046189735e-16,-0.8318266405975346,-0.5579280614682798,-0.35213712841715655,-0.3929466209642091,-0.4843675532372613,-0.8920055074121964,-0.6122062140542953
0.007328355543171682,0.057031035018959605,-1.0106431019441173,1.5619040997612412e-15,-4.702586046189735e-16,-0.8310279361733481,0.5701240703882402,0.33515467016417333,-0.11521603800010002,0.8647537351223383,0.012499338346640061,0.0351299621119404
-0.9944203134496175,-0.8984918077889653,-1.0056437183451423,1.5619040997612412e-15,-4.702586046189735e-16,-0.8334246779631714,-0.4608848411490615,0.011000975905625827,0.27348453590437927,1.8720787334380526,0.7931850590980112,-0.09914455162129272
-0.29035691854622714,-0.2269175123207186,-1.0213248703476303,1.5619040997612412e-15,-4.702586046189735e-16,-0.8332857445811389,-0.5602347842527708,-0.21949467707484632,0.048390576201839494,-0.5944911120059122,-0.779236091345183,-0.5260106132922551
-1.351837919171181,-1.2394163303361758,-0.9656710070772538,1.5619040997612412e-15,-4.702586046189735e-16,-0.7977239135826755,4.765611390498559,1.3578736987141948,3.247771468191228,1.2309377366417602,1.766449135039411,5.795705392116518
-0.7931113036095603,-0.7064722291069949,1.4082709488945444,1.7233767268099305,-1.4317177815921758,-0.0833586289016582,0.07721463787158561,0.46744639216221223,-0.35417020236006036,-0.6578305642522804,-1.0776811365209757,-0.45242856593559827
-1.5080039079307672,-1.3883760186774683,0.9558563573240599,-0.24619667525855904,-2.1094318540817047,1.9007699735360812,-0.4378225357038974,-0.0005396307941172473,-0.046750364144092005,-0.569968548859097,-0.999910085180434,-0.04570493562792198
1.1475499315119555,1.144636934007648,-1.067762696111287,1.5619040997612412e-15,-4.702586046189735e-16,-0.8036017025501415,3.0819123906859174,0.5999209322372149,0.42221982362476995,0.751446136548166,1.7693947407290955,4.681544470641207
-0.37067476469248406,-0.303529080724443,1.015479657984818,1.9168169716559433,-1.9400033359593225,0.8618984631156531,-0.4827227166675302,0.08916937131309559,-0.40987914276249693,-0.6843673846101305,-1.0944318245020155,0.0
-0.4334270593967362,-0.3633856624045724,-1.000932403395469,1.5619040997612412e-15,-4.702586046189735e-16,-0.830450257752083,0.043621935514839366,0.2672653624476679,0.3866829774442433,2.7476503614059826,0.3345659711579103,0.14013503027892465
-2.038764675448576,-1.8946447596576308,-0.9951059842662802,1.5619040997612412e-15,-4.702586046189735e-16,-0.826153464407554,2.3358944823722188,1.4323482501162346,1.5147521467376668,1.1520713696730374,1.4841768388677785,1.0470784287826815
0.9830387511697161,0.987717144064373,-0.9370452981417351,1.5619040997612412e-15,-4.702586046189735e-16,-0.8267015933216677,-0.5224855521058555,-0.3152378339061641,0.0,-0.5174800525950322,1.7510875062345432,-0.8057055742057053
-1.9304404468478438,-1.7913191670600204,0.271868473705916,-1.6354493427890113,-0.3304324137966909,1.7118842443687305,-0.4165137351125696,0.5890105392753427,-0.3786806774588639,-0.28014124438713944,-0.14083908729568123,0.343886026688001
0.506693431519906,0.5333528428393194,0.6537706292941863,1.5619040997612412e-15,-4.702586046189735e-16,-0.1604041236936038,0.05392058390780966,-0.2684240858184074,-0.3899794421722213,0.0,-0.1168297678561909,-0.6844255679018602
-1.0205771322572172,-0.9234416166976002,0.9524148236099486,-0.12309833762927797,-0.5845751909802641,1.8063271089524056,-0.49369561499432185,-0.11320987417402105,-0.3491482900136081,-0.7262219398749339,-0.739476769665697,-0.312117922899687
1.8779007723493137,1.841285637704697,-0.9365742869234801,1.5619040997612412e-15,-4.702586046189735e-16,-0.8208238043459172,-0.5553228937026837,-0.3635783475791965,0.0,-0.39800327667563584,1.749672619491634,-0.7914490566077804
0.0,-0.9234416166976002,0.39408988440827,-2.163013646914499,1.363852767427132,1.8063271089524056,-0.41188206169223857,-0.046165954723679174,-0.3995648613833445,-0.7259959967752517,-0.5165330891561442,-0.09379456233580898
0.0,-1.5433541526707573,0.049985105526857566,0.10551286082510009,0.7708529539987944,0.5777414231840687,-0.14493223341573996,0.7471237412847538,-0.344396176179711,-0.6983895975970418,-0.5233131295294222,2.94580659114594
-0.03470489245703675,0.016937416864225837,-1.028215649818427,1.5619040997612412e-15,-4.702586046189735e-16,-0.8312130987908198,-0.5002125594939334,-0.32399851594633394,-0.15037436102074733,-0.47471768437749673,-0.6626860730781926,-0.5582635502584611
-0.9555868955007438,-0.8614503631002844,3.207684347588666,0.9847867010342471,3.8205662802016755,1.0980056245748413,-0.013287231413019218,-0.3666036880211272,-0.40853316217385016,-0.714054340445749,0.6908201252017724,0.0
-1.6704794998219503,-1.5433541526707573,0.58440099492853,1.6882057732015654,-0.1610038956743085,0.38885569401671827,0.011313985188850956,-0.14520533349974998,-0.32090496719976774,-0.4615671117172273,-0.2800293279000354,0.7720254919853691
1.2421192332146156,1.2348423226468384,-0.9532363099830918,1.5619040997612412e-15,-4.702586046189735e-16,-0.8085819129199244,1.3668037601267249,0.9714144684617385,1.0126634006703732,0.14142545018185937,1.767931397436465,1.9669257428153586
0.604178786654616,0.6263397232352931,0.7605883133293168,1.5619040997612412e-15,-4.702586046189735e-16,0.33666358464152923,-0.5347004720730882,-0.30226138587494494,-0.3947541045292755,0.0,-0.8231105617996025,-0.7015848210680834
-0.1432089360448272,-0.08655969313383778,-0.2260186592133418,1.5619040997612412e-15,-4.702586046189735e-16,-0.1604041236936038,-0.5511491248097409,-0.3427466323002062,-0.39894319508782305,0.0,-0.37770179186566943,-0.7736838142306208
0.2467324844940124,0.2853878284500562,0.8071996663628278,1.5619040997612412e-15,-4.702586046189735e-16,-0.33437782161090035,-0.5513095994705863,-0.3727744349993853,-0.39763691953730823,0.0,-0.7441829153365606,-0.7769803758648961
0.3117227212504858,0.347379082047372,0.5100522907741927,1.5619040997612412e-15,-4.702586046189735e-16,0.03013849783486387,-0.43873662488754384,-0.3141380541067098,-0.39822249133581483,0.0,-0.6455532692005812,-0.7772580432426934
1.7711162696912333,1.739428720190376,-0.9616085349799292,1.5619040997612412e-15,-4.702586046189735e-16,-0.8360976502530085,-0.45609701352717896,-0.27285710960246207,0.0,-0.5855104854626924,1.7536477779014341,-0.6410461695397667
2.5410680046823457,2.4738509294889615,-0.9437336579070713,1.5619040997612412e-15,-4.702586046189735e-16,-0.8085368838958893,-0.23837116145550338,0.08737904716201081,0.053402233879824346,-0.32259470712529426,1.7630129810651167,1.0630813727825303
-0.036590730404559006,0.015138601160778666,-1.0116481252564575,1.5619040997612412e-15,-4.702586046189735e-16,-0.8327219247720985,-0.45968230205227606,-0.2654593279922212,0.1646917568509811,-0.4242899852592651,-0.7540408070043034,-0.4975984379291395
-0.30211866312272717,-0.2381365096221255,-0.9528123997312912,1.5619040997612412e-15,-4.702586046189735e-16,-0.8177047937577591,5.370960644470554,1.0175035064145617,3.6163494617755783,1.9387484722453954,1.7639562390266648,3.54658403827594
-0.8581015403660337,-0.7684634827043108,1.7032056019848112,-2.848847242277633,0.09313888150926468,1.7591056766605682,-0.4748147432254214,0.34316903453317216,-0.4108345528397799,-0.25695553011121236,-0.024381923237023876,-0.40487064271711043
0.0,-1.5433541526707573,-0.003856505230152366,0.49239335051712435,-1.2622892634697933,0.7194057200595816,0.36182625476527663,0.033582639757981855,-0.16114404848833686,-0.7245821624594482,-0.8515468487769391,2.7453248365596807
0.0,-0.303529080724443,1.518022800123877,0.7034190721673198,-1.0081464862862197,1.8535485412442436,-0.4835210682360444,-0.1882778359093541,-0.2661694648015043,-0.14268875590453053,-0.19428175847328427,-0.5415479785754602
-1.5115680017600988,-1.3917756469208091,-0.985395285717632,1.5619040997612412e-15,-4.702586046189735e-16,-0.826821838092838,1.8045992181953276,1.3619069764037681,0.4399412090837788,6.571288729057652,2.115668065937511,1.9957833849152404
-3.2578033982581376,-3.05743077771454,-0.9310281294303876,1.5619040997612412e-15,-4.702586046189735e-16,-0.797117522683142,5.173936595017965,5.577669443294572,10.965706804861833,7.992687577970657,1.7790959116439622,1.9361436303608515
0.5391885498981426,0.5643484696379772,1.2152944005847963,1.0727140850551615,-1.4317177815921758,1.8535485412442436,-0.34666287332241547,0.1902804496907478,-0.41377188210933885,-0.7215346677754838,-1.0816693955640804,-0.47543951139348767
-1.702974618200187,-1.5743497794694152,3.265948538880555,0.28136762886692884,-1.2622892634697933,1.0980056245748413,-0.2212077768051858,-0.3369172146642637,-0.4060531960187228,-0.48066497554733073,0.9399817591967421,0.0
-0.5656454749619042,-0.4895028415163904,1.3238088291509127,0.15826929123764935,-1.9400033359593225,1.3813342183258672,-0.37633595424565935,0.2569922011394552,-0.32605149255819704,-0.6492621231835134,-1.0944318245020155,-0.3885059908767115
2.510332981141554,2.44453417771629,-0.9483613435439877,1.5619040997612412e-15,-4.702586046189735e-16,-0.8174556331426335,-0.4860789341937316,-0.2589509344173174,0.0,0.0,1.7536477779014341,-0.40261339775809224
0.40920807638519585,0.4403659624433457,0.5586057835174337,1.5619040997612412e-15,-4.702586046189735e-16,-0.2598176653606304,-0.5870152115086861,-0.3584327978893296,-0.404753869088389,0.0,-0.8231105617996025,-0.788627636191014
-0.6010851027473539,-0.5233071029422186,-1.0240701343518959,1.5619040997612412e-15,-4.702586046189735e-16,-0.8336333349829453,-0.5367127160879545,-0.10194181975541483,0.1719921944242443,0.5349341423910876,-0.3968449742298266,-0.3308780416335992
-0.48506112335178014,-0.41263706557903956,-1.0281223593316842,1.5619040997612412e-15,-4.702586046189735e-16,-0.8317309538707176,-0.5217900467415438,-0.3206257978156638,-0.3256083052901804,-0.6990311252981799,-0.5257128809486944,-0.541451266525609
0.37671295800695914,0.4093703356446878,0.5780271806147301,1.5619040997612412e-15,-4.702586046189735e-16,1.1154029943665709,-0.45141412309432977,-0.3133910938405611,-0.3868263632571855,0.0,-0.42324771013792517,-0.7659652519095085
1.266155599320003,1.2577695274265406,-0.9531892088224236,1.5619040997612412e-15,-4.702586046189735e-16,-0.8047094166126525,2.2691167996414023,0.6303820772121578,1.2438732145755074,0.2756139190807204,1.763484610245304,2.1094390727152406
-0.24819579575617687,-0.18670192017540696,-1.018936082979662,1.5619040997612412e-15,-4.702586046189735e-16,-0.8327246971506729,-0.4007727197850632,-0.1760583392831244,0.2200789081856822,-0.40336117423626927,-0.6090812711939694,-0.504348880355953
-0.33817964631424735,-0.27253345392578515,0.4692673568698702,1.5619040997612412e-15,-4.702586046189735e-16,-0.18525750911036043,-0.12845886814297838,-0.34745248197694323,-0.39529463234328166,0.0,-0.5645118454446937,-0.792452947406414
-0.6306357117183768,-0.5514940951137055,0.8480271537134744,-1.7057912500057433,-1.2622892634697933,1.9007699735360812,-0.20894337800672388,-0.11933686886598095,-0.18817766005466693,-0.7163689442980132,-0.4267972606862883,0.28463062670272987
-0.04030254054301389,0.011598072997136836,-1.0227275267614986,1.5619040997612412e-15,-4.702586046189735e-16,-0.8327092121826132,-0.451440508338066,-0.2016770096476655,0.2987868730527673,-0.010408362989060555,-0.48042549199708623,-0.4451510767671629
0.18970990778536187,0.23099656616301353,-1.0126304076665085,1.5619040997612412e-15,-4.702586046189735e-16,-0.8309015524999973,-0.3982506007616392,-0.2830118629186769,0.16110443365556731,-0.27830302870158447,-0.4607142610997678,-0.5302993162392297
0.18174224773753972,0.22339657485274114,0.47509377599905916,1.5619040997612412e-15,-4.702586046189735e-16,0.33666358464152923,-0.5477791569319878,-0.34692960979063914,-0.40051973454534096,0.0,-0.8473192941912481,-0.7468711888235267
0.9371332353860128,0.9439299444404283,-0.9871962213829097,1.5619040997612412e-15,-4.702586046189735e-16,-0.8303639541723963,0.8699605040086085,0.11982678921088416,0.14596602476868462,-0.1862886464929087,1.7632461115568743,0.9629682827429165
1.0916055623281657,1.0912741252151608,0.4867466142574369,1.5619040997612412e-15,-4.702586046189735e-16,-0.6491873702231512,-0.5448906130367707,-0.3266869865780085,-0.39570002820378625,0.0,-0.5673833919557291,-0.7634248907934899
0.29485005671863723,0.33128500887488005,-0.9721238612334624,1.5619040997612412e-15,-4.702586046189735e-16,-0.8096145785979976,4.4341683964420895,1.3711176747253038,3.171979373860202,1.3914957996588941,1.7668533881666275,1.5669184397456697
0.17546134754400614,0.21740550763789537,-1.01823510260995,1.5619040997612412e-15,-4.702586046189735e-16,-0.8330561848038184,-0.5265389578861129,-0.24567999097441567,-0.08653149796194909,-0.6375367207814826,-0.7036987523430789,-0.5473811167784729
-0.14729948003749252,-0.09046147842738089,-1.0310459657527866,1.5619040997612412e-15,-4.702586046189735e-16,-0.8318467170794297,-0.5474008476919515,-0.3601267300748146,-0.21051676971893588,-0.5663711913510806,-0.7773250727948866,-0.6285558305901946
-1.3455283160395837,-1.2333978846841787,1.5635662152002217,2.25094103093542,3.8205662802016755,0.4832985586003934,1.1272790454511414,1.2403263408897227,-0.22153184812059518,-0.6891013377762938,-0.7909253113217476,0.16372716102989088
1.3636801923101545,1.3507938350418733,-0.9427327589226185,1.5619040997612412e-15,-4.702586046189735e-16,-0.8309343218460741,-0.5824493933105809,-0.3549697629553572,0.0,-0.4257023565936052,1.7514953978504841,-0.7673347850277911
-0.30568452793601064,-0.24153782712712724,1.173617267119221,0.19344024484601446,-1.4317177815921758,1.8063271089524056,-0.057348519693381936,0.30823263495630343,-0.39680717654628367,-0.6192854262893301,-1.0764846588080443,-0.2593906602009287
0.7341592601675628,0.7503222304299246,0.8790588356228248,1.5619040997612412e-15,-4.702586046189735e-16,0.17097434852981822,-0.576183171901622,-0.3552955647715049,-0.3901145741257228,0.0,-0.9420803290554158,-0.7388247426839515
1.059110443949929,1.0602784984165028,0.13327718708664216,1.5619040997612412e-15,-4.702586046189735e-16,-0.765169835501349,-0.5343795227513974,-0.368217977375878,-0.3952495883587811,0.0,-0.8658646987416849,-0.7647452877921646
0.4741983131416692,0.5023572160406614,0.44984595977257386,1.5619040997612412e-15,-4.702586046189735e-16,0.4112237408917992,-0.573294628006405,-0.33124344420151575,-0.3963756879712939,0.0,-0.7306228345900045,-0.7772580432426934
1.838993285027609,1.8041735415842914,1.1839747700503787,1.5619040997612412e-15,-4.702586046189735e-16,-0.01956827299864943,-0.04846224971155048,-0.31428744615993953,-0.4012404382973491,0.0,-0.5249084331466639,-0.7838127657036764
-0.6956259484748503,-0.6134853487110212,1.7782230866093292,1.090299561859344,0.7708529539987944,1.664662812076893,0.11591946202549852,-0.17412476742456715,-0.1031060647016745,-0.6470352275626174,-0.8858458765476395,-0.5328339491658616
0.4461839628841673,0.47563559171908437,-1.0008204504998275,1.5619040997612412e-15,-4.702586046189735e-16,-0.8340602034591558,-0.04376828869351083,0.018052424981401177,-0.23452079333655332,0.9319131192798025,0.19694095312579124,0.7649329691683084
-0.03985020524567743,0.01202953522173642,-1.028177606214723,1.5619040997612412e-15,-4.702586046189735e-16,-0.8322090548008165,-0.44490134419596444,-0.2640945723520184,-0.012551069399322254,-0.4774879306926162,-0.5494844343429415,-0.478233025697925
0.3117227212504858,0.347379082047372,1.7207821858196517,2.374039368564698,0.5167101768152208,-0.03613719660982053,-0.21939289063428813,0.44170524055664595,-0.413042157276936,-0.7179862703148248,-1.0944318245020155,-0.5349903022062029
0.0,0.0,-1.006758822524658,1.5619040997612412e-15,-4.702586046189735e-16,-0.8324995906112357,-0.499422952029214,-0.3299603883338801,-0.15218421462460657,-0.6393340759487857,-0.7523511197611507,-0.5624776125514376
-0.5006552382054308,-0.4275115879190746,1.2753561548221437,-1.1606414690760711,2.9734236895897643,1.9479914058279186,-0.4860887764256306,-0.35537885191680324,-0.33101660736805316,-0.2548466642724042,0.3600862485182693,1.6849899223666136
-1.9629355652260805,-1.8223147938586783,0.6953685712362412,-0.8089319329924136,-1.4317177815921758,1.6174413797850555,-0.4626037971724525,0.8261479462492362,-0.40393828859724684,-0.6927097783377523,-1.0904435654589106,0.11811881727253372
-0.40516741973815545,-0.33643006759410493,-1.0254068011311348,1.5619040997612412e-15,-4.702586046189735e-16,-0.8311743423801787,-0.531653633517151,-0.32688362737878535,-0.11754406233174243,-0.5044917350713569,-0.7063836975460135,-0.592736185735008
-0.6481053440699526,-0.5681575889461161,-1.006758822524658,1.5619040997612412e-15,-4.702586046189735e-16,-0.8317728700496516,0.42885258736645954,0.1595243140470571,-0.1938233234808885,1.4030777904295815,0.7537946908238944,0.7649058366346352
-0.3832321392444278,-0.3155069935497642,-1.0116481252564575,1.5619040997612412e-15,-4.702586046189735e-16,-0.8341257430128933,-0.45219386281167917,0.03833738000093107,0.32968862295957546,2.1352026367748533,-0.020752903835445605,-0.08433714852978395
0.11134283458168262,0.15624575202376823,-1.0183670139043186,1.5619040997612412e-15,-4.702586046189735e-16,-0.8308426975293705,-0.41280879595821024,-0.2797421048573924,-0.08461850957915419,-0.4135771634505076,-0.3546646289139275,-0.5235281740934093
-0.5331503565836675,-0.4585072147177325,1.765321922515405,1.1430559922718933,1.1944242493047497,1.6174413797850555,-0.2957358567303522,-0.013793285393482865,-0.3677778382704283,-0.5901324360625854,-1.0258337689606145,-0.5392439301213968
0.7016641417893261,0.7193266036312667,0.8285632031698541,1.5619040997612412e-15,-4.702586046189735e-16,-0.02785273480423498,-0.5703258467807654,-0.3650807442580533,-0.38146612910162464,0.0,-0.8859655243189326,-0.7748742392652201
0.8714451822099257,0.8812730752554245,-0.9383555658043279,1.5619040997612412e-15,-4.702586046189735e-16,-0.8189025658683403,-0.3925638960713478,-0.28610108591235517,-0.0700693971778565,-0.4385718834243861,1.7569491805674387,-0.5114466806846149
1.7189061322775794,1.6896278265440217,-0.9557091189760383,1.5619040997612412e-15,-4.702586046189735e-16,-0.8033765574133969,1.9835746985901026,0.7681194319106692,1.0994768954163716,0.23471095569802145,1.7642931168985623,1.9242785071884694
-0.12375838502935588,-0.0680066903939684,-1.0048166828149283,1.5619040997612412e-15,-4.702586046189735e-16,-0.8273254656617113,0.17863635103559744,0.37232096096126854,0.22397135843122282,0.8514793182718859,0.31380838500512787,-0.13042889169609184
0.3117227212504858,0.347379082047372,0.6188121145190527,1.5619040997612412e-15,-4.702586046189735e-16,-0.5746272139728813,-0.5262755523787052,-0.3500668429084638,-0.4029521097083686,0.0,-0.4756135513738899,-0.7613069385607162
-0.5981405933401409,-0.5204984683150483,0.06724443695583433,1.5619040997612412e-15,-4.702586046189735e-16,-0.7486009118901779,-0.43087336650611957,-0.23309286522957237,-0.40060982251434196,0.0,-0.0903078452195446,-0.755165763258155
0.23653231882727327,0.27565835079096035,-0.9700278611374346,1.5619040997612412e-15,-4.702586046189735e-16,-0.8239097936575149,3.5324978260582123,0.3992746899920152,1.6471925793758642,0.8067060205237193,1.7622044744118581,2.8464415387944575
0.0,-0.9234416166976002,0.5944646612496621,-0.4220514433003878,3.3969949848957195,1.9007699735360812,-0.37220523192625743,-0.17537275674204508,-0.40977312564151513,-0.7122059007186555,-0.752239198603632,0.0941330820840789
-2.027925801982554,-1.884306047455994,1.0643033567415943,1.1958124226844427,-1.9400033359593225,1.2868913537421918,-0.3756920089886907,-0.1583015765310764,-0.41468289870031894,-0.7181179437433945,-0.7801570119053649,-0.5124224429894795
-1.410518552796057,-1.2953891382814946,1.2152464239075467,-1.002372177838425,-1.9400033359593225,1.5702199474932175,-0.4976745873392392,-0.18363010609048572,-0.3042723451602669,-0.7281245150552607,-1.0385961978985496,1.726787724449943
0.9936419732867718,0.997831079080029,-0.9704057405417611,1.5619040997612412e-15,-4.702586046189735e-16,-0.8332758312367375,-0.07132903226827925,-0.21259701718329943,0.0,-0.4445234317740715,1.758395526298854,-0.5024392483983018
0.8346831558335376,0.8462074374983364,-0.9358324441284891,1.5619040997612412e-15,-4.702586046189735e-16,-0.8093834295957999,3.435270740797079,1.2903294192648338,3.2679773690270837,1.5280247644525342,1.767190266038525,1.0747849153999551
-0.987221042719502,-0.8916247483686613,-0.986733651480689,1.5619040997612412e-15,-4.702586046189735e-16,-0.8299896163418082,0.6244767369175381,0.5656961032189173,0.6357451210226487,1.4648127967649514,0.7683294294942704,0.2879353387607161
-0.7931113036095603,-0.7064722291069949,0.8033153869433686,1.5619040997612412e-15,-4.702586046189735e-16,-0.1769730473047749,-0.049906521659158945,-0.31428744615993953,-0.38763715497819473,0.0,-0.1168297678561909,-0.7367392834421967
-0.825606421987797,-0.7374678559056528,0.8567123659831588,3.007116533515286,0.5167101768152208,0.15274853255753,-0.13224177062157896,-0.3113397580789043,-0.41077928156454574,-0.09771145383731544,-1.0306196798123402,-0.4059045106131645
-0.4433332027333652,-0.3728346854332684,-1.0281223593316842,1.5619040997612412e-15,-4.702586046189735e-16,-0.8311707268587886,-0.5036190914429229,-0.29066531065279794,-0.05505230547964895,-0.643138263490362,-0.5879146344371677,-0.5220579507020444
0.44170319476343256,0.47136158924200355,0.47509377599905916,1.5619040997612412e-15,-4.702586046189735e-16,0.7177488276984645,-0.42894767057597494,-0.3154825825857775,-0.3990783270413246,0.0,-0.6866323373445596,-0.6756642759598703
0.1099179788824984,0.15488664648121284,-1.0106431019441173,1.5619040997612412e-15,-4.702586046189735e-16,-0.8328096038872544,-0.26321289900355793,-0.18646168956595663,-0.2793099892413765,0.4034929535709314,-0.05531287940707718,0.18804780088599515
0.0,-0.9234416166976002,0.9870687914571994,1.8992314948517592,2.0415668399166607,1.145227056866679,-0.4522407803068465,0.07879085850485713,-0.2673286665175228,-0.704883527217059,-0.5396848315995872,0.0
-0.17790290809738768,-0.11965270721020578,-1.000932403395469,1.5619040997612412e-15,-4.702586046189735e-16,-0.8334278406724481,-0.2625853680577485,-0.23999483470837482,-0.2776792220065782,0.3523457035364973,0.006173932782940477,0.4156255094223535
0.428429195617358,0.4587001205602035,-0.9681438160702002,1.5619040997612412e-15,-4.702586046189735e-16,-0.8072700672746077,2.9655539841424328,1.461176713991118,1.5813037721457486,0.23326207656889691,1.7670555147302354,2.3936450685610846
-0.0033350832777502074,0.046859662007283545,-1.0319653166213953,1.5619040997612412e-15,-4.702586046189735e-16,-0.8316233054580334,-0.5525098677305648,-0.33800930148258895,-0.2776717552003995,-0.18367870891479388,-0.7162173230903172,-0.5807501475176329
-1.9629355652260805,-1.8223147938586783,0.6009860315700483,-1.0375431314467918,4.074709057385248,1.8063271089524056,-0.17140332989193163,-0.17198077416997887,-0.36248088247184795,-0.47139498454663326,-0.25450447002416526,0.328171234667979
0.11675201098106634,0.16140532125542534,0.6576607965043895,-1.9168169716559387,-1.685860558775749,1.8063271089524056,-0.10331810114905653,-0.32637440482319197,-0.32081630226032504,-0.1721648481012125,-0.2732492875267573,0.580405462222431
-0.728121066853087,-0.6444809755096792,0.6940659410380571,0.6154916881464054,-2.7871459265712337,1.3813342183258672,-0.351051928874169,-0.2855842087544512,-0.3819561649422841,-0.7167602484738841,-0.5141401337302813,-0.5568492234370607
-0.7606161852313237,-0.6754766023083371,0.3993503273196032,1.5619040997612412e-15,-4.702586046189735e-16,0.10469865408513382,-0.517609920693054,-0.33176631638781984,-0.3843939880941579,0.0,-0.7062944544270658,-0.7418052361328618
-1.0570389817280745,-0.958220929252573,-1.0300644990414136,1.5619040997612412e-15,-4.702586046189735e-16,-0.8314988434981497,-0.46491120013681725,-0.29932758200002235,-0.12054201480908472,-0.645912745934372,-0.36808674979779393,-0.5013547293939795
0.6691690234110894,0.6883309768326088,0.4925730333866259,1.5619040997612412e-15,-4.702586046189735e-16,-0.4586447486946836,-0.5479396315928331,-0.31376457397363544,-0.39844771125831746,0.0,-0.6791344103435228,-0.7850268220044713
0.44170319476343256,0.47136158924200355,0.5702586217758117,1.5619040997612412e-15,-4.702586046189735e-16,-0.27638658897180146,0.8291736704518984,-0.16676279359556498,-0.3969612597698005,0.0,0.7829613548586609,-0.620889954826925
0.21564826516161686,0.25573799457224405,-0.9578522202327343,1.5619040997612412e-15,-4.702586046189735e-16,-0.796682242089854,4.508623499070964,1.6161312369065028,4.900422479185265,2.318488463804503,1.766920763820772,5.380189985533459
-0.24800581629609003,-0.186520707342891,-1.0199423677117438,1.5619040997612412e-15,-4.702586046189735e-16,-0.8325752260243526,-0.5274933800729514,-0.3249527429039953,-0.23389918567478651,-0.5107986919809603,-0.8774223103973817,-0.6076788282589053
1.1565957990846392,1.1532653788124765,0.7120348205860757,1.5619040997612412e-15,-4.702586046189735e-16,-0.11898181466567603,0.722618495650558,-0.13217853327287868,-0.4047088251038885,0.0,0.570267500089887,-0.5588342497974845
0.40920807638519585,0.4403659624433457,0.5294736878714891,1.5619040997612412e-15,-4.702586046189735e-16,0.07156080686279162,-0.4943410948704722,-0.31518379847931804,-0.4030421976773696,0.0,-0.8625544437359081,-0.749550383628444
0.21776622548825042,0.25775822133660214,-1.0016650983239992,1.5619040997612412e-15,-4.702586046189735e-16,-0.8329756377238395,-0.4054132905624901,-0.2629241272953462,-0.2620653878719718,-0.5212315000001739,1.7603084333296897,-0.16581751392380983
0.36069261118456547,0.3940892498670608,-1.0191779471541995,1.5619040997612412e-15,-4.702586046189735e-16,-0.8333354395217609,-0.5722545519076789,-0.2794055173159512,-0.12442158914156781,-0.6584762826930595,-1.0061484182351703,-0.5845968071598359
-2.385372104143157,-2.2252579422412304,0.7261182709679264,-3.8863903737244283,-0.8387179681638378,1.4285556506177048,-0.46991559352893714,-0.18150757703792933,-0.3937120575413773,-0.6467345715265492,0.4402502552846739,3.047805043862361
-0.5331503565836675,-0.4585072147177325,2.073524266132035,2.9367746262985523,-1.685860558775749,0.3416342617248805,0.41630082346356595,-0.37693795354743836,0.1038349279915782,-0.22045466006754724,-1.0944318245020155,-0.6731445922017728
-0.825606421987797,-0.7374678559056528,2.0581318533996904,0.36929501288784483,2.2957096171002345,2.1849270134676657,-0.041560936304282016,-0.3941844476409794,-0.37109710565549875,-0.5583587705184554,-0.4323808233466349,0.34837596726515024
-0.5981405933401409,-0.5204984683150483,1.0406061273801,0.5627352577338561,-1.9400033359593225,1.996041284300315,-0.4858513568127417,-0.36856767991868894,-0.32695090367918067,-0.5483856117380543,-1.0517574527407951,-0.22875863139498345
2.721964630749518,2.6464000565747607,-0.9525768941221636,1.5619040997612412e-15,-4.702586046189735e-16,-0.8289230253121425,0.08286370234756517,0.16485630876909527,0.15067807283420423,-0.1511589079258104,1.7609917142325573,0.2668743795171265
-1.313033197661347,-1.202402257885521,0.4624004684364989,-3.3939970232073056,4.24413757550763,1.9479914058279186,-0.468308565211518,-0.35505276088511006,-0.39947702162717585,-0.1492448794665608,1.499133031228972,0.09779592834438483
-0.9230917771225071,-0.8304547363016265,0.8437718081100045,1.4244236211388206,0.9402814721211759,1.0980056245748413,-0.1825616428885092,-0.14310107315320691,-0.23240666757234915,-0.5325209113672088,-0.43561005288169213,0.0
1.9448873629509131,1.9051811231322018,-0.9571814352801592,1.5619040997612412e-15,-4.702586046189735e-16,-0.8057901612890812,-0.5339072361158125,-0.20465063135254594,0.0,-0.5560425194797723,1.7543889089005478,-0.656568210626243
-0.273189409557774,-0.21054220032846935,0.7343465540859629,2.9719455799069205,0.2625673996316471,0.2471913971412052,-0.0398550302407857,0.3061123008464892,-0.3256751950215918,-0.5367089544343719,-1.034607938855445,-0.6016895510430634
-0.825606421987797,-0.7374678559056528,1.1595227727599111,1.0727140850551615,0.09313888150926468,1.9007699735360812,-0.34982874591582563,0.3259649656837901,0.07371647315588066,-0.6391750100026061,-1.0832646991813222,-0.3487759245854903
-1.8820305290412174,-1.74514313137914,-0.9951059842662802,1.5619040997612412e-15,-4.702586046189735e-16,-0.826359981219465,2.1492384239380597,1.359160024049324,1.254838446042687,1.8442466868447316,1.6633039776277436,0.7268948885394904
-0.6956259484748503,-0.6134853487110212,0.4641150827891683,2.84884724227764,1.1944242493047497,0.19996996484936766,-0.2671847473968564,-0.3174421887136062,-0.29100096519773766,-0.7162617164576105,-0.8088724770157188,-0.3917848290613402
-1.6379843814437136,-1.5123585258720995,2.2288838211463835,0.9672012242300645,0.5167101768152208,1.2868913537421918,-0.4803411103804651,0.17517657667831651,-0.41320989927345647,-0.6786297111880656,0.14761623518711567,0.0
1.346933543847377,1.334819962910107,-0.9791419289292627,1.5619040997612412e-15,-4.702586046189735e-16,-0.8262753185348436,1.5024362582464486,0.16882950172182004,0.8423108845325207,0.2693280140970863,1.7594420761813594,1.7096763836759306
0.13556538471733007,0.17935054934677616,-1.006758822524658,1.5619040997612412e-15,-4.702586046189735e-16,-0.8275399608577021,0.6609817783522116,0.3213208353917482,1.7749617201961578,5.813365741356022,2.2085384454645216,1.1369422972015009
0.6366739050328527,0.6573353500339509,0.7741832912974239,1.5619040997612412e-15,-4.702586046189735e-16,-0.34266228341648586,-0.562221876408073,-0.3420743680606724,-0.39750178758380666,0.0,-0.4915665875463087,-0.7680832041422821
-1.4430136711742938,-1.3263847650801524,0.04231896756188518,-2.2861119845437803,0.5167101768152208,1.4757770829095425,-0.3605535354125695,0.19488572863725054,-0.40563838998338103,-0.6552391542340492,-0.4882164499501007,0.4642577888714408
-1.6284061853407814,-1.5032223169081809,-0.9716924110126666,1.5619040997612412e-15,-4.702586046189735e-16,-0.8265543036598302,2.458290789753423,1.1536331015953338,1.703587446173454,3.5250436560678797,1.1240156498668317,0.8721088432580392
0.8641397336805096,0.8743047376245562,-0.06093678388632209,1.5619040997612412e-15,-4.702586046189735e-16,0.6431886714481946,-0.2645413805398708,-0.32601472233847467,-0.38916865045121213,0.0,-0.6722746047893827,-0.761171058780092
0.004049451870774945,0.05390343679465448,-0.9345607137615147,1.5619040997612412e-15,-4.702586046189735e-16,-0.800239535212311,2.6931468199352713,1.2333803207737528,6.636213187189321,0.7774832491362752,1.7698179129607345,0.8874352436025047
0.18174224773753972,0.22339657485274114,0.894595953300662,1.5619040997612412e-15,-4.702586046189735e-16,0.5437751297811679,0.6163040328404858,-0.14816348296846155,-0.37993463362860724,0.0,1.0031531366284716,-0.7817273064619215
0.44170319476343256,0.47136158924200355,1.166495512662812,1.5619040997612412e-15,-4.702586046189735e-16,-0.2101108945271171,-0.5409589838460584,-0.330496483935367,-0.3935379169477617,0.0,-0.8278565900608972,-0.7239281832559494
-0.273189409557774,-0.21054220032846935,1.497831851530137,0.861688363404966,0.5167101768152208,1.664662812076893,-0.049213131431114616,0.9177502748922186,-0.34691866786962583,-0.6685922063155388,-1.086455306415806,-0.5220226448814103
0.44170319476343256,0.47136158924200355,0.8071996663628278,1.5619040997612412e-15,-4.702586046189735e-16,-0.3509467452220714,-0.540317085202677,-0.362316991273303,-0.40421334127438285,0.0,-0.36844903088566655,-0.7672383863757922
0.4741983131416692,0.5023572160406614,0.5722007614855413,1.5619040997612412e-15,-4.702586046189735e-16,-0.43379136327792694,-0.5485012929057919,-0.3301976998289075,-0.39101545381573305,0.0,-0.4572675597756083,-0.7712616094455798
-0.5626139923703507,-0.4866112470940925,-0.9985047287583071,1.5619040997612412e-15,-4.702586046189735e-16,-0.77563099196099,-0.10912374925677994,-0.03700417789251081,-0.23770307800539153,0.9654529016922807,0.2551178453237917,0.797674502915535
-0.538866394134432,-0.46395948495193706,-1.0281223593316842,1.5619040997612412e-15,-4.702586046189735e-16,-0.8311140245310016,-0.545760956426684,-0.32521364545089887,-0.27136498148392785,-0.7156979346598098,-0.6372395142991604,-0.576078451723716
-0.07821869928835382,-0.024568439536522,0.5372422467104078,1.5619040997612412e-15,-4.702586046189735e-16,0.11298311589071937,-0.4461184592864319,-0.3329614528136578,-0.3984927552428179,0.0,-0.783626797272866,-0.7492520388927256
-0.21779887092406372,-0.157707665501325,-0.9931638445565506,1.5619040997612412e-15,-4.702586046189735e-16,-0.8294252945440892,0.25860631791558947,0.15092900648508695,0.21296414101565053,3.9160734999181606,0.9639922436066991,0.4921193261340397
-1.053072250635454,-0.954437243496258,-0.13098695857231551,-2.004744355676853,1.363852767427132,1.8535485412442436,-0.2877743711671259,0.2198966456868596,-0.40253627291351185,-0.6983646829162593,-0.9831593971993943,0.7262694528142899
0.8641397336805096,0.8743047376245562,0.9412073063341734,1.5619040997612412e-15,-4.702586046189735e-16,0.05499188325162052,0.4702720914711792,-0.1591437988808479,-0.3970513477388016,0.0,0.6550180047558619,-0.6488457427362274
2.9423964815857135,2.856660050199898,-0.9967106486519905,1.5619040997612412e-15,-4.702586046189735e-16,-0.8151711605151958,-0.5488981964250177,-0.24372036163106192,0.0,-0.6357977255127185,1.7538499044650424,-0.346974889195929
0.0,-1.5433541526707573,0.1304627996111118,-1.8640605412433895,-1.4317177815921758,0.10552710026569233,-0.3861719379032343,0.4242153362317141,-0.4105989039015635,-0.3965826146405127,-0.5432544247449457,0.4138050355440015
-0.7694771588299474,-0.6839286850962443,-1.006758822524658,1.5619040997612412e-15,-4.702586046189735e-16,-0.8330079727238683,-0.5004897449684917,-0.3171150508469784,-0.26441514745763117,-0.7125219369667474,-0.8338787390157281,-0.568571235897675
0.0,0.0,-1.0198518991539993,1.5619040997612412e-15,-4.702586046189735e-16,-0.8320556391025679,-0.5567118879548613,-0.3383952406589362,-0.10776774634044099,-0.597950480947889,-0.9054593999640779,-0.620657074724541
-0.5345339077378808,-0.45982692171906375,-1.006758822524658,1.5619040997612412e-15,-4.702586046189735e-16,-0.8328997445396934,-0.5387533094601208,-0.3503175946164217,-0.27189626649753446,-0.7039810937680149,-0.8517937484139821,-0.5225998249407188
-0.707949293184234,-0.6252400310321387,-1.0300644990414136,1.5619040997612412e-15,-4.702586046189735e-16,-0.8318580150473549,-0.5259490448004952,-0.3200672818432475,-0.22040289222398124,-0.681589662972134,-0.6992383886794267,-0.5672283022035158
0.8177394894680327,0.8300456388812893,-0.9851944234140046,1.5619040997612412e-15,-4.702586046189735e-16,-0.819980260578733,4.014421507431302,0.9568460945507343,1.4048814993685994,1.1779958958111902,1.7676867883363554,2.23152459234202
-0.37067476469248406,-0.303529080724443,1.3631195042229767,0.49239335051712435,2.0415668399166607,1.8535485412442436,0.4064745884811627,-0.33361176678170584,0.0238274489463158,-0.6184861652160908,0.8283078601787615,-0.5030585537595039
-0.43099293131681815,-0.3610638574901516,-1.0048166828149283,1.5619040997612412e-15,-4.702586046189735e-16,-0.8309208196562496,0.04350341197935759,0.17980451869807842,0.3470844773443585,1.1592448857079647,0.2812657119365666,-0.061582229231500765
